date,platform,country,channel,app_version,successful_sessions,failed_login_sessions
2025-06-01,iOS,US,Organic,4.1,2530,0
2025-06-01,iOS,US,Paid Social,4.1,1352,0
2025-06-01,iOS,US,Push Notification,4.1,1090,0
2025-06-01,iOS,US,Referral,4.1,541,0
2025-06-01,iOS,UK,Organic,4.1,1009,0
2025-06-01,iOS,UK,Paid Social,4.1,563,0
2025-06-01,iOS,UK,Push Notification,4.1,475,0
2025-06-01,iOS,UK,Referral,4.1,250,0
2025-06-01,iOS,DE,Organic,4.1,848,0
2025-06-01,iOS,DE,Paid Social,4.1,460,0
2025-06-01,iOS,DE,Push Notification,4.1,412,0
2025-06-01,iOS,DE,Referral,4.1,191,0
2025-06-01,iOS,IN,Organic,4.1,1616,0
2025-06-01,iOS,IN,Paid Social,4.1,896,0
2025-06-01,iOS,IN,Push Notification,4.1,732,0
2025-06-01,iOS,IN,Referral,4.1,383,0
2025-06-01,iOS,BR,Organic,4.1,1108,0
2025-06-01,iOS,BR,Paid Social,4.1,602,0
2025-06-01,iOS,BR,Push Notification,4.1,468,0
2025-06-01,iOS,BR,Referral,4.1,253,0
2025-06-01,Android,US,Organic,N/A,2326,0
2025-06-01,Android,US,Paid Social,N/A,1291,0
2025-06-01,Android,US,Push Notification,N/A,1031,0
2025-06-01,Android,US,Referral,N/A,514,0
2025-06-01,Android,UK,Organic,N/A,948,0
2025-06-01,Android,UK,Paid Social,N/A,508,0
2025-06-01,Android,UK,Push Notification,N/A,412,0
2025-06-01,Android,UK,Referral,N/A,235,0
2025-06-01,Android,DE,Organic,N/A,800,0
2025-06-01,Android,DE,Paid Social,N/A,440,0
2025-06-01,Android,DE,Push Notification,N/A,363,0
2025-06-01,Android,DE,Referral,N/A,181,0
2025-06-01,Android,IN,Organic,N/A,1530,0
2025-06-01,Android,IN,Paid Social,N/A,792,0
2025-06-01,Android,IN,Push Notification,N/A,689,0
2025-06-01,Android,IN,Referral,N/A,323,0
2025-06-01,Android,BR,Organic,N/A,978,0
2025-06-01,Android,BR,Paid Social,N/A,571,0
2025-06-01,Android,BR,Push Notification,N/A,455,0
2025-06-01,Android,BR,Referral,N/A,209,0
2025-06-01,Web,US,Organic,N/A,1209,0
2025-06-01,Web,US,Paid Social,N/A,719,0
2025-06-01,Web,US,Push Notification,N/A,515,0
2025-06-01,Web,US,Referral,N/A,258,0
2025-06-01,Web,UK,Organic,N/A,557,0
2025-06-01,Web,UK,Paid Social,N/A,302,0
2025-06-01,Web,UK,Push Notification,N/A,230,0
2025-06-01,Web,UK,Referral,N/A,121,0
2025-06-01,Web,DE,Organic,N/A,366,0
2025-06-01,Web,DE,Paid Social,N/A,234,0
2025-06-01,Web,DE,Push Notification,N/A,168,0
2025-06-01,Web,DE,Referral,N/A,80,0
2025-06-01,Web,IN,Organic,N/A,809,0
2025-06-01,Web,IN,Paid Social,N/A,476,0
2025-06-01,Web,IN,Push Notification,N/A,356,0
2025-06-01,Web,IN,Referral,N/A,174,0
2025-06-01,Web,BR,Organic,N/A,502,0
2025-06-01,Web,BR,Paid Social,N/A,298,0
2025-06-01,Web,BR,Push Notification,N/A,242,0
2025-06-01,Web,BR,Referral,N/A,123,0
2025-06-02,iOS,US,Organic,4.1,2985,0
2025-06-02,iOS,US,Paid Social,4.1,1735,0
2025-06-02,iOS,US,Push Notification,4.1,1351,0
2025-06-02,iOS,US,Referral,4.1,637,0
2025-06-02,iOS,UK,Organic,4.1,1241,0
2025-06-02,iOS,UK,Paid Social,4.1,698,0
2025-06-02,iOS,UK,Push Notification,4.1,550,0
2025-06-02,iOS,UK,Referral,4.1,295,0
2025-06-02,iOS,DE,Organic,4.1,1035,0
2025-06-02,iOS,DE,Paid Social,4.1,535,0
2025-06-02,iOS,DE,Push Notification,4.1,443,0
2025-06-02,iOS,DE,Referral,4.1,200,0
2025-06-02,iOS,IN,Organic,4.1,1979,0
2025-06-02,iOS,IN,Paid Social,4.1,1133,0
2025-06-02,iOS,IN,Push Notification,4.1,851,0
2025-06-02,iOS,IN,Referral,4.1,451,0
2025-06-02,iOS,BR,Organic,4.1,1266,0
2025-06-02,iOS,BR,Paid Social,4.1,720,0
2025-06-02,iOS,BR,Push Notification,4.1,610,0
2025-06-02,iOS,BR,Referral,4.1,288,0
2025-06-02,Android,US,Organic,N/A,2590,0
2025-06-02,Android,US,Paid Social,N/A,1343,0
2025-06-02,Android,US,Push Notification,N/A,1063,0
2025-06-02,Android,US,Referral,N/A,533,0
2025-06-02,Android,UK,Organic,N/A,1068,0
2025-06-02,Android,UK,Paid Social,N/A,590,0
2025-06-02,Android,UK,Push Notification,N/A,464,0
2025-06-02,Android,UK,Referral,N/A,209,0
2025-06-02,Android,DE,Organic,N/A,826,0
2025-06-02,Android,DE,Paid Social,N/A,457,0
2025-06-02,Android,DE,Push Notification,N/A,367,0
2025-06-02,Android,DE,Referral,N/A,202,0
2025-06-02,Android,IN,Organic,N/A,1538,0
2025-06-02,Android,IN,Paid Social,N/A,884,0
2025-06-02,Android,IN,Push Notification,N/A,726,0
2025-06-02,Android,IN,Referral,N/A,374,0
2025-06-02,Android,BR,Organic,N/A,1082,0
2025-06-02,Android,BR,Paid Social,N/A,559,0
2025-06-02,Android,BR,Push Notification,N/A,466,0
2025-06-02,Android,BR,Referral,N/A,226,0
2025-06-02,Web,US,Organic,N/A,1290,0
2025-06-02,Web,US,Paid Social,N/A,768,0
2025-06-02,Web,US,Push Notification,N/A,579,0
2025-06-02,Web,US,Referral,N/A,315,0
2025-06-02,Web,UK,Organic,N/A,575,0
2025-06-02,Web,UK,Paid Social,N/A,326,0
2025-06-02,Web,UK,Push Notification,N/A,258,0
2025-06-02,Web,UK,Referral,N/A,141,0
2025-06-02,Web,DE,Organic,N/A,456,0
2025-06-02,Web,DE,Paid Social,N/A,284,0
2025-06-02,Web,DE,Push Notification,N/A,225,0
2025-06-02,Web,DE,Referral,N/A,118,0
2025-06-02,Web,IN,Organic,N/A,933,0
2025-06-02,Web,IN,Paid Social,N/A,527,0
2025-06-02,Web,IN,Push Notification,N/A,404,0
2025-06-02,Web,IN,Referral,N/A,217,0
2025-06-02,Web,BR,Organic,N/A,576,0
2025-06-02,Web,BR,Paid Social,N/A,305,0
2025-06-02,Web,BR,Push Notification,N/A,265,0
2025-06-02,Web,BR,Referral,N/A,115,0
2025-06-03,iOS,US,Organic,4.1,2913,0
2025-06-03,iOS,US,Paid Social,4.1,1694,0
2025-06-03,iOS,US,Push Notification,4.1,1319,0
2025-06-03,iOS,US,Referral,4.1,643,0
2025-06-03,iOS,UK,Organic,4.1,1285,0
2025-06-03,iOS,UK,Paid Social,4.1,630,0
2025-06-03,iOS,UK,Push Notification,4.1,586,0
2025-06-03,iOS,UK,Referral,4.1,302,0
2025-06-03,iOS,DE,Organic,4.1,993,0
2025-06-03,iOS,DE,Paid Social,4.1,554,0
2025-06-03,iOS,DE,Push Notification,4.1,469,0
2025-06-03,iOS,DE,Referral,4.1,218,0
2025-06-03,iOS,IN,Organic,4.1,1912,0
2025-06-03,iOS,IN,Paid Social,4.1,1076,0
2025-06-03,iOS,IN,Push Notification,4.1,850,0
2025-06-03,iOS,IN,Referral,4.1,433,0
2025-06-03,iOS,BR,Organic,4.1,1334,0
2025-06-03,iOS,BR,Paid Social,4.1,653,0
2025-06-03,iOS,BR,Push Notification,4.1,580,0
2025-06-03,iOS,BR,Referral,4.1,295,0
2025-06-03,Android,US,Organic,N/A,2528,0
2025-06-03,Android,US,Paid Social,N/A,1447,0
2025-06-03,Android,US,Push Notification,N/A,1130,0
2025-06-03,Android,US,Referral,N/A,539,0
2025-06-03,Android,UK,Organic,N/A,1087,0
2025-06-03,Android,UK,Paid Social,N/A,598,0
2025-06-03,Android,UK,Push Notification,N/A,457,0
2025-06-03,Android,UK,Referral,N/A,217,0
2025-06-03,Android,DE,Organic,N/A,856,0
2025-06-03,Android,DE,Paid Social,N/A,451,0
2025-06-03,Android,DE,Push Notification,N/A,367,0
2025-06-03,Android,DE,Referral,N/A,187,0
2025-06-03,Android,IN,Organic,N/A,1672,0
2025-06-03,Android,IN,Paid Social,N/A,902,0
2025-06-03,Android,IN,Push Notification,N/A,751,0
2025-06-03,Android,IN,Referral,N/A,397,0
2025-06-03,Android,BR,Organic,N/A,1097,0
2025-06-03,Android,BR,Paid Social,N/A,617,0
2025-06-03,Android,BR,Push Notification,N/A,482,0
2025-06-03,Android,BR,Referral,N/A,220,0
2025-06-03,Web,US,Organic,N/A,1329,0
2025-06-03,Web,US,Paid Social,N/A,767,0
2025-06-03,Web,US,Push Notification,N/A,630,0
2025-06-03,Web,US,Referral,N/A,288,0
2025-06-03,Web,UK,Organic,N/A,573,0
2025-06-03,Web,UK,Paid Social,N/A,321,0
2025-06-03,Web,UK,Push Notification,N/A,256,0
2025-06-03,Web,UK,Referral,N/A,119,0
2025-06-03,Web,DE,Organic,N/A,436,0
2025-06-03,Web,DE,Paid Social,N/A,252,0
2025-06-03,Web,DE,Push Notification,N/A,221,0
2025-06-03,Web,DE,Referral,N/A,99,0
2025-06-03,Web,IN,Organic,N/A,852,0
2025-06-03,Web,IN,Paid Social,N/A,494,0
2025-06-03,Web,IN,Push Notification,N/A,403,0
2025-06-03,Web,IN,Referral,N/A,207,0
2025-06-03,Web,BR,Organic,N/A,596,0
2025-06-03,Web,BR,Paid Social,N/A,321,0
2025-06-03,Web,BR,Push Notification,N/A,244,0
2025-06-03,Web,BR,Referral,N/A,146,0
2025-06-04,iOS,US,Organic,4.1,2957,0
2025-06-04,iOS,US,Paid Social,4.1,1667,0
2025-06-04,iOS,US,Push Notification,4.1,1265,0
2025-06-04,iOS,US,Referral,4.1,668,0
2025-06-04,iOS,UK,Organic,4.1,1276,0
2025-06-04,iOS,UK,Paid Social,4.1,714,0
2025-06-04,iOS,UK,Push Notification,4.1,592,0
2025-06-04,iOS,UK,Referral,4.1,265,0
2025-06-04,iOS,DE,Organic,4.1,985,0
2025-06-04,iOS,DE,Paid Social,4.1,546,0
2025-06-04,iOS,DE,Push Notification,4.1,468,0
2025-06-04,iOS,DE,Referral,4.1,219,0
2025-06-04,iOS,IN,Organic,4.1,1981,0
2025-06-04,iOS,IN,Paid Social,4.1,1023,0
2025-06-04,iOS,IN,Push Notification,4.1,887,0
2025-06-04,iOS,IN,Referral,4.1,399,0
2025-06-04,iOS,BR,Organic,4.1,1323,0
2025-06-04,iOS,BR,Paid Social,4.1,714,0
2025-06-04,iOS,BR,Push Notification,4.1,560,0
2025-06-04,iOS,BR,Referral,4.1,275,0
2025-06-04,Android,US,Organic,N/A,2394,0
2025-06-04,Android,US,Paid Social,N/A,1334,0
2025-06-04,Android,US,Push Notification,N/A,1086,0
2025-06-04,Android,US,Referral,N/A,501,0
2025-06-04,Android,UK,Organic,N/A,1070,0
2025-06-04,Android,UK,Paid Social,N/A,592,0
2025-06-04,Android,UK,Push Notification,N/A,451,0
2025-06-04,Android,UK,Referral,N/A,241,0
2025-06-04,Android,DE,Organic,N/A,805,0
2025-06-04,Android,DE,Paid Social,N/A,439,0
2025-06-04,Android,DE,Push Notification,N/A,388,0
2025-06-04,Android,DE,Referral,N/A,188,0
2025-06-04,Android,IN,Organic,N/A,1567,0
2025-06-04,Android,IN,Paid Social,N/A,893,0
2025-06-04,Android,IN,Push Notification,N/A,697,0
2025-06-04,Android,IN,Referral,N/A,391,0
2025-06-04,Android,BR,Organic,N/A,1036,0
2025-06-04,Android,BR,Paid Social,N/A,580,0
2025-06-04,Android,BR,Push Notification,N/A,460,0
2025-06-04,Android,BR,Referral,N/A,223,0
2025-06-04,Web,US,Organic,N/A,1397,0
2025-06-04,Web,US,Paid Social,N/A,758,0
2025-06-04,Web,US,Push Notification,N/A,618,0
2025-06-04,Web,US,Referral,N/A,318,0
2025-06-04,Web,UK,Organic,N/A,597,0
2025-06-04,Web,UK,Paid Social,N/A,313,0
2025-06-04,Web,UK,Push Notification,N/A,253,0
2025-06-04,Web,UK,Referral,N/A,133,0
2025-06-04,Web,DE,Organic,N/A,484,0
2025-06-04,Web,DE,Paid Social,N/A,241,0
2025-06-04,Web,DE,Push Notification,N/A,200,0
2025-06-04,Web,DE,Referral,N/A,98,0
2025-06-04,Web,IN,Organic,N/A,859,0
2025-06-04,Web,IN,Paid Social,N/A,500,0
2025-06-04,Web,IN,Push Notification,N/A,441,0
2025-06-04,Web,IN,Referral,N/A,185,0
2025-06-04,Web,BR,Organic,N/A,631,0
2025-06-04,Web,BR,Paid Social,N/A,337,0
2025-06-04,Web,BR,Push Notification,N/A,251,0
2025-06-04,Web,BR,Referral,N/A,157,0
2025-06-05,iOS,US,Organic,4.1,2999,0
2025-06-05,iOS,US,Paid Social,4.1,1645,0
2025-06-05,iOS,US,Push Notification,4.1,1360,0
2025-06-05,iOS,US,Referral,4.1,661,0
2025-06-05,iOS,UK,Organic,4.1,1218,0
2025-06-05,iOS,UK,Paid Social,4.1,685,0
2025-06-05,iOS,UK,Push Notification,4.1,527,0
2025-06-05,iOS,UK,Referral,4.1,303,0
2025-06-05,iOS,DE,Organic,4.1,1043,0
2025-06-05,iOS,DE,Paid Social,4.1,530,0
2025-06-05,iOS,DE,Push Notification,4.1,440,0
2025-06-05,iOS,DE,Referral,4.1,208,0
2025-06-05,iOS,IN,Organic,4.1,1951,0
2025-06-05,iOS,IN,Paid Social,4.1,1073,0
2025-06-05,iOS,IN,Push Notification,4.1,897,0
2025-06-05,iOS,IN,Referral,4.1,435,0
2025-06-05,iOS,BR,Organic,4.1,1280,0
2025-06-05,iOS,BR,Paid Social,4.1,684,0
2025-06-05,iOS,BR,Push Notification,4.1,554,0
2025-06-05,iOS,BR,Referral,4.1,292,0
2025-06-05,Android,US,Organic,N/A,2397,0
2025-06-05,Android,US,Paid Social,N/A,1307,0
2025-06-05,Android,US,Push Notification,N/A,1090,0
2025-06-05,Android,US,Referral,N/A,540,0
2025-06-05,Android,UK,Organic,N/A,1056,0
2025-06-05,Android,UK,Paid Social,N/A,536,0
2025-06-05,Android,UK,Push Notification,N/A,497,0
2025-06-05,Android,UK,Referral,N/A,208,0
2025-06-05,Android,DE,Organic,N/A,803,0
2025-06-05,Android,DE,Paid Social,N/A,492,0
2025-06-05,Android,DE,Push Notification,N/A,387,0
2025-06-05,Android,DE,Referral,N/A,180,0
2025-06-05,Android,IN,Organic,N/A,1561,0
2025-06-05,Android,IN,Paid Social,N/A,902,0
2025-06-05,Android,IN,Push Notification,N/A,690,0
2025-06-05,Android,IN,Referral,N/A,349,0
2025-06-05,Android,BR,Organic,N/A,1003,0
2025-06-05,Android,BR,Paid Social,N/A,617,0
2025-06-05,Android,BR,Push Notification,N/A,427,0
2025-06-05,Android,BR,Referral,N/A,234,0
2025-06-05,Web,US,Organic,N/A,1415,0
2025-06-05,Web,US,Paid Social,N/A,784,0
2025-06-05,Web,US,Push Notification,N/A,612,0
2025-06-05,Web,US,Referral,N/A,290,0
2025-06-05,Web,UK,Organic,N/A,609,0
2025-06-05,Web,UK,Paid Social,N/A,335,0
2025-06-05,Web,UK,Push Notification,N/A,252,0
2025-06-05,Web,UK,Referral,N/A,140,0
2025-06-05,Web,DE,Organic,N/A,508,0
2025-06-05,Web,DE,Paid Social,N/A,256,0
2025-06-05,Web,DE,Push Notification,N/A,205,0
2025-06-05,Web,DE,Referral,N/A,101,0
2025-06-05,Web,IN,Organic,N/A,992,0
2025-06-05,Web,IN,Paid Social,N/A,519,0
2025-06-05,Web,IN,Push Notification,N/A,410,0
2025-06-05,Web,IN,Referral,N/A,217,0
2025-06-05,Web,BR,Organic,N/A,648,0
2025-06-05,Web,BR,Paid Social,N/A,311,0
2025-06-05,Web,BR,Push Notification,N/A,301,0
2025-06-05,Web,BR,Referral,N/A,120,0
2025-06-06,iOS,US,Organic,4.1,2732,0
2025-06-06,iOS,US,Paid Social,4.1,1439,0
2025-06-06,iOS,US,Push Notification,4.1,1216,0
2025-06-06,iOS,US,Referral,4.1,643,0
2025-06-06,iOS,UK,Organic,4.1,1163,0
2025-06-06,iOS,UK,Paid Social,4.1,596,0
2025-06-06,iOS,UK,Push Notification,4.1,510,0
2025-06-06,iOS,UK,Referral,4.1,257,0
2025-06-06,iOS,DE,Organic,4.1,933,0
2025-06-06,iOS,DE,Paid Social,4.1,535,0
2025-06-06,iOS,DE,Push Notification,4.1,454,0
2025-06-06,iOS,DE,Referral,4.1,206,0
2025-06-06,iOS,IN,Organic,4.1,1782,0
2025-06-06,iOS,IN,Paid Social,4.1,972,0
2025-06-06,iOS,IN,Push Notification,4.1,799,0
2025-06-06,iOS,IN,Referral,4.1,383,0
2025-06-06,iOS,BR,Organic,4.1,1138,0
2025-06-06,iOS,BR,Paid Social,4.1,662,0
2025-06-06,iOS,BR,Push Notification,4.1,491,0
2025-06-06,iOS,BR,Referral,4.1,220,0
2025-06-06,Android,US,Organic,N/A,2437,0
2025-06-06,Android,US,Paid Social,N/A,1245,0
2025-06-06,Android,US,Push Notification,N/A,1077,0
2025-06-06,Android,US,Referral,N/A,512,0
2025-06-06,Android,UK,Organic,N/A,953,0
2025-06-06,Android,UK,Paid Social,N/A,591,0
2025-06-06,Android,UK,Push Notification,N/A,438,0
2025-06-06,Android,UK,Referral,N/A,239,0
2025-06-06,Android,DE,Organic,N/A,795,0
2025-06-06,Android,DE,Paid Social,N/A,447,0
2025-06-06,Android,DE,Push Notification,N/A,346,0
2025-06-06,Android,DE,Referral,N/A,176,0
2025-06-06,Android,IN,Organic,N/A,1565,0
2025-06-06,Android,IN,Paid Social,N/A,843,0
2025-06-06,Android,IN,Push Notification,N/A,656,0
2025-06-06,Android,IN,Referral,N/A,339,0
2025-06-06,Android,BR,Organic,N/A,1001,0
2025-06-06,Android,BR,Paid Social,N/A,572,0
2025-06-06,Android,BR,Push Notification,N/A,501,0
2025-06-06,Android,BR,Referral,N/A,217,0
2025-06-06,Web,US,Organic,N/A,1335,0
2025-06-06,Web,US,Paid Social,N/A,721,0
2025-06-06,Web,US,Push Notification,N/A,534,0
2025-06-06,Web,US,Referral,N/A,287,0
2025-06-06,Web,UK,Organic,N/A,590,0
2025-06-06,Web,UK,Paid Social,N/A,304,0
2025-06-06,Web,UK,Push Notification,N/A,246,0
2025-06-06,Web,UK,Referral,N/A,112,0
2025-06-06,Web,DE,Organic,N/A,439,0
2025-06-06,Web,DE,Paid Social,N/A,242,0
2025-06-06,Web,DE,Push Notification,N/A,188,0
2025-06-06,Web,DE,Referral,N/A,89,0
2025-06-06,Web,IN,Organic,N/A,902,0
2025-06-06,Web,IN,Paid Social,N/A,443,0
2025-06-06,Web,IN,Push Notification,N/A,365,0
2025-06-06,Web,IN,Referral,N/A,184,0
2025-06-06,Web,BR,Organic,N/A,588,0
2025-06-06,Web,BR,Paid Social,N/A,313,0
2025-06-06,Web,BR,Push Notification,N/A,230,0
2025-06-06,Web,BR,Referral,N/A,120,0
2025-06-07,iOS,US,Organic,4.1,2504,0
2025-06-07,iOS,US,Paid Social,4.1,1399,0
2025-06-07,iOS,US,Push Notification,4.1,1088,0
2025-06-07,iOS,US,Referral,4.1,554,0
2025-06-07,iOS,UK,Organic,4.1,1123,0
2025-06-07,iOS,UK,Paid Social,4.1,613,0
2025-06-07,iOS,UK,Push Notification,4.1,465,0
2025-06-07,iOS,UK,Referral,4.1,249,0
2025-06-07,iOS,DE,Organic,4.1,901,0
2025-06-07,iOS,DE,Paid Social,4.1,511,0
2025-06-07,iOS,DE,Push Notification,4.1,365,0
2025-06-07,iOS,DE,Referral,4.1,190,0
2025-06-07,iOS,IN,Organic,4.1,1644,0
2025-06-07,iOS,IN,Paid Social,4.1,920,0
2025-06-07,iOS,IN,Push Notification,4.1,781,0
2025-06-07,iOS,IN,Referral,4.1,365,0
2025-06-07,iOS,BR,Organic,4.1,1092,0
2025-06-07,iOS,BR,Paid Social,4.1,553,0
2025-06-07,iOS,BR,Push Notification,4.1,492,0
2025-06-07,iOS,BR,Referral,4.1,222,0
2025-06-07,Android,US,Organic,N/A,2217,0
2025-06-07,Android,US,Paid Social,N/A,1280,0
2025-06-07,Android,US,Push Notification,N/A,1072,0
2025-06-07,Android,US,Referral,N/A,502,0
2025-06-07,Android,UK,Organic,N/A,988,0
2025-06-07,Android,UK,Paid Social,N/A,491,0
2025-06-07,Android,UK,Push Notification,N/A,421,0
2025-06-07,Android,UK,Referral,N/A,209,0
2025-06-07,Android,DE,Organic,N/A,742,0
2025-06-07,Android,DE,Paid Social,N/A,432,0
2025-06-07,Android,DE,Push Notification,N/A,353,0
2025-06-07,Android,DE,Referral,N/A,162,0
2025-06-07,Android,IN,Organic,N/A,1477,0
2025-06-07,Android,IN,Paid Social,N/A,821,0
2025-06-07,Android,IN,Push Notification,N/A,691,0
2025-06-07,Android,IN,Referral,N/A,313,0
2025-06-07,Android,BR,Organic,N/A,918,0
2025-06-07,Android,BR,Paid Social,N/A,561,0
2025-06-07,Android,BR,Push Notification,N/A,433,0
2025-06-07,Android,BR,Referral,N/A,211,0
2025-06-07,Web,US,Organic,N/A,1263,0
2025-06-07,Web,US,Paid Social,N/A,656,0
2025-06-07,Web,US,Push Notification,N/A,525,0
2025-06-07,Web,US,Referral,N/A,287,0
2025-06-07,Web,UK,Organic,N/A,552,0
2025-06-07,Web,UK,Paid Social,N/A,285,0
2025-06-07,Web,UK,Push Notification,N/A,242,0
2025-06-07,Web,UK,Referral,N/A,121,0
2025-06-07,Web,DE,Organic,N/A,438,0
2025-06-07,Web,DE,Paid Social,N/A,227,0
2025-06-07,Web,DE,Push Notification,N/A,205,0
2025-06-07,Web,DE,Referral,N/A,88,0
2025-06-07,Web,IN,Organic,N/A,821,0
2025-06-07,Web,IN,Paid Social,N/A,441,0
2025-06-07,Web,IN,Push Notification,N/A,328,0
2025-06-07,Web,IN,Referral,N/A,146,0
2025-06-07,Web,BR,Organic,N/A,477,0
2025-06-07,Web,BR,Paid Social,N/A,290,0
2025-06-07,Web,BR,Push Notification,N/A,243,0
2025-06-07,Web,BR,Referral,N/A,127,0
2025-06-08,iOS,US,Organic,4.1,2556,0
2025-06-08,iOS,US,Paid Social,4.1,1487,0
2025-06-08,iOS,US,Push Notification,4.1,1207,0
2025-06-08,iOS,US,Referral,4.1,603,0
2025-06-08,iOS,UK,Organic,4.1,1144,0
2025-06-08,iOS,UK,Paid Social,4.1,591,0
2025-06-08,iOS,UK,Push Notification,4.1,464,0
2025-06-08,iOS,UK,Referral,4.1,248,0
2025-06-08,iOS,DE,Organic,4.1,952,0
2025-06-08,iOS,DE,Paid Social,4.1,502,0
2025-06-08,iOS,DE,Push Notification,4.1,370,0
2025-06-08,iOS,DE,Referral,4.1,208,0
2025-06-08,iOS,IN,Organic,4.1,1699,0
2025-06-08,iOS,IN,Paid Social,4.1,981,0
2025-06-08,iOS,IN,Push Notification,4.1,813,0
2025-06-08,iOS,IN,Referral,4.1,358,0
2025-06-08,iOS,BR,Organic,4.1,1145,0
2025-06-08,iOS,BR,Paid Social,4.1,618,0
2025-06-08,iOS,BR,Push Notification,4.1,533,0
2025-06-08,iOS,BR,Referral,4.1,257,0
2025-06-08,Android,US,Organic,N/A,2397,0
2025-06-08,Android,US,Paid Social,N/A,1415,0
2025-06-08,Android,US,Push Notification,N/A,1087,0
2025-06-08,Android,US,Referral,N/A,526,0
2025-06-08,Android,UK,Organic,N/A,1023,0
2025-06-08,Android,UK,Paid Social,N/A,612,0
2025-06-08,Android,UK,Push Notification,N/A,421,0
2025-06-08,Android,UK,Referral,N/A,214,0
2025-06-08,Android,DE,Organic,N/A,849,0
2025-06-08,Android,DE,Paid Social,N/A,475,0
2025-06-08,Android,DE,Push Notification,N/A,373,0
2025-06-08,Android,DE,Referral,N/A,188,0
2025-06-08,Android,IN,Organic,N/A,1582,0
2025-06-08,Android,IN,Paid Social,N/A,857,0
2025-06-08,Android,IN,Push Notification,N/A,669,0
2025-06-08,Android,IN,Referral,N/A,323,0
2025-06-08,Android,BR,Organic,N/A,1108,0
2025-06-08,Android,BR,Paid Social,N/A,563,0
2025-06-08,Android,BR,Push Notification,N/A,450,0
2025-06-08,Android,BR,Referral,N/A,237,0
2025-06-08,Web,US,Organic,N/A,1139,0
2025-06-08,Web,US,Paid Social,N/A,637,0
2025-06-08,Web,US,Push Notification,N/A,483,0
2025-06-08,Web,US,Referral,N/A,252,0
2025-06-08,Web,UK,Organic,N/A,493,0
2025-06-08,Web,UK,Paid Social,N/A,259,0
2025-06-08,Web,UK,Push Notification,N/A,226,0
2025-06-08,Web,UK,Referral,N/A,89,0
2025-06-08,Web,DE,Organic,N/A,409,0
2025-06-08,Web,DE,Paid Social,N/A,234,0
2025-06-08,Web,DE,Push Notification,N/A,196,0
2025-06-08,Web,DE,Referral,N/A,84,0
2025-06-08,Web,IN,Organic,N/A,751,0
2025-06-08,Web,IN,Paid Social,N/A,415,0
2025-06-08,Web,IN,Push Notification,N/A,318,0
2025-06-08,Web,IN,Referral,N/A,158,0
2025-06-08,Web,BR,Organic,N/A,502,0
2025-06-08,Web,BR,Paid Social,N/A,293,0
2025-06-08,Web,BR,Push Notification,N/A,212,0
2025-06-08,Web,BR,Referral,N/A,108,0
2025-06-09,iOS,US,Organic,4.1,2893,0
2025-06-09,iOS,US,Paid Social,4.1,1612,0
2025-06-09,iOS,US,Push Notification,4.1,1247,0
2025-06-09,iOS,US,Referral,4.1,602,0
2025-06-09,iOS,UK,Organic,4.1,1179,0
2025-06-09,iOS,UK,Paid Social,4.1,700,0
2025-06-09,iOS,UK,Push Notification,4.1,526,0
2025-06-09,iOS,UK,Referral,4.1,264,0
2025-06-09,iOS,DE,Organic,4.1,930,0
2025-06-09,iOS,DE,Paid Social,4.1,530,0
2025-06-09,iOS,DE,Push Notification,4.1,444,0
2025-06-09,iOS,DE,Referral,4.1,222,0
2025-06-09,iOS,IN,Organic,4.1,1805,0
2025-06-09,iOS,IN,Paid Social,4.1,1034,0
2025-06-09,iOS,IN,Push Notification,4.1,800,0
2025-06-09,iOS,IN,Referral,4.1,386,0
2025-06-09,iOS,BR,Organic,4.1,1236,0
2025-06-09,iOS,BR,Paid Social,4.1,692,0
2025-06-09,iOS,BR,Push Notification,4.1,557,0
2025-06-09,iOS,BR,Referral,4.1,267,0
2025-06-09,Android,US,Organic,N/A,2656,0
2025-06-09,Android,US,Paid Social,N/A,1416,0
2025-06-09,Android,US,Push Notification,N/A,1196,0
2025-06-09,Android,US,Referral,N/A,571,0
2025-06-09,Android,UK,Organic,N/A,1121,0
2025-06-09,Android,UK,Paid Social,N/A,634,0
2025-06-09,Android,UK,Push Notification,N/A,500,0
2025-06-09,Android,UK,Referral,N/A,266,0
2025-06-09,Android,DE,Organic,N/A,859,0
2025-06-09,Android,DE,Paid Social,N/A,506,0
2025-06-09,Android,DE,Push Notification,N/A,360,0
2025-06-09,Android,DE,Referral,N/A,165,0
2025-06-09,Android,IN,Organic,N/A,1687,0
2025-06-09,Android,IN,Paid Social,N/A,962,0
2025-06-09,Android,IN,Push Notification,N/A,756,0
2025-06-09,Android,IN,Referral,N/A,405,0
2025-06-09,Android,BR,Organic,N/A,1083,0
2025-06-09,Android,BR,Paid Social,N/A,598,0
2025-06-09,Android,BR,Push Notification,N/A,484,0
2025-06-09,Android,BR,Referral,N/A,261,0
2025-06-09,Web,US,Organic,N/A,1234,0
2025-06-09,Web,US,Paid Social,N/A,722,0
2025-06-09,Web,US,Push Notification,N/A,553,0
2025-06-09,Web,US,Referral,N/A,296,0
2025-06-09,Web,UK,Organic,N/A,528,0
2025-06-09,Web,UK,Paid Social,N/A,274,0
2025-06-09,Web,UK,Push Notification,N/A,244,0
2025-06-09,Web,UK,Referral,N/A,123,0
2025-06-09,Web,DE,Organic,N/A,431,0
2025-06-09,Web,DE,Paid Social,N/A,266,0
2025-06-09,Web,DE,Push Notification,N/A,162,0
2025-06-09,Web,DE,Referral,N/A,92,0
2025-06-09,Web,IN,Organic,N/A,887,0
2025-06-09,Web,IN,Paid Social,N/A,465,0
2025-06-09,Web,IN,Push Notification,N/A,379,0
2025-06-09,Web,IN,Referral,N/A,173,0
2025-06-09,Web,BR,Organic,N/A,554,0
2025-06-09,Web,BR,Paid Social,N/A,289,0
2025-06-09,Web,BR,Push Notification,N/A,231,0
2025-06-09,Web,BR,Referral,N/A,113,0
2025-06-10,iOS,US,Organic,4.1,2814,0
2025-06-10,iOS,US,Paid Social,4.1,1501,0
2025-06-10,iOS,US,Push Notification,4.1,1206,0
2025-06-10,iOS,US,Referral,4.1,648,0
2025-06-10,iOS,UK,Organic,4.1,1188,0
2025-06-10,iOS,UK,Paid Social,4.1,660,0
2025-06-10,iOS,UK,Push Notification,4.1,508,0
2025-06-10,iOS,UK,Referral,4.1,256,0
2025-06-10,iOS,DE,Organic,4.1,967,0
2025-06-10,iOS,DE,Paid Social,4.1,528,0
2025-06-10,iOS,DE,Push Notification,4.1,412,0
2025-06-10,iOS,DE,Referral,4.1,215,0
2025-06-10,iOS,IN,Organic,4.1,1872,0
2025-06-10,iOS,IN,Paid Social,4.1,952,0
2025-06-10,iOS,IN,Push Notification,4.1,791,0
2025-06-10,iOS,IN,Referral,4.1,417,0
2025-06-10,iOS,BR,Organic,4.1,1174,0
2025-06-10,iOS,BR,Paid Social,4.1,626,0
2025-06-10,iOS,BR,Push Notification,4.1,519,0
2025-06-10,iOS,BR,Referral,4.1,258,0
2025-06-10,Android,US,Organic,N/A,2437,0
2025-06-10,Android,US,Paid Social,N/A,1366,0
2025-06-10,Android,US,Push Notification,N/A,1116,0
2025-06-10,Android,US,Referral,N/A,568,0
2025-06-10,Android,UK,Organic,N/A,1068,0
2025-06-10,Android,UK,Paid Social,N/A,597,0
2025-06-10,Android,UK,Push Notification,N/A,382,0
2025-06-10,Android,UK,Referral,N/A,246,0
2025-06-10,Android,DE,Organic,N/A,850,0
2025-06-10,Android,DE,Paid Social,N/A,440,0
2025-06-10,Android,DE,Push Notification,N/A,370,0
2025-06-10,Android,DE,Referral,N/A,187,0
2025-06-10,Android,IN,Organic,N/A,1646,0
2025-06-10,Android,IN,Paid Social,N/A,903,0
2025-06-10,Android,IN,Push Notification,N/A,704,0
2025-06-10,Android,IN,Referral,N/A,374,0
2025-06-10,Android,BR,Organic,N/A,1054,0
2025-06-10,Android,BR,Paid Social,N/A,596,0
2025-06-10,Android,BR,Push Notification,N/A,445,0
2025-06-10,Android,BR,Referral,N/A,257,0
2025-06-10,Web,US,Organic,N/A,1279,0
2025-06-10,Web,US,Paid Social,N/A,722,0
2025-06-10,Web,US,Push Notification,N/A,545,0
2025-06-10,Web,US,Referral,N/A,294,0
2025-06-10,Web,UK,Organic,N/A,543,0
2025-06-10,Web,UK,Paid Social,N/A,286,0
2025-06-10,Web,UK,Push Notification,N/A,222,0
2025-06-10,Web,UK,Referral,N/A,119,0
2025-06-10,Web,DE,Organic,N/A,435,0
2025-06-10,Web,DE,Paid Social,N/A,248,0
2025-06-10,Web,DE,Push Notification,N/A,173,0
2025-06-10,Web,DE,Referral,N/A,105,0
2025-06-10,Web,IN,Organic,N/A,831,0
2025-06-10,Web,IN,Paid Social,N/A,469,0
2025-06-10,Web,IN,Push Notification,N/A,352,0
2025-06-10,Web,IN,Referral,N/A,219,0
2025-06-10,Web,BR,Organic,N/A,539,0
2025-06-10,Web,BR,Paid Social,N/A,315,0
2025-06-10,Web,BR,Push Notification,N/A,245,0
2025-06-10,Web,BR,Referral,N/A,127,0
2025-06-11,iOS,US,Organic,4.1,2842,0
2025-06-11,iOS,US,Paid Social,4.1,1531,0
2025-06-11,iOS,US,Push Notification,4.1,1278,0
2025-06-11,iOS,US,Referral,4.1,628,0
2025-06-11,iOS,UK,Organic,4.1,1227,0
2025-06-11,iOS,UK,Paid Social,4.1,679,0
2025-06-11,iOS,UK,Push Notification,4.1,540,0
2025-06-11,iOS,UK,Referral,4.1,277,0
2025-06-11,iOS,DE,Organic,4.1,946,0
2025-06-11,iOS,DE,Paid Social,4.1,522,0
2025-06-11,iOS,DE,Push Notification,4.1,427,0
2025-06-11,iOS,DE,Referral,4.1,234,0
2025-06-11,iOS,IN,Organic,4.1,1856,0
2025-06-11,iOS,IN,Paid Social,4.1,1061,0
2025-06-11,iOS,IN,Push Notification,4.1,788,0
2025-06-11,iOS,IN,Referral,4.1,422,0
2025-06-11,iOS,BR,Organic,4.1,1227,0
2025-06-11,iOS,BR,Paid Social,4.1,645,0
2025-06-11,iOS,BR,Push Notification,4.1,534,0
2025-06-11,iOS,BR,Referral,4.1,257,0
2025-06-11,Android,US,Organic,N/A,2400,0
2025-06-11,Android,US,Paid Social,N/A,1384,0
2025-06-11,Android,US,Push Notification,N/A,1122,0
2025-06-11,Android,US,Referral,N/A,586,0
2025-06-11,Android,UK,Organic,N/A,1016,0
2025-06-11,Android,UK,Paid Social,N/A,583,0
2025-06-11,Android,UK,Push Notification,N/A,473,0
2025-06-11,Android,UK,Referral,N/A,247,0
2025-06-11,Android,DE,Organic,N/A,839,0
2025-06-11,Android,DE,Paid Social,N/A,470,0
2025-06-11,Android,DE,Push Notification,N/A,387,0
2025-06-11,Android,DE,Referral,N/A,186,0
2025-06-11,Android,IN,Organic,N/A,1645,0
2025-06-11,Android,IN,Paid Social,N/A,911,0
2025-06-11,Android,IN,Push Notification,N/A,682,0
2025-06-11,Android,IN,Referral,N/A,399,0
2025-06-11,Android,BR,Organic,N/A,1082,0
2025-06-11,Android,BR,Paid Social,N/A,618,0
2025-06-11,Android,BR,Push Notification,N/A,479,0
2025-06-11,Android,BR,Referral,N/A,226,0
2025-06-11,Web,US,Organic,N/A,1377,0
2025-06-11,Web,US,Paid Social,N/A,819,0
2025-06-11,Web,US,Push Notification,N/A,639,0
2025-06-11,Web,US,Referral,N/A,282,0
2025-06-11,Web,UK,Organic,N/A,591,0
2025-06-11,Web,UK,Paid Social,N/A,321,0
2025-06-11,Web,UK,Push Notification,N/A,265,0
2025-06-11,Web,UK,Referral,N/A,125,0
2025-06-11,Web,DE,Organic,N/A,424,0
2025-06-11,Web,DE,Paid Social,N/A,246,0
2025-06-11,Web,DE,Push Notification,N/A,196,0
2025-06-11,Web,DE,Referral,N/A,122,0
2025-06-11,Web,IN,Organic,N/A,896,0
2025-06-11,Web,IN,Paid Social,N/A,478,0
2025-06-11,Web,IN,Push Notification,N/A,386,0
2025-06-11,Web,IN,Referral,N/A,183,0
2025-06-11,Web,BR,Organic,N/A,583,0
2025-06-11,Web,BR,Paid Social,N/A,324,0
2025-06-11,Web,BR,Push Notification,N/A,300,0
2025-06-11,Web,BR,Referral,N/A,117,0
2025-06-12,iOS,US,Organic,4.1,2819,0
2025-06-12,iOS,US,Paid Social,4.1,1533,0
2025-06-12,iOS,US,Push Notification,4.1,1204,0
2025-06-12,iOS,US,Referral,4.1,594,0
2025-06-12,iOS,UK,Organic,4.1,1151,0
2025-06-12,iOS,UK,Paid Social,4.1,657,0
2025-06-12,iOS,UK,Push Notification,4.1,509,0
2025-06-12,iOS,UK,Referral,4.1,224,0
2025-06-12,iOS,DE,Organic,4.1,890,0
2025-06-12,iOS,DE,Paid Social,4.1,525,0
2025-06-12,iOS,DE,Push Notification,4.1,450,0
2025-06-12,iOS,DE,Referral,4.1,219,0
2025-06-12,iOS,IN,Organic,4.1,1829,0
2025-06-12,iOS,IN,Paid Social,4.1,1029,0
2025-06-12,iOS,IN,Push Notification,4.1,819,0
2025-06-12,iOS,IN,Referral,4.1,406,0
2025-06-12,iOS,BR,Organic,4.1,1141,0
2025-06-12,iOS,BR,Paid Social,4.1,653,0
2025-06-12,iOS,BR,Push Notification,4.1,515,0
2025-06-12,iOS,BR,Referral,4.1,239,0
2025-06-12,Android,US,Organic,N/A,2524,0
2025-06-12,Android,US,Paid Social,N/A,1371,0
2025-06-12,Android,US,Push Notification,N/A,1124,0
2025-06-12,Android,US,Referral,N/A,544,0
2025-06-12,Android,UK,Organic,N/A,1086,0
2025-06-12,Android,UK,Paid Social,N/A,594,0
2025-06-12,Android,UK,Push Notification,N/A,425,0
2025-06-12,Android,UK,Referral,N/A,226,0
2025-06-12,Android,DE,Organic,N/A,796,0
2025-06-12,Android,DE,Paid Social,N/A,478,0
2025-06-12,Android,DE,Push Notification,N/A,350,0
2025-06-12,Android,DE,Referral,N/A,212,0
2025-06-12,Android,IN,Organic,N/A,1650,0
2025-06-12,Android,IN,Paid Social,N/A,931,0
2025-06-12,Android,IN,Push Notification,N/A,723,0
2025-06-12,Android,IN,Referral,N/A,387,0
2025-06-12,Android,BR,Organic,N/A,992,0
2025-06-12,Android,BR,Paid Social,N/A,602,0
2025-06-12,Android,BR,Push Notification,N/A,457,0
2025-06-12,Android,BR,Referral,N/A,229,0
2025-06-12,Web,US,Organic,N/A,1296,0
2025-06-12,Web,US,Paid Social,N/A,759,0
2025-06-12,Web,US,Push Notification,N/A,592,0
2025-06-12,Web,US,Referral,N/A,279,0
2025-06-12,Web,UK,Organic,N/A,503,0
2025-06-12,Web,UK,Paid Social,N/A,300,0
2025-06-12,Web,UK,Push Notification,N/A,232,0
2025-06-12,Web,UK,Referral,N/A,115,0
2025-06-12,Web,DE,Organic,N/A,432,0
2025-06-12,Web,DE,Paid Social,N/A,232,0
2025-06-12,Web,DE,Push Notification,N/A,198,0
2025-06-12,Web,DE,Referral,N/A,99,0
2025-06-12,Web,IN,Organic,N/A,865,0
2025-06-12,Web,IN,Paid Social,N/A,460,0
2025-06-12,Web,IN,Push Notification,N/A,374,0
2025-06-12,Web,IN,Referral,N/A,187,0
2025-06-12,Web,BR,Organic,N/A,554,0
2025-06-12,Web,BR,Paid Social,N/A,339,0
2025-06-12,Web,BR,Push Notification,N/A,233,0
2025-06-12,Web,BR,Referral,N/A,114,0
2025-06-13,iOS,US,Organic,4.1,2846,0
2025-06-13,iOS,US,Paid Social,4.1,1515,0
2025-06-13,iOS,US,Push Notification,4.1,1299,0
2025-06-13,iOS,US,Referral,4.1,629,0
2025-06-13,iOS,UK,Organic,4.1,1178,0
2025-06-13,iOS,UK,Paid Social,4.1,680,0
2025-06-13,iOS,UK,Push Notification,4.1,521,0
2025-06-13,iOS,UK,Referral,4.1,284,0
2025-06-13,iOS,DE,Organic,4.1,1012,0
2025-06-13,iOS,DE,Paid Social,4.1,552,0
2025-06-13,iOS,DE,Push Notification,4.1,416,0
2025-06-13,iOS,DE,Referral,4.1,221,0
2025-06-13,iOS,IN,Organic,4.1,1921,0
2025-06-13,iOS,IN,Paid Social,4.1,980,0
2025-06-13,iOS,IN,Push Notification,4.1,819,0
2025-06-13,iOS,IN,Referral,4.1,416,0
2025-06-13,iOS,BR,Organic,4.1,1195,0
2025-06-13,iOS,BR,Paid Social,4.1,675,0
2025-06-13,iOS,BR,Push Notification,4.1,574,0
2025-06-13,iOS,BR,Referral,4.1,242,0
2025-06-13,Android,US,Organic,N/A,2428,0
2025-06-13,Android,US,Paid Social,N/A,1385,0
2025-06-13,Android,US,Push Notification,N/A,1071,0
2025-06-13,Android,US,Referral,N/A,569,0
2025-06-13,Android,UK,Organic,N/A,1043,0
2025-06-13,Android,UK,Paid Social,N/A,605,0
2025-06-13,Android,UK,Push Notification,N/A,446,0
2025-06-13,Android,UK,Referral,N/A,237,0
2025-06-13,Android,DE,Organic,N/A,850,0
2025-06-13,Android,DE,Paid Social,N/A,456,0
2025-06-13,Android,DE,Push Notification,N/A,385,0
2025-06-13,Android,DE,Referral,N/A,203,0
2025-06-13,Android,IN,Organic,N/A,1575,0
2025-06-13,Android,IN,Paid Social,N/A,903,0
2025-06-13,Android,IN,Push Notification,N/A,725,0
2025-06-13,Android,IN,Referral,N/A,375,0
2025-06-13,Android,BR,Organic,N/A,1047,0
2025-06-13,Android,BR,Paid Social,N/A,583,0
2025-06-13,Android,BR,Push Notification,N/A,472,0
2025-06-13,Android,BR,Referral,N/A,231,0
2025-06-13,Web,US,Organic,N/A,1330,0
2025-06-13,Web,US,Paid Social,N/A,772,0
2025-06-13,Web,US,Push Notification,N/A,610,0
2025-06-13,Web,US,Referral,N/A,277,0
2025-06-13,Web,UK,Organic,N/A,549,0
2025-06-13,Web,UK,Paid Social,N/A,289,0
2025-06-13,Web,UK,Push Notification,N/A,268,0
2025-06-13,Web,UK,Referral,N/A,123,0
2025-06-13,Web,DE,Organic,N/A,447,0
2025-06-13,Web,DE,Paid Social,N/A,264,0
2025-06-13,Web,DE,Push Notification,N/A,197,0
2025-06-13,Web,DE,Referral,N/A,99,0
2025-06-13,Web,IN,Organic,N/A,870,0
2025-06-13,Web,IN,Paid Social,N/A,470,0
2025-06-13,Web,IN,Push Notification,N/A,338,0
2025-06-13,Web,IN,Referral,N/A,190,0
2025-06-13,Web,BR,Organic,N/A,553,0
2025-06-13,Web,BR,Paid Social,N/A,322,0
2025-06-13,Web,BR,Push Notification,N/A,252,0
2025-06-13,Web,BR,Referral,N/A,129,0
2025-06-14,iOS,US,Organic,4.1,2586,0
2025-06-14,iOS,US,Paid Social,4.1,1432,0
2025-06-14,iOS,US,Push Notification,4.1,1152,0
2025-06-14,iOS,US,Referral,4.1,577,0
2025-06-14,iOS,UK,Organic,4.1,1128,0
2025-06-14,iOS,UK,Paid Social,4.1,620,0
2025-06-14,iOS,UK,Push Notification,4.1,491,0
2025-06-14,iOS,UK,Referral,4.1,261,0
2025-06-14,iOS,DE,Organic,4.1,914,0
2025-06-14,iOS,DE,Paid Social,4.1,521,0
2025-06-14,iOS,DE,Push Notification,4.1,409,0
2025-06-14,iOS,DE,Referral,4.1,177,0
2025-06-14,iOS,IN,Organic,4.1,1684,0
2025-06-14,iOS,IN,Paid Social,4.1,956,0
2025-06-14,iOS,IN,Push Notification,4.1,738,0
2025-06-14,iOS,IN,Referral,4.1,336,0
2025-06-14,iOS,BR,Organic,4.1,1064,0
2025-06-14,iOS,BR,Paid Social,4.1,597,0
2025-06-14,iOS,BR,Push Notification,4.1,472,0
2025-06-14,iOS,BR,Referral,4.1,230,0
2025-06-14,Android,US,Organic,N/A,2225,0
2025-06-14,Android,US,Paid Social,N/A,1206,0
2025-06-14,Android,US,Push Notification,N/A,1022,0
2025-06-14,Android,US,Referral,N/A,485,0
2025-06-14,Android,UK,Organic,N/A,934,0
2025-06-14,Android,UK,Paid Social,N/A,512,0
2025-06-14,Android,UK,Push Notification,N/A,425,0
2025-06-14,Android,UK,Referral,N/A,224,0
2025-06-14,Android,DE,Organic,N/A,765,0
2025-06-14,Android,DE,Paid Social,N/A,419,0
2025-06-14,Android,DE,Push Notification,N/A,328,0
2025-06-14,Android,DE,Referral,N/A,172,0
2025-06-14,Android,IN,Organic,N/A,1384,0
2025-06-14,Android,IN,Paid Social,N/A,787,0
2025-06-14,Android,IN,Push Notification,N/A,698,0
2025-06-14,Android,IN,Referral,N/A,283,0
2025-06-14,Android,BR,Organic,N/A,953,0
2025-06-14,Android,BR,Paid Social,N/A,516,0
2025-06-14,Android,BR,Push Notification,N/A,429,0
2025-06-14,Android,BR,Referral,N/A,229,0
2025-06-14,Web,US,Organic,N/A,1165,0
2025-06-14,Web,US,Paid Social,N/A,648,0
2025-06-14,Web,US,Push Notification,N/A,515,0
2025-06-14,Web,US,Referral,N/A,245,0
2025-06-14,Web,UK,Organic,N/A,460,0
2025-06-14,Web,UK,Paid Social,N/A,253,0
2025-06-14,Web,UK,Push Notification,N/A,226,0
2025-06-14,Web,UK,Referral,N/A,123,0
2025-06-14,Web,DE,Organic,N/A,400,0
2025-06-14,Web,DE,Paid Social,N/A,226,0
2025-06-14,Web,DE,Push Notification,N/A,161,0
2025-06-14,Web,DE,Referral,N/A,76,0
2025-06-14,Web,IN,Organic,N/A,739,0
2025-06-14,Web,IN,Paid Social,N/A,435,0
2025-06-14,Web,IN,Push Notification,N/A,298,0
2025-06-14,Web,IN,Referral,N/A,185,0
2025-06-14,Web,BR,Organic,N/A,517,0
2025-06-14,Web,BR,Paid Social,N/A,274,0
2025-06-14,Web,BR,Push Notification,N/A,221,0
2025-06-14,Web,BR,Referral,N/A,120,0
2025-06-15,iOS,US,Organic,4.1,2761,0
2025-06-15,iOS,US,Paid Social,4.1,1568,0
2025-06-15,iOS,US,Push Notification,4.1,1281,0
2025-06-15,iOS,US,Referral,4.1,589,0
2025-06-15,iOS,UK,Organic,4.1,1137,0
2025-06-15,iOS,UK,Paid Social,4.1,637,0
2025-06-15,iOS,UK,Push Notification,4.1,515,0
2025-06-15,iOS,UK,Referral,4.1,249,0
2025-06-15,iOS,DE,Organic,4.1,914,0
2025-06-15,iOS,DE,Paid Social,4.1,482,0
2025-06-15,iOS,DE,Push Notification,4.1,395,0
2025-06-15,iOS,DE,Referral,4.1,224,0
2025-06-15,iOS,IN,Organic,4.1,1820,0
2025-06-15,iOS,IN,Paid Social,4.1,1031,0
2025-06-15,iOS,IN,Push Notification,4.1,814,0
2025-06-15,iOS,IN,Referral,4.1,384,0
2025-06-15,iOS,BR,Organic,4.1,1205,0
2025-06-15,iOS,BR,Paid Social,4.1,646,0
2025-06-15,iOS,BR,Push Notification,4.1,526,0
2025-06-15,iOS,BR,Referral,4.1,272,0
2025-06-15,Android,US,Organic,N/A,2386,0
2025-06-15,Android,US,Paid Social,N/A,1291,0
2025-06-15,Android,US,Push Notification,N/A,1014,0
2025-06-15,Android,US,Referral,N/A,541,0
2025-06-15,Android,UK,Organic,N/A,952,0
2025-06-15,Android,UK,Paid Social,N/A,565,0
2025-06-15,Android,UK,Push Notification,N/A,436,0
2025-06-15,Android,UK,Referral,N/A,216,0
2025-06-15,Android,DE,Organic,N/A,850,0
2025-06-15,Android,DE,Paid Social,N/A,445,0
2025-06-15,Android,DE,Push Notification,N/A,390,0
2025-06-15,Android,DE,Referral,N/A,196,0
2025-06-15,Android,IN,Organic,N/A,1494,0
2025-06-15,Android,IN,Paid Social,N/A,897,0
2025-06-15,Android,IN,Push Notification,N/A,663,0
2025-06-15,Android,IN,Referral,N/A,370,0
2025-06-15,Android,BR,Organic,N/A,929,0
2025-06-15,Android,BR,Paid Social,N/A,592,0
2025-06-15,Android,BR,Push Notification,N/A,440,0
2025-06-15,Android,BR,Referral,N/A,242,0
2025-06-15,Web,US,Organic,N/A,1163,0
2025-06-15,Web,US,Paid Social,N/A,650,0
2025-06-15,Web,US,Push Notification,N/A,478,0
2025-06-15,Web,US,Referral,N/A,269,0
2025-06-15,Web,UK,Organic,N/A,442,0
2025-06-15,Web,UK,Paid Social,N/A,263,0
2025-06-15,Web,UK,Push Notification,N/A,197,0
2025-06-15,Web,UK,Referral,N/A,137,0
2025-06-15,Web,DE,Organic,N/A,375,0
2025-06-15,Web,DE,Paid Social,N/A,199,0
2025-06-15,Web,DE,Push Notification,N/A,193,0
2025-06-15,Web,DE,Referral,N/A,76,0
2025-06-15,Web,IN,Organic,N/A,774,0
2025-06-15,Web,IN,Paid Social,N/A,390,0
2025-06-15,Web,IN,Push Notification,N/A,329,0
2025-06-15,Web,IN,Referral,N/A,178,0
2025-06-15,Web,BR,Organic,N/A,468,0
2025-06-15,Web,BR,Paid Social,N/A,247,0
2025-06-15,Web,BR,Push Notification,N/A,211,0
2025-06-15,Web,BR,Referral,N/A,124,0
2025-06-16,iOS,US,Organic,4.1,2889,0
2025-06-16,iOS,US,Paid Social,4.1,1600,0
2025-06-16,iOS,US,Push Notification,4.1,1233,0
2025-06-16,iOS,US,Referral,4.1,619,0
2025-06-16,iOS,UK,Organic,4.1,1222,0
2025-06-16,iOS,UK,Paid Social,4.1,707,0
2025-06-16,iOS,UK,Push Notification,4.1,521,0
2025-06-16,iOS,UK,Referral,4.1,274,0
2025-06-16,iOS,DE,Organic,4.1,959,0
2025-06-16,iOS,DE,Paid Social,4.1,555,0
2025-06-16,iOS,DE,Push Notification,4.1,406,0
2025-06-16,iOS,DE,Referral,4.1,213,0
2025-06-16,iOS,IN,Organic,4.1,1848,0
2025-06-16,iOS,IN,Paid Social,4.1,1041,0
2025-06-16,iOS,IN,Push Notification,4.1,764,0
2025-06-16,iOS,IN,Referral,4.1,400,0
2025-06-16,iOS,BR,Organic,4.1,1198,0
2025-06-16,iOS,BR,Paid Social,4.1,663,0
2025-06-16,iOS,BR,Push Notification,4.1,556,0
2025-06-16,iOS,BR,Referral,4.1,271,0
2025-06-16,Android,US,Organic,N/A,2621,0
2025-06-16,Android,US,Paid Social,N/A,1436,0
2025-06-16,Android,US,Push Notification,N/A,1186,0
2025-06-16,Android,US,Referral,N/A,574,0
2025-06-16,Android,UK,Organic,N/A,1144,0
2025-06-16,Android,UK,Paid Social,N/A,654,0
2025-06-16,Android,UK,Push Notification,N/A,557,0
2025-06-16,Android,UK,Referral,N/A,266,0
2025-06-16,Android,DE,Organic,N/A,896,0
2025-06-16,Android,DE,Paid Social,N/A,446,0
2025-06-16,Android,DE,Push Notification,N/A,451,0
2025-06-16,Android,DE,Referral,N/A,197,0
2025-06-16,Android,IN,Organic,N/A,1747,0
2025-06-16,Android,IN,Paid Social,N/A,952,0
2025-06-16,Android,IN,Push Notification,N/A,751,0
2025-06-16,Android,IN,Referral,N/A,383,0
2025-06-16,Android,BR,Organic,N/A,1193,0
2025-06-16,Android,BR,Paid Social,N/A,702,0
2025-06-16,Android,BR,Push Notification,N/A,523,0
2025-06-16,Android,BR,Referral,N/A,276,0
2025-06-16,Web,US,Organic,N/A,1312,0
2025-06-16,Web,US,Paid Social,N/A,733,0
2025-06-16,Web,US,Push Notification,N/A,574,0
2025-06-16,Web,US,Referral,N/A,313,0
2025-06-16,Web,UK,Organic,N/A,596,0
2025-06-16,Web,UK,Paid Social,N/A,315,0
2025-06-16,Web,UK,Push Notification,N/A,265,0
2025-06-16,Web,UK,Referral,N/A,126,0
2025-06-16,Web,DE,Organic,N/A,463,0
2025-06-16,Web,DE,Paid Social,N/A,237,0
2025-06-16,Web,DE,Push Notification,N/A,197,0
2025-06-16,Web,DE,Referral,N/A,124,0
2025-06-16,Web,IN,Organic,N/A,881,0
2025-06-16,Web,IN,Paid Social,N/A,441,0
2025-06-16,Web,IN,Push Notification,N/A,389,0
2025-06-16,Web,IN,Referral,N/A,202,0
2025-06-16,Web,BR,Organic,N/A,535,0
2025-06-16,Web,BR,Paid Social,N/A,343,0
2025-06-16,Web,BR,Push Notification,N/A,231,0
2025-06-16,Web,BR,Referral,N/A,125,0
2025-06-17,iOS,US,Organic,4.1,2783,0
2025-06-17,iOS,US,Paid Social,4.1,1594,0
2025-06-17,iOS,US,Push Notification,4.1,1223,0
2025-06-17,iOS,US,Referral,4.1,648,0
2025-06-17,iOS,UK,Organic,4.1,1171,0
2025-06-17,iOS,UK,Paid Social,4.1,665,0
2025-06-17,iOS,UK,Push Notification,4.1,539,0
2025-06-17,iOS,UK,Referral,4.1,248,0
2025-06-17,iOS,DE,Organic,4.1,949,0
2025-06-17,iOS,DE,Paid Social,4.1,526,0
2025-06-17,iOS,DE,Push Notification,4.1,449,0
2025-06-17,iOS,DE,Referral,4.1,222,0
2025-06-17,iOS,IN,Organic,4.1,1839,0
2025-06-17,iOS,IN,Paid Social,4.1,1023,0
2025-06-17,iOS,IN,Push Notification,4.1,788,0
2025-06-17,iOS,IN,Referral,4.1,415,0
2025-06-17,iOS,BR,Organic,4.1,1255,0
2025-06-17,iOS,BR,Paid Social,4.1,683,0
2025-06-17,iOS,BR,Push Notification,4.1,587,0
2025-06-17,iOS,BR,Referral,4.1,278,0
2025-06-17,Android,US,Organic,N/A,2474,0
2025-06-17,Android,US,Paid Social,N/A,1332,0
2025-06-17,Android,US,Push Notification,N/A,1141,0
2025-06-17,Android,US,Referral,N/A,581,0
2025-06-17,Android,UK,Organic,N/A,1111,0
2025-06-17,Android,UK,Paid Social,N/A,575,0
2025-06-17,Android,UK,Push Notification,N/A,486,0
2025-06-17,Android,UK,Referral,N/A,236,0
2025-06-17,Android,DE,Organic,N/A,822,0
2025-06-17,Android,DE,Paid Social,N/A,458,0
2025-06-17,Android,DE,Push Notification,N/A,379,0
2025-06-17,Android,DE,Referral,N/A,174,0
2025-06-17,Android,IN,Organic,N/A,1647,0
2025-06-17,Android,IN,Paid Social,N/A,914,0
2025-06-17,Android,IN,Push Notification,N/A,765,0
2025-06-17,Android,IN,Referral,N/A,370,0
2025-06-17,Android,BR,Organic,N/A,1015,0
2025-06-17,Android,BR,Paid Social,N/A,609,0
2025-06-17,Android,BR,Push Notification,N/A,507,0
2025-06-17,Android,BR,Referral,N/A,212,0
2025-06-17,Web,US,Organic,N/A,1274,0
2025-06-17,Web,US,Paid Social,N/A,704,0
2025-06-17,Web,US,Push Notification,N/A,599,0
2025-06-17,Web,US,Referral,N/A,316,0
2025-06-17,Web,UK,Organic,N/A,608,0
2025-06-17,Web,UK,Paid Social,N/A,317,0
2025-06-17,Web,UK,Push Notification,N/A,249,0
2025-06-17,Web,UK,Referral,N/A,119,0
2025-06-17,Web,DE,Organic,N/A,475,0
2025-06-17,Web,DE,Paid Social,N/A,234,0
2025-06-17,Web,DE,Push Notification,N/A,198,0
2025-06-17,Web,DE,Referral,N/A,100,0
2025-06-17,Web,IN,Organic,N/A,839,0
2025-06-17,Web,IN,Paid Social,N/A,508,0
2025-06-17,Web,IN,Push Notification,N/A,382,0
2025-06-17,Web,IN,Referral,N/A,161,0
2025-06-17,Web,BR,Organic,N/A,576,0
2025-06-17,Web,BR,Paid Social,N/A,308,0
2025-06-17,Web,BR,Push Notification,N/A,228,0
2025-06-17,Web,BR,Referral,N/A,134,0
2025-06-18,iOS,US,Organic,4.1,2629,0
2025-06-18,iOS,US,Paid Social,4.1,1473,0
2025-06-18,iOS,US,Push Notification,4.1,1222,0
2025-06-18,iOS,US,Referral,4.1,600,0
2025-06-18,iOS,UK,Organic,4.1,1200,0
2025-06-18,iOS,UK,Paid Social,4.1,631,0
2025-06-18,iOS,UK,Push Notification,4.1,543,0
2025-06-18,iOS,UK,Referral,4.1,278,0
2025-06-18,iOS,DE,Organic,4.1,937,0
2025-06-18,iOS,DE,Paid Social,4.1,557,0
2025-06-18,iOS,DE,Push Notification,4.1,445,0
2025-06-18,iOS,DE,Referral,4.1,200,0
2025-06-18,iOS,IN,Organic,4.1,1783,0
2025-06-18,iOS,IN,Paid Social,4.1,985,0
2025-06-18,iOS,IN,Push Notification,4.1,810,0
2025-06-18,iOS,IN,Referral,4.1,406,0
2025-06-18,iOS,BR,Organic,4.1,1117,0
2025-06-18,iOS,BR,Paid Social,4.1,626,0
2025-06-18,iOS,BR,Push Notification,4.1,519,0
2025-06-18,iOS,BR,Referral,4.1,252,0
2025-06-18,Android,US,Organic,N/A,2353,0
2025-06-18,Android,US,Paid Social,N/A,1347,0
2025-06-18,Android,US,Push Notification,N/A,1077,0
2025-06-18,Android,US,Referral,N/A,484,0
2025-06-18,Android,UK,Organic,N/A,1031,0
2025-06-18,Android,UK,Paid Social,N/A,584,0
2025-06-18,Android,UK,Push Notification,N/A,428,0
2025-06-18,Android,UK,Referral,N/A,222,0
2025-06-18,Android,DE,Organic,N/A,769,0
2025-06-18,Android,DE,Paid Social,N/A,485,0
2025-06-18,Android,DE,Push Notification,N/A,409,0
2025-06-18,Android,DE,Referral,N/A,156,0
2025-06-18,Android,IN,Organic,N/A,1603,0
2025-06-18,Android,IN,Paid Social,N/A,857,0
2025-06-18,Android,IN,Push Notification,N/A,670,0
2025-06-18,Android,IN,Referral,N/A,354,0
2025-06-18,Android,BR,Organic,N/A,1064,0
2025-06-18,Android,BR,Paid Social,N/A,565,0
2025-06-18,Android,BR,Push Notification,N/A,459,0
2025-06-18,Android,BR,Referral,N/A,255,0
2025-06-18,Web,US,Organic,N/A,1330,0
2025-06-18,Web,US,Paid Social,N/A,729,0
2025-06-18,Web,US,Push Notification,N/A,575,0
2025-06-18,Web,US,Referral,N/A,255,0
2025-06-18,Web,UK,Organic,N/A,529,0
2025-06-18,Web,UK,Paid Social,N/A,285,0
2025-06-18,Web,UK,Push Notification,N/A,247,0
2025-06-18,Web,UK,Referral,N/A,118,0
2025-06-18,Web,DE,Organic,N/A,417,0
2025-06-18,Web,DE,Paid Social,N/A,258,0
2025-06-18,Web,DE,Push Notification,N/A,212,0
2025-06-18,Web,DE,Referral,N/A,101,0
2025-06-18,Web,IN,Organic,N/A,892,0
2025-06-18,Web,IN,Paid Social,N/A,510,0
2025-06-18,Web,IN,Push Notification,N/A,383,0
2025-06-18,Web,IN,Referral,N/A,204,0
2025-06-18,Web,BR,Organic,N/A,576,0
2025-06-18,Web,BR,Paid Social,N/A,320,0
2025-06-18,Web,BR,Push Notification,N/A,252,0
2025-06-18,Web,BR,Referral,N/A,131,0
2025-06-19,iOS,US,Organic,4.1,2867,0
2025-06-19,iOS,US,Paid Social,4.1,1666,0
2025-06-19,iOS,US,Push Notification,4.1,1308,0
2025-06-19,iOS,US,Referral,4.1,629,0
2025-06-19,iOS,UK,Organic,4.1,1239,0
2025-06-19,iOS,UK,Paid Social,4.1,745,0
2025-06-19,iOS,UK,Push Notification,4.1,582,0
2025-06-19,iOS,UK,Referral,4.1,319,0
2025-06-19,iOS,DE,Organic,4.1,1019,0
2025-06-19,iOS,DE,Paid Social,4.1,525,0
2025-06-19,iOS,DE,Push Notification,4.1,431,0
2025-06-19,iOS,DE,Referral,4.1,226,0
2025-06-19,iOS,IN,Organic,4.1,1897,0
2025-06-19,iOS,IN,Paid Social,4.1,1091,0
2025-06-19,iOS,IN,Push Notification,4.1,833,0
2025-06-19,iOS,IN,Referral,4.1,429,0
2025-06-19,iOS,BR,Organic,4.1,1241,0
2025-06-19,iOS,BR,Paid Social,4.1,697,0
2025-06-19,iOS,BR,Push Notification,4.1,569,0
2025-06-19,iOS,BR,Referral,4.1,296,0
2025-06-19,Android,US,Organic,N/A,2641,0
2025-06-19,Android,US,Paid Social,N/A,1481,0
2025-06-19,Android,US,Push Notification,N/A,1172,0
2025-06-19,Android,US,Referral,N/A,550,0
2025-06-19,Android,UK,Organic,N/A,1106,0
2025-06-19,Android,UK,Paid Social,N/A,599,0
2025-06-19,Android,UK,Push Notification,N/A,501,0
2025-06-19,Android,UK,Referral,N/A,267,0
2025-06-19,Android,DE,Organic,N/A,862,0
2025-06-19,Android,DE,Paid Social,N/A,511,0
2025-06-19,Android,DE,Push Notification,N/A,387,0
2025-06-19,Android,DE,Referral,N/A,215,0
2025-06-19,Android,IN,Organic,N/A,1756,0
2025-06-19,Android,IN,Paid Social,N/A,971,0
2025-06-19,Android,IN,Push Notification,N/A,754,0
2025-06-19,Android,IN,Referral,N/A,387,0
2025-06-19,Android,BR,Organic,N/A,1141,0
2025-06-19,Android,BR,Paid Social,N/A,652,0
2025-06-19,Android,BR,Push Notification,N/A,477,0
2025-06-19,Android,BR,Referral,N/A,251,0
2025-06-19,Web,US,Organic,N/A,1290,0
2025-06-19,Web,US,Paid Social,N/A,729,0
2025-06-19,Web,US,Push Notification,N/A,601,0
2025-06-19,Web,US,Referral,N/A,278,0
2025-06-19,Web,UK,Organic,N/A,575,0
2025-06-19,Web,UK,Paid Social,N/A,267,0
2025-06-19,Web,UK,Push Notification,N/A,244,0
2025-06-19,Web,UK,Referral,N/A,127,0
2025-06-19,Web,DE,Organic,N/A,425,0
2025-06-19,Web,DE,Paid Social,N/A,253,0
2025-06-19,Web,DE,Push Notification,N/A,197,0
2025-06-19,Web,DE,Referral,N/A,96,0
2025-06-19,Web,IN,Organic,N/A,866,0
2025-06-19,Web,IN,Paid Social,N/A,465,0
2025-06-19,Web,IN,Push Notification,N/A,373,0
2025-06-19,Web,IN,Referral,N/A,193,0
2025-06-19,Web,BR,Organic,N/A,496,0
2025-06-19,Web,BR,Paid Social,N/A,316,0
2025-06-19,Web,BR,Push Notification,N/A,302,0
2025-06-19,Web,BR,Referral,N/A,111,0
2025-06-20,iOS,US,Organic,4.1,3029,0
2025-06-20,iOS,US,Paid Social,4.1,1661,0
2025-06-20,iOS,US,Push Notification,4.1,1388,0
2025-06-20,iOS,US,Referral,4.1,679,0
2025-06-20,iOS,UK,Organic,4.1,1268,0
2025-06-20,iOS,UK,Paid Social,4.1,682,0
2025-06-20,iOS,UK,Push Notification,4.1,572,0
2025-06-20,iOS,UK,Referral,4.1,270,0
2025-06-20,iOS,DE,Organic,4.1,987,0
2025-06-20,iOS,DE,Paid Social,4.1,589,0
2025-06-20,iOS,DE,Push Notification,4.1,462,0
2025-06-20,iOS,DE,Referral,4.1,227,0
2025-06-20,iOS,IN,Organic,4.1,1959,0
2025-06-20,iOS,IN,Paid Social,4.1,1060,0
2025-06-20,iOS,IN,Push Notification,4.1,873,0
2025-06-20,iOS,IN,Referral,4.1,402,0
2025-06-20,iOS,BR,Organic,4.1,1288,0
2025-06-20,iOS,BR,Paid Social,4.1,754,0
2025-06-20,iOS,BR,Push Notification,4.1,561,0
2025-06-20,iOS,BR,Referral,4.1,280,0
2025-06-20,Android,US,Organic,N/A,2532,0
2025-06-20,Android,US,Paid Social,N/A,1425,0
2025-06-20,Android,US,Push Notification,N/A,1145,0
2025-06-20,Android,US,Referral,N/A,575,0
2025-06-20,Android,UK,Organic,N/A,1110,0
2025-06-20,Android,UK,Paid Social,N/A,575,0
2025-06-20,Android,UK,Push Notification,N/A,498,0
2025-06-20,Android,UK,Referral,N/A,271,0
2025-06-20,Android,DE,Organic,N/A,887,0
2025-06-20,Android,DE,Paid Social,N/A,514,0
2025-06-20,Android,DE,Push Notification,N/A,423,0
2025-06-20,Android,DE,Referral,N/A,184,0
2025-06-20,Android,IN,Organic,N/A,1691,0
2025-06-20,Android,IN,Paid Social,N/A,913,0
2025-06-20,Android,IN,Push Notification,N/A,784,0
2025-06-20,Android,IN,Referral,N/A,356,0
2025-06-20,Android,BR,Organic,N/A,1108,0
2025-06-20,Android,BR,Paid Social,N/A,607,0
2025-06-20,Android,BR,Push Notification,N/A,538,0
2025-06-20,Android,BR,Referral,N/A,244,0
2025-06-20,Web,US,Organic,N/A,1480,0
2025-06-20,Web,US,Paid Social,N/A,754,0
2025-06-20,Web,US,Push Notification,N/A,645,0
2025-06-20,Web,US,Referral,N/A,322,0
2025-06-20,Web,UK,Organic,N/A,601,0
2025-06-20,Web,UK,Paid Social,N/A,319,0
2025-06-20,Web,UK,Push Notification,N/A,244,0
2025-06-20,Web,UK,Referral,N/A,123,0
2025-06-20,Web,DE,Organic,N/A,464,0
2025-06-20,Web,DE,Paid Social,N/A,303,0
2025-06-20,Web,DE,Push Notification,N/A,216,0
2025-06-20,Web,DE,Referral,N/A,107,0
2025-06-20,Web,IN,Organic,N/A,927,0
2025-06-20,Web,IN,Paid Social,N/A,551,0
2025-06-20,Web,IN,Push Notification,N/A,441,0
2025-06-20,Web,IN,Referral,N/A,235,0
2025-06-20,Web,BR,Organic,N/A,606,0
2025-06-20,Web,BR,Paid Social,N/A,379,0
2025-06-20,Web,BR,Push Notification,N/A,273,0
2025-06-20,Web,BR,Referral,N/A,144,0
2025-06-21,iOS,US,Organic,4.1,2641,0
2025-06-21,iOS,US,Paid Social,4.1,1384,0
2025-06-21,iOS,US,Push Notification,4.1,1152,0
2025-06-21,iOS,US,Referral,4.1,613,0
2025-06-21,iOS,UK,Organic,4.1,1149,0
2025-06-21,iOS,UK,Paid Social,4.1,585,0
2025-06-21,iOS,UK,Push Notification,4.1,462,0
2025-06-21,iOS,UK,Referral,4.1,271,0
2025-06-21,iOS,DE,Organic,4.1,892,0
2025-06-21,iOS,DE,Paid Social,4.1,488,0
2025-06-21,iOS,DE,Push Notification,4.1,364,0
2025-06-21,iOS,DE,Referral,4.1,213,0
2025-06-21,iOS,IN,Organic,4.1,1674,0
2025-06-21,iOS,IN,Paid Social,4.1,899,0
2025-06-21,iOS,IN,Push Notification,4.1,773,0
2025-06-21,iOS,IN,Referral,4.1,341,0
2025-06-21,iOS,BR,Organic,4.1,1118,0
2025-06-21,iOS,BR,Paid Social,4.1,629,0
2025-06-21,iOS,BR,Push Notification,4.1,491,0
2025-06-21,iOS,BR,Referral,4.1,240,0
2025-06-21,Android,US,Organic,N/A,2395,0
2025-06-21,Android,US,Paid Social,N/A,1324,0
2025-06-21,Android,US,Push Notification,N/A,994,0
2025-06-21,Android,US,Referral,N/A,566,0
2025-06-21,Android,UK,Organic,N/A,924,0
2025-06-21,Android,UK,Paid Social,N/A,505,0
2025-06-21,Android,UK,Push Notification,N/A,427,0
2025-06-21,Android,UK,Referral,N/A,216,0
2025-06-21,Android,DE,Organic,N/A,810,0
2025-06-21,Android,DE,Paid Social,N/A,451,0
2025-06-21,Android,DE,Push Notification,N/A,371,0
2025-06-21,Android,DE,Referral,N/A,179,0
2025-06-21,Android,IN,Organic,N/A,1568,0
2025-06-21,Android,IN,Paid Social,N/A,874,0
2025-06-21,Android,IN,Push Notification,N/A,693,0
2025-06-21,Android,IN,Referral,N/A,334,0
2025-06-21,Android,BR,Organic,N/A,1019,0
2025-06-21,Android,BR,Paid Social,N/A,550,0
2025-06-21,Android,BR,Push Notification,N/A,465,0
2025-06-21,Android,BR,Referral,N/A,212,0
2025-06-21,Web,US,Organic,N/A,1280,0
2025-06-21,Web,US,Paid Social,N/A,697,0
2025-06-21,Web,US,Push Notification,N/A,604,0
2025-06-21,Web,US,Referral,N/A,261,0
2025-06-21,Web,UK,Organic,N/A,588,0
2025-06-21,Web,UK,Paid Social,N/A,305,0
2025-06-21,Web,UK,Push Notification,N/A,279,0
2025-06-21,Web,UK,Referral,N/A,136,0
2025-06-21,Web,DE,Organic,N/A,425,0
2025-06-21,Web,DE,Paid Social,N/A,266,0
2025-06-21,Web,DE,Push Notification,N/A,190,0
2025-06-21,Web,DE,Referral,N/A,102,0
2025-06-21,Web,IN,Organic,N/A,820,0
2025-06-21,Web,IN,Paid Social,N/A,480,0
2025-06-21,Web,IN,Push Notification,N/A,375,0
2025-06-21,Web,IN,Referral,N/A,173,0
2025-06-21,Web,BR,Organic,N/A,566,0
2025-06-21,Web,BR,Paid Social,N/A,304,0
2025-06-21,Web,BR,Push Notification,N/A,249,0
2025-06-21,Web,BR,Referral,N/A,114,0
2025-06-22,iOS,US,Organic,4.1,2633,0
2025-06-22,iOS,US,Paid Social,4.1,1454,0
2025-06-22,iOS,US,Push Notification,4.1,1160,0
2025-06-22,iOS,US,Referral,4.1,615,0
2025-06-22,iOS,UK,Organic,4.1,1127,0
2025-06-22,iOS,UK,Paid Social,4.1,613,0
2025-06-22,iOS,UK,Push Notification,4.1,494,0
2025-06-22,iOS,UK,Referral,4.1,264,0
2025-06-22,iOS,DE,Organic,4.1,906,0
2025-06-22,iOS,DE,Paid Social,4.1,463,0
2025-06-22,iOS,DE,Push Notification,4.1,431,0
2025-06-22,iOS,DE,Referral,4.1,198,0
2025-06-22,iOS,IN,Organic,4.1,1714,0
2025-06-22,iOS,IN,Paid Social,4.1,932,0
2025-06-22,iOS,IN,Push Notification,4.1,791,0
2025-06-22,iOS,IN,Referral,4.1,406,0
2025-06-22,iOS,BR,Organic,4.1,1177,0
2025-06-22,iOS,BR,Paid Social,4.1,605,0
2025-06-22,iOS,BR,Push Notification,4.1,508,0
2025-06-22,iOS,BR,Referral,4.1,274,0
2025-06-22,Android,US,Organic,N/A,2225,0
2025-06-22,Android,US,Paid Social,N/A,1232,0
2025-06-22,Android,US,Push Notification,N/A,1031,0
2025-06-22,Android,US,Referral,N/A,525,0
2025-06-22,Android,UK,Organic,N/A,1018,0
2025-06-22,Android,UK,Paid Social,N/A,510,0
2025-06-22,Android,UK,Push Notification,N/A,463,0
2025-06-22,Android,UK,Referral,N/A,216,0
2025-06-22,Android,DE,Organic,N/A,782,0
2025-06-22,Android,DE,Paid Social,N/A,450,0
2025-06-22,Android,DE,Push Notification,N/A,370,0
2025-06-22,Android,DE,Referral,N/A,172,0
2025-06-22,Android,IN,Organic,N/A,1515,0
2025-06-22,Android,IN,Paid Social,N/A,923,0
2025-06-22,Android,IN,Push Notification,N/A,684,0
2025-06-22,Android,IN,Referral,N/A,310,0
2025-06-22,Android,BR,Organic,N/A,983,0
2025-06-22,Android,BR,Paid Social,N/A,538,0
2025-06-22,Android,BR,Push Notification,N/A,424,0
2025-06-22,Android,BR,Referral,N/A,193,0
2025-06-22,Web,US,Organic,N/A,1204,0
2025-06-22,Web,US,Paid Social,N/A,623,0
2025-06-22,Web,US,Push Notification,N/A,506,0
2025-06-22,Web,US,Referral,N/A,264,0
2025-06-22,Web,UK,Organic,N/A,513,0
2025-06-22,Web,UK,Paid Social,N/A,261,0
2025-06-22,Web,UK,Push Notification,N/A,203,0
2025-06-22,Web,UK,Referral,N/A,98,0
2025-06-22,Web,DE,Organic,N/A,409,0
2025-06-22,Web,DE,Paid Social,N/A,247,0
2025-06-22,Web,DE,Push Notification,N/A,154,0
2025-06-22,Web,DE,Referral,N/A,101,0
2025-06-22,Web,IN,Organic,N/A,742,0
2025-06-22,Web,IN,Paid Social,N/A,417,0
2025-06-22,Web,IN,Push Notification,N/A,341,0
2025-06-22,Web,IN,Referral,N/A,183,0
2025-06-22,Web,BR,Organic,N/A,503,0
2025-06-22,Web,BR,Paid Social,N/A,287,0
2025-06-22,Web,BR,Push Notification,N/A,228,0
2025-06-22,Web,BR,Referral,N/A,100,0
2025-06-23,iOS,US,Organic,4.1,3041,0
2025-06-23,iOS,US,Paid Social,4.1,1670,0
2025-06-23,iOS,US,Push Notification,4.1,1384,0
2025-06-23,iOS,US,Referral,4.1,630,0
2025-06-23,iOS,UK,Organic,4.1,1260,0
2025-06-23,iOS,UK,Paid Social,4.1,706,0
2025-06-23,iOS,UK,Push Notification,4.1,561,0
2025-06-23,iOS,UK,Referral,4.1,300,0
2025-06-23,iOS,DE,Organic,4.1,1069,0
2025-06-23,iOS,DE,Paid Social,4.1,565,0
2025-06-23,iOS,DE,Push Notification,4.1,474,0
2025-06-23,iOS,DE,Referral,4.1,193,0
2025-06-23,iOS,IN,Organic,4.1,1908,0
2025-06-23,iOS,IN,Paid Social,4.1,1102,0
2025-06-23,iOS,IN,Push Notification,4.1,865,0
2025-06-23,iOS,IN,Referral,4.1,411,0
2025-06-23,iOS,BR,Organic,4.1,1263,0
2025-06-23,iOS,BR,Paid Social,4.1,723,0
2025-06-23,iOS,BR,Push Notification,4.1,561,0
2025-06-23,iOS,BR,Referral,4.1,294,0
2025-06-23,Android,US,Organic,N/A,2788,0
2025-06-23,Android,US,Paid Social,N/A,1493,0
2025-06-23,Android,US,Push Notification,N/A,1171,0
2025-06-23,Android,US,Referral,N/A,595,0
2025-06-23,Android,UK,Organic,N/A,1130,0
2025-06-23,Android,UK,Paid Social,N/A,655,0
2025-06-23,Android,UK,Push Notification,N/A,504,0
2025-06-23,Android,UK,Referral,N/A,260,0
2025-06-23,Android,DE,Organic,N/A,971,0
2025-06-23,Android,DE,Paid Social,N/A,489,0
2025-06-23,Android,DE,Push Notification,N/A,440,0
2025-06-23,Android,DE,Referral,N/A,222,0
2025-06-23,Android,IN,Organic,N/A,1802,0
2025-06-23,Android,IN,Paid Social,N/A,1068,0
2025-06-23,Android,IN,Push Notification,N/A,823,0
2025-06-23,Android,IN,Referral,N/A,402,0
2025-06-23,Android,BR,Organic,N/A,1181,0
2025-06-23,Android,BR,Paid Social,N/A,670,0
2025-06-23,Android,BR,Push Notification,N/A,514,0
2025-06-23,Android,BR,Referral,N/A,250,0
2025-06-23,Web,US,Organic,N/A,1470,0
2025-06-23,Web,US,Paid Social,N/A,828,0
2025-06-23,Web,US,Push Notification,N/A,659,0
2025-06-23,Web,US,Referral,N/A,342,0
2025-06-23,Web,UK,Organic,N/A,595,0
2025-06-23,Web,UK,Paid Social,N/A,371,0
2025-06-23,Web,UK,Push Notification,N/A,266,0
2025-06-23,Web,UK,Referral,N/A,137,0
2025-06-23,Web,DE,Organic,N/A,531,0
2025-06-23,Web,DE,Paid Social,N/A,305,0
2025-06-23,Web,DE,Push Notification,N/A,203,0
2025-06-23,Web,DE,Referral,N/A,88,0
2025-06-23,Web,IN,Organic,N/A,923,0
2025-06-23,Web,IN,Paid Social,N/A,550,0
2025-06-23,Web,IN,Push Notification,N/A,418,0
2025-06-23,Web,IN,Referral,N/A,218,0
2025-06-23,Web,BR,Organic,N/A,652,0
2025-06-23,Web,BR,Paid Social,N/A,345,0
2025-06-23,Web,BR,Push Notification,N/A,291,0
2025-06-23,Web,BR,Referral,N/A,142,0
2025-06-24,iOS,US,Organic,4.1,2798,0
2025-06-24,iOS,US,Paid Social,4.1,1636,0
2025-06-24,iOS,US,Push Notification,4.1,1226,0
2025-06-24,iOS,US,Referral,4.1,583,0
2025-06-24,iOS,UK,Organic,4.1,1240,0
2025-06-24,iOS,UK,Paid Social,4.1,695,0
2025-06-24,iOS,UK,Push Notification,4.1,516,0
2025-06-24,iOS,UK,Referral,4.1,257,0
2025-06-24,iOS,DE,Organic,4.1,981,0
2025-06-24,iOS,DE,Paid Social,4.1,546,0
2025-06-24,iOS,DE,Push Notification,4.1,400,0
2025-06-24,iOS,DE,Referral,4.1,238,0
2025-06-24,iOS,IN,Organic,4.1,1835,0
2025-06-24,iOS,IN,Paid Social,4.1,1002,0
2025-06-24,iOS,IN,Push Notification,4.1,858,0
2025-06-24,iOS,IN,Referral,4.1,435,0
2025-06-24,iOS,BR,Organic,4.1,1184,0
2025-06-24,iOS,BR,Paid Social,4.1,705,0
2025-06-24,iOS,BR,Push Notification,4.1,527,0
2025-06-24,iOS,BR,Referral,4.1,262,0
2025-06-24,Android,US,Organic,N/A,2582,0
2025-06-24,Android,US,Paid Social,N/A,1401,0
2025-06-24,Android,US,Push Notification,N/A,1117,0
2025-06-24,Android,US,Referral,N/A,598,0
2025-06-24,Android,UK,Organic,N/A,1097,0
2025-06-24,Android,UK,Paid Social,N/A,603,0
2025-06-24,Android,UK,Push Notification,N/A,460,0
2025-06-24,Android,UK,Referral,N/A,228,0
2025-06-24,Android,DE,Organic,N/A,892,0
2025-06-24,Android,DE,Paid Social,N/A,460,0
2025-06-24,Android,DE,Push Notification,N/A,385,0
2025-06-24,Android,DE,Referral,N/A,192,0
2025-06-24,Android,IN,Organic,N/A,1670,0
2025-06-24,Android,IN,Paid Social,N/A,837,0
2025-06-24,Android,IN,Push Notification,N/A,710,0
2025-06-24,Android,IN,Referral,N/A,362,0
2025-06-24,Android,BR,Organic,N/A,1016,0
2025-06-24,Android,BR,Paid Social,N/A,575,0
2025-06-24,Android,BR,Push Notification,N/A,494,0
2025-06-24,Android,BR,Referral,N/A,220,0
2025-06-24,Web,US,Organic,N/A,1457,0
2025-06-24,Web,US,Paid Social,N/A,785,0
2025-06-24,Web,US,Push Notification,N/A,609,0
2025-06-24,Web,US,Referral,N/A,324,0
2025-06-24,Web,UK,Organic,N/A,537,0
2025-06-24,Web,UK,Paid Social,N/A,366,0
2025-06-24,Web,UK,Push Notification,N/A,282,0
2025-06-24,Web,UK,Referral,N/A,115,0
2025-06-24,Web,DE,Organic,N/A,478,0
2025-06-24,Web,DE,Paid Social,N/A,249,0
2025-06-24,Web,DE,Push Notification,N/A,205,0
2025-06-24,Web,DE,Referral,N/A,110,0
2025-06-24,Web,IN,Organic,N/A,939,0
2025-06-24,Web,IN,Paid Social,N/A,458,0
2025-06-24,Web,IN,Push Notification,N/A,398,0
2025-06-24,Web,IN,Referral,N/A,170,0
2025-06-24,Web,BR,Organic,N/A,601,0
2025-06-24,Web,BR,Paid Social,N/A,343,0
2025-06-24,Web,BR,Push Notification,N/A,256,0
2025-06-24,Web,BR,Referral,N/A,132,0
2025-06-25,iOS,US,Organic,4.1,3079,0
2025-06-25,iOS,US,Paid Social,4.1,1610,0
2025-06-25,iOS,US,Push Notification,4.1,1270,0
2025-06-25,iOS,US,Referral,4.1,623,0
2025-06-25,iOS,UK,Organic,4.1,1212,0
2025-06-25,iOS,UK,Paid Social,4.1,695,0
2025-06-25,iOS,UK,Push Notification,4.1,583,0
2025-06-25,iOS,UK,Referral,4.1,266,0
2025-06-25,iOS,DE,Organic,4.1,1057,0
2025-06-25,iOS,DE,Paid Social,4.1,526,0
2025-06-25,iOS,DE,Push Notification,4.1,437,0
2025-06-25,iOS,DE,Referral,4.1,207,0
2025-06-25,iOS,IN,Organic,4.1,1901,0
2025-06-25,iOS,IN,Paid Social,4.1,1052,0
2025-06-25,iOS,IN,Push Notification,4.1,817,0
2025-06-25,iOS,IN,Referral,4.1,457,0
2025-06-25,iOS,BR,Organic,4.1,1276,0
2025-06-25,iOS,BR,Paid Social,4.1,735,0
2025-06-25,iOS,BR,Push Notification,4.1,572,0
2025-06-25,iOS,BR,Referral,4.1,287,0
2025-06-25,Android,US,Organic,N/A,2594,0
2025-06-25,Android,US,Paid Social,N/A,1377,0
2025-06-25,Android,US,Push Notification,N/A,1091,0
2025-06-25,Android,US,Referral,N/A,548,0
2025-06-25,Android,UK,Organic,N/A,1052,0
2025-06-25,Android,UK,Paid Social,N/A,601,0
2025-06-25,Android,UK,Push Notification,N/A,495,0
2025-06-25,Android,UK,Referral,N/A,232,0
2025-06-25,Android,DE,Organic,N/A,875,0
2025-06-25,Android,DE,Paid Social,N/A,459,0
2025-06-25,Android,DE,Push Notification,N/A,387,0
2025-06-25,Android,DE,Referral,N/A,176,0
2025-06-25,Android,IN,Organic,N/A,1700,0
2025-06-25,Android,IN,Paid Social,N/A,959,0
2025-06-25,Android,IN,Push Notification,N/A,689,0
2025-06-25,Android,IN,Referral,N/A,360,0
2025-06-25,Android,BR,Organic,N/A,1085,0
2025-06-25,Android,BR,Paid Social,N/A,619,0
2025-06-25,Android,BR,Push Notification,N/A,471,0
2025-06-25,Android,BR,Referral,N/A,231,0
2025-06-25,Web,US,Organic,N/A,1311,0
2025-06-25,Web,US,Paid Social,N/A,725,0
2025-06-25,Web,US,Push Notification,N/A,521,0
2025-06-25,Web,US,Referral,N/A,297,0
2025-06-25,Web,UK,Organic,N/A,563,0
2025-06-25,Web,UK,Paid Social,N/A,329,0
2025-06-25,Web,UK,Push Notification,N/A,233,0
2025-06-25,Web,UK,Referral,N/A,146,0
2025-06-25,Web,DE,Organic,N/A,448,0
2025-06-25,Web,DE,Paid Social,N/A,247,0
2025-06-25,Web,DE,Push Notification,N/A,201,0
2025-06-25,Web,DE,Referral,N/A,87,0
2025-06-25,Web,IN,Organic,N/A,872,0
2025-06-25,Web,IN,Paid Social,N/A,481,0
2025-06-25,Web,IN,Push Notification,N/A,376,0
2025-06-25,Web,IN,Referral,N/A,208,0
2025-06-25,Web,BR,Organic,N/A,531,0
2025-06-25,Web,BR,Paid Social,N/A,297,0
2025-06-25,Web,BR,Push Notification,N/A,249,0
2025-06-25,Web,BR,Referral,N/A,122,0
2025-06-26,iOS,US,Organic,4.1,3049,0
2025-06-26,iOS,US,Paid Social,4.1,1743,0
2025-06-26,iOS,US,Push Notification,4.1,1362,0
2025-06-26,iOS,US,Referral,4.1,658,0
2025-06-26,iOS,UK,Organic,4.1,1315,0
2025-06-26,iOS,UK,Paid Social,4.1,754,0
2025-06-26,iOS,UK,Push Notification,4.1,593,0
2025-06-26,iOS,UK,Referral,4.1,284,0
2025-06-26,iOS,DE,Organic,4.1,1015,0
2025-06-26,iOS,DE,Paid Social,4.1,584,0
2025-06-26,iOS,DE,Push Notification,4.1,482,0
2025-06-26,iOS,DE,Referral,4.1,198,0
2025-06-26,iOS,IN,Organic,4.1,2030,0
2025-06-26,iOS,IN,Paid Social,4.1,1117,0
2025-06-26,iOS,IN,Push Notification,4.1,898,0
2025-06-26,iOS,IN,Referral,4.1,408,0
2025-06-26,iOS,BR,Organic,4.1,1310,0
2025-06-26,iOS,BR,Paid Social,4.1,788,0
2025-06-26,iOS,BR,Push Notification,4.1,569,0
2025-06-26,iOS,BR,Referral,4.1,304,0
2025-06-26,Android,US,Organic,N/A,2656,0
2025-06-26,Android,US,Paid Social,N/A,1435,0
2025-06-26,Android,US,Push Notification,N/A,1142,0
2025-06-26,Android,US,Referral,N/A,592,0
2025-06-26,Android,UK,Organic,N/A,1132,0
2025-06-26,Android,UK,Paid Social,N/A,629,0
2025-06-26,Android,UK,Push Notification,N/A,501,0
2025-06-26,Android,UK,Referral,N/A,248,0
2025-06-26,Android,DE,Organic,N/A,852,0
2025-06-26,Android,DE,Paid Social,N/A,537,0
2025-06-26,Android,DE,Push Notification,N/A,384,0
2025-06-26,Android,DE,Referral,N/A,222,0
2025-06-26,Android,IN,Organic,N/A,1702,0
2025-06-26,Android,IN,Paid Social,N/A,952,0
2025-06-26,Android,IN,Push Notification,N/A,781,0
2025-06-26,Android,IN,Referral,N/A,400,0
2025-06-26,Android,BR,Organic,N/A,1078,0
2025-06-26,Android,BR,Paid Social,N/A,584,0
2025-06-26,Android,BR,Push Notification,N/A,527,0
2025-06-26,Android,BR,Referral,N/A,265,0
2025-06-26,Web,US,Organic,N/A,1313,0
2025-06-26,Web,US,Paid Social,N/A,724,0
2025-06-26,Web,US,Push Notification,N/A,617,0
2025-06-26,Web,US,Referral,N/A,273,0
2025-06-26,Web,UK,Organic,N/A,562,0
2025-06-26,Web,UK,Paid Social,N/A,305,0
2025-06-26,Web,UK,Push Notification,N/A,244,0
2025-06-26,Web,UK,Referral,N/A,124,0
2025-06-26,Web,DE,Organic,N/A,448,0
2025-06-26,Web,DE,Paid Social,N/A,254,0
2025-06-26,Web,DE,Push Notification,N/A,183,0
2025-06-26,Web,DE,Referral,N/A,96,0
2025-06-26,Web,IN,Organic,N/A,864,0
2025-06-26,Web,IN,Paid Social,N/A,544,0
2025-06-26,Web,IN,Push Notification,N/A,358,0
2025-06-26,Web,IN,Referral,N/A,199,0
2025-06-26,Web,BR,Organic,N/A,512,0
2025-06-26,Web,BR,Paid Social,N/A,287,0
2025-06-26,Web,BR,Push Notification,N/A,254,0
2025-06-26,Web,BR,Referral,N/A,113,0
2025-06-27,iOS,US,Organic,4.1,2862,0
2025-06-27,iOS,US,Paid Social,4.1,1664,0
2025-06-27,iOS,US,Push Notification,4.1,1343,0
2025-06-27,iOS,US,Referral,4.1,648,0
2025-06-27,iOS,UK,Organic,4.1,1237,0
2025-06-27,iOS,UK,Paid Social,4.1,708,0
2025-06-27,iOS,UK,Push Notification,4.1,557,0
2025-06-27,iOS,UK,Referral,4.1,290,0
2025-06-27,iOS,DE,Organic,4.1,1015,0
2025-06-27,iOS,DE,Paid Social,4.1,528,0
2025-06-27,iOS,DE,Push Notification,4.1,421,0
2025-06-27,iOS,DE,Referral,4.1,235,0
2025-06-27,iOS,IN,Organic,4.1,2019,0
2025-06-27,iOS,IN,Paid Social,4.1,1093,0
2025-06-27,iOS,IN,Push Notification,4.1,881,0
2025-06-27,iOS,IN,Referral,4.1,406,0
2025-06-27,iOS,BR,Organic,4.1,1294,0
2025-06-27,iOS,BR,Paid Social,4.1,676,0
2025-06-27,iOS,BR,Push Notification,4.1,592,0
2025-06-27,iOS,BR,Referral,4.1,331,0
2025-06-27,Android,US,Organic,N/A,2547,0
2025-06-27,Android,US,Paid Social,N/A,1508,0
2025-06-27,Android,US,Push Notification,N/A,1145,0
2025-06-27,Android,US,Referral,N/A,565,0
2025-06-27,Android,UK,Organic,N/A,1159,0
2025-06-27,Android,UK,Paid Social,N/A,621,0
2025-06-27,Android,UK,Push Notification,N/A,480,0
2025-06-27,Android,UK,Referral,N/A,242,0
2025-06-27,Android,DE,Organic,N/A,912,0
2025-06-27,Android,DE,Paid Social,N/A,508,0
2025-06-27,Android,DE,Push Notification,N/A,391,0
2025-06-27,Android,DE,Referral,N/A,201,0
2025-06-27,Android,IN,Organic,N/A,1661,0
2025-06-27,Android,IN,Paid Social,N/A,997,0
2025-06-27,Android,IN,Push Notification,N/A,757,0
2025-06-27,Android,IN,Referral,N/A,416,0
2025-06-27,Android,BR,Organic,N/A,1138,0
2025-06-27,Android,BR,Paid Social,N/A,648,0
2025-06-27,Android,BR,Push Notification,N/A,505,0
2025-06-27,Android,BR,Referral,N/A,221,0
2025-06-27,Web,US,Organic,N/A,1330,0
2025-06-27,Web,US,Paid Social,N/A,762,0
2025-06-27,Web,US,Push Notification,N/A,558,0
2025-06-27,Web,US,Referral,N/A,297,0
2025-06-27,Web,UK,Organic,N/A,561,0
2025-06-27,Web,UK,Paid Social,N/A,317,0
2025-06-27,Web,UK,Push Notification,N/A,262,0
2025-06-27,Web,UK,Referral,N/A,123,0
2025-06-27,Web,DE,Organic,N/A,433,0
2025-06-27,Web,DE,Paid Social,N/A,246,0
2025-06-27,Web,DE,Push Notification,N/A,203,0
2025-06-27,Web,DE,Referral,N/A,103,0
2025-06-27,Web,IN,Organic,N/A,822,0
2025-06-27,Web,IN,Paid Social,N/A,448,0
2025-06-27,Web,IN,Push Notification,N/A,379,0
2025-06-27,Web,IN,Referral,N/A,187,0
2025-06-27,Web,BR,Organic,N/A,576,0
2025-06-27,Web,BR,Paid Social,N/A,329,0
2025-06-27,Web,BR,Push Notification,N/A,279,0
2025-06-27,Web,BR,Referral,N/A,126,0
2025-06-28,iOS,US,Organic,4.1,2527,0
2025-06-28,iOS,US,Paid Social,4.1,1404,0
2025-06-28,iOS,US,Push Notification,4.1,1125,0
2025-06-28,iOS,US,Referral,4.1,540,0
2025-06-28,iOS,UK,Organic,4.1,1030,0
2025-06-28,iOS,UK,Paid Social,4.1,648,0
2025-06-28,iOS,UK,Push Notification,4.1,457,0
2025-06-28,iOS,UK,Referral,4.1,223,0
2025-06-28,iOS,DE,Organic,4.1,874,0
2025-06-28,iOS,DE,Paid Social,4.1,409,0
2025-06-28,iOS,DE,Push Notification,4.1,388,0
2025-06-28,iOS,DE,Referral,4.1,205,0
2025-06-28,iOS,IN,Organic,4.1,1695,0
2025-06-28,iOS,IN,Paid Social,4.1,835,0
2025-06-28,iOS,IN,Push Notification,4.1,712,0
2025-06-28,iOS,IN,Referral,4.1,352,0
2025-06-28,iOS,BR,Organic,4.1,1136,0
2025-06-28,iOS,BR,Paid Social,4.1,592,0
2025-06-28,iOS,BR,Push Notification,4.1,456,0
2025-06-28,iOS,BR,Referral,4.1,215,0
2025-06-28,Android,US,Organic,N/A,2486,0
2025-06-28,Android,US,Paid Social,N/A,1321,0
2025-06-28,Android,US,Push Notification,N/A,1076,0
2025-06-28,Android,US,Referral,N/A,567,0
2025-06-28,Android,UK,Organic,N/A,1087,0
2025-06-28,Android,UK,Paid Social,N/A,583,0
2025-06-28,Android,UK,Push Notification,N/A,478,0
2025-06-28,Android,UK,Referral,N/A,236,0
2025-06-28,Android,DE,Organic,N/A,860,0
2025-06-28,Android,DE,Paid Social,N/A,500,0
2025-06-28,Android,DE,Push Notification,N/A,395,0
2025-06-28,Android,DE,Referral,N/A,197,0
2025-06-28,Android,IN,Organic,N/A,1607,0
2025-06-28,Android,IN,Paid Social,N/A,879,0
2025-06-28,Android,IN,Push Notification,N/A,749,0
2025-06-28,Android,IN,Referral,N/A,342,0
2025-06-28,Android,BR,Organic,N/A,1047,0
2025-06-28,Android,BR,Paid Social,N/A,558,0
2025-06-28,Android,BR,Push Notification,N/A,508,0
2025-06-28,Android,BR,Referral,N/A,215,0
2025-06-28,Web,US,Organic,N/A,1248,0
2025-06-28,Web,US,Paid Social,N/A,689,0
2025-06-28,Web,US,Push Notification,N/A,555,0
2025-06-28,Web,US,Referral,N/A,266,0
2025-06-28,Web,UK,Organic,N/A,530,0
2025-06-28,Web,UK,Paid Social,N/A,292,0
2025-06-28,Web,UK,Push Notification,N/A,200,0
2025-06-28,Web,UK,Referral,N/A,118,0
2025-06-28,Web,DE,Organic,N/A,407,0
2025-06-28,Web,DE,Paid Social,N/A,232,0
2025-06-28,Web,DE,Push Notification,N/A,187,0
2025-06-28,Web,DE,Referral,N/A,75,0
2025-06-28,Web,IN,Organic,N/A,787,0
2025-06-28,Web,IN,Paid Social,N/A,452,0
2025-06-28,Web,IN,Push Notification,N/A,361,0
2025-06-28,Web,IN,Referral,N/A,208,0
2025-06-28,Web,BR,Organic,N/A,499,0
2025-06-28,Web,BR,Paid Social,N/A,280,0
2025-06-28,Web,BR,Push Notification,N/A,250,0
2025-06-28,Web,BR,Referral,N/A,122,0
2025-06-29,iOS,US,Organic,4.1,2612,0
2025-06-29,iOS,US,Paid Social,4.1,1355,0
2025-06-29,iOS,US,Push Notification,4.1,1136,0
2025-06-29,iOS,US,Referral,4.1,571,0
2025-06-29,iOS,UK,Organic,4.1,1089,0
2025-06-29,iOS,UK,Paid Social,4.1,613,0
2025-06-29,iOS,UK,Push Notification,4.1,498,0
2025-06-29,iOS,UK,Referral,4.1,240,0
2025-06-29,iOS,DE,Organic,4.1,926,0
2025-06-29,iOS,DE,Paid Social,4.1,488,0
2025-06-29,iOS,DE,Push Notification,4.1,409,0
2025-06-29,iOS,DE,Referral,4.1,196,0
2025-06-29,iOS,IN,Organic,4.1,1671,0
2025-06-29,iOS,IN,Paid Social,4.1,925,0
2025-06-29,iOS,IN,Push Notification,4.1,726,0
2025-06-29,iOS,IN,Referral,4.1,383,0
2025-06-29,iOS,BR,Organic,4.1,1144,0
2025-06-29,iOS,BR,Paid Social,4.1,587,0
2025-06-29,iOS,BR,Push Notification,4.1,479,0
2025-06-29,iOS,BR,Referral,4.1,246,0
2025-06-29,Android,US,Organic,N/A,2385,0
2025-06-29,Android,US,Paid Social,N/A,1309,0
2025-06-29,Android,US,Push Notification,N/A,1059,0
2025-06-29,Android,US,Referral,N/A,541,0
2025-06-29,Android,UK,Organic,N/A,1008,0
2025-06-29,Android,UK,Paid Social,N/A,557,0
2025-06-29,Android,UK,Push Notification,N/A,441,0
2025-06-29,Android,UK,Referral,N/A,217,0
2025-06-29,Android,DE,Organic,N/A,788,0
2025-06-29,Android,DE,Paid Social,N/A,473,0
2025-06-29,Android,DE,Push Notification,N/A,340,0
2025-06-29,Android,DE,Referral,N/A,182,0
2025-06-29,Android,IN,Organic,N/A,1543,0
2025-06-29,Android,IN,Paid Social,N/A,843,0
2025-06-29,Android,IN,Push Notification,N/A,692,0
2025-06-29,Android,IN,Referral,N/A,327,0
2025-06-29,Android,BR,Organic,N/A,1027,0
2025-06-29,Android,BR,Paid Social,N/A,585,0
2025-06-29,Android,BR,Push Notification,N/A,431,0
2025-06-29,Android,BR,Referral,N/A,213,0
2025-06-29,Web,US,Organic,N/A,1232,0
2025-06-29,Web,US,Paid Social,N/A,657,0
2025-06-29,Web,US,Push Notification,N/A,508,0
2025-06-29,Web,US,Referral,N/A,252,0
2025-06-29,Web,UK,Organic,N/A,532,0
2025-06-29,Web,UK,Paid Social,N/A,291,0
2025-06-29,Web,UK,Push Notification,N/A,227,0
2025-06-29,Web,UK,Referral,N/A,104,0
2025-06-29,Web,DE,Organic,N/A,421,0
2025-06-29,Web,DE,Paid Social,N/A,225,0
2025-06-29,Web,DE,Push Notification,N/A,174,0
2025-06-29,Web,DE,Referral,N/A,84,0
2025-06-29,Web,IN,Organic,N/A,813,0
2025-06-29,Web,IN,Paid Social,N/A,401,0
2025-06-29,Web,IN,Push Notification,N/A,365,0
2025-06-29,Web,IN,Referral,N/A,200,0
2025-06-29,Web,BR,Organic,N/A,513,0
2025-06-29,Web,BR,Paid Social,N/A,272,0
2025-06-29,Web,BR,Push Notification,N/A,240,0
2025-06-29,Web,BR,Referral,N/A,121,0
2025-06-30,iOS,US,Organic,4.1,2855,0
2025-06-30,iOS,US,Paid Social,4.1,1576,0
2025-06-30,iOS,US,Push Notification,4.1,1310,0
2025-06-30,iOS,US,Referral,4.1,623,0
2025-06-30,iOS,UK,Organic,4.1,1216,0
2025-06-30,iOS,UK,Paid Social,4.1,731,0
2025-06-30,iOS,UK,Push Notification,4.1,596,0
2025-06-30,iOS,UK,Referral,4.1,291,0
2025-06-30,iOS,DE,Organic,4.1,963,0
2025-06-30,iOS,DE,Paid Social,4.1,527,0
2025-06-30,iOS,DE,Push Notification,4.1,414,0
2025-06-30,iOS,DE,Referral,4.1,229,0
2025-06-30,iOS,IN,Organic,4.1,1956,0
2025-06-30,iOS,IN,Paid Social,4.1,1071,0
2025-06-30,iOS,IN,Push Notification,4.1,846,0
2025-06-30,iOS,IN,Referral,4.1,490,0
2025-06-30,iOS,BR,Organic,4.1,1237,0
2025-06-30,iOS,BR,Paid Social,4.1,702,0
2025-06-30,iOS,BR,Push Notification,4.1,512,0
2025-06-30,iOS,BR,Referral,4.1,273,0
2025-06-30,Android,US,Organic,N/A,2642,0
2025-06-30,Android,US,Paid Social,N/A,1455,0
2025-06-30,Android,US,Push Notification,N/A,1172,0
2025-06-30,Android,US,Referral,N/A,591,0
2025-06-30,Android,UK,Organic,N/A,1144,0
2025-06-30,Android,UK,Paid Social,N/A,622,0
2025-06-30,Android,UK,Push Notification,N/A,475,0
2025-06-30,Android,UK,Referral,N/A,258,0
2025-06-30,Android,DE,Organic,N/A,933,0
2025-06-30,Android,DE,Paid Social,N/A,485,0
2025-06-30,Android,DE,Push Notification,N/A,425,0
2025-06-30,Android,DE,Referral,N/A,167,0
2025-06-30,Android,IN,Organic,N/A,1695,0
2025-06-30,Android,IN,Paid Social,N/A,933,0
2025-06-30,Android,IN,Push Notification,N/A,753,0
2025-06-30,Android,IN,Referral,N/A,380,0
2025-06-30,Android,BR,Organic,N/A,1080,0
2025-06-30,Android,BR,Paid Social,N/A,608,0
2025-06-30,Android,BR,Push Notification,N/A,527,0
2025-06-30,Android,BR,Referral,N/A,249,0
2025-06-30,Web,US,Organic,N/A,1304,0
2025-06-30,Web,US,Paid Social,N/A,706,0
2025-06-30,Web,US,Push Notification,N/A,594,0
2025-06-30,Web,US,Referral,N/A,317,0
2025-06-30,Web,UK,Organic,N/A,549,0
2025-06-30,Web,UK,Paid Social,N/A,291,0
2025-06-30,Web,UK,Push Notification,N/A,274,0
2025-06-30,Web,UK,Referral,N/A,133,0
2025-06-30,Web,DE,Organic,N/A,467,0
2025-06-30,Web,DE,Paid Social,N/A,246,0
2025-06-30,Web,DE,Push Notification,N/A,204,0
2025-06-30,Web,DE,Referral,N/A,82,0
2025-06-30,Web,IN,Organic,N/A,888,0
2025-06-30,Web,IN,Paid Social,N/A,514,0
2025-06-30,Web,IN,Push Notification,N/A,433,0
2025-06-30,Web,IN,Referral,N/A,190,0
2025-06-30,Web,BR,Organic,N/A,588,0
2025-06-30,Web,BR,Paid Social,N/A,330,0
2025-06-30,Web,BR,Push Notification,N/A,213,0
2025-06-30,Web,BR,Referral,N/A,134,0
2025-07-01,iOS,US,Organic,4.1,3006,0
2025-07-01,iOS,US,Paid Social,4.1,1567,0
2025-07-01,iOS,US,Push Notification,4.1,1256,0
2025-07-01,iOS,US,Referral,4.1,671,0
2025-07-01,iOS,UK,Organic,4.1,1248,0
2025-07-01,iOS,UK,Paid Social,4.1,675,0
2025-07-01,iOS,UK,Push Notification,4.1,530,0
2025-07-01,iOS,UK,Referral,4.1,292,0
2025-07-01,iOS,DE,Organic,4.1,964,0
2025-07-01,iOS,DE,Paid Social,4.1,580,0
2025-07-01,iOS,DE,Push Notification,4.1,413,0
2025-07-01,iOS,DE,Referral,4.1,210,0
2025-07-01,iOS,IN,Organic,4.1,1928,0
2025-07-01,iOS,IN,Paid Social,4.1,1091,0
2025-07-01,iOS,IN,Push Notification,4.1,872,0
2025-07-01,iOS,IN,Referral,4.1,422,0
2025-07-01,iOS,BR,Organic,4.1,1216,0
2025-07-01,iOS,BR,Paid Social,4.1,656,0
2025-07-01,iOS,BR,Push Notification,4.1,547,0
2025-07-01,iOS,BR,Referral,4.1,274,0
2025-07-01,Android,US,Organic,N/A,2592,0
2025-07-01,Android,US,Paid Social,N/A,1404,0
2025-07-01,Android,US,Push Notification,N/A,1201,0
2025-07-01,Android,US,Referral,N/A,530,0
2025-07-01,Android,UK,Organic,N/A,1112,0
2025-07-01,Android,UK,Paid Social,N/A,612,0
2025-07-01,Android,UK,Push Notification,N/A,476,0
2025-07-01,Android,UK,Referral,N/A,226,0
2025-07-01,Android,DE,Organic,N/A,863,0
2025-07-01,Android,DE,Paid Social,N/A,488,0
2025-07-01,Android,DE,Push Notification,N/A,378,0
2025-07-01,Android,DE,Referral,N/A,210,0
2025-07-01,Android,IN,Organic,N/A,1640,0
2025-07-01,Android,IN,Paid Social,N/A,890,0
2025-07-01,Android,IN,Push Notification,N/A,735,0
2025-07-01,Android,IN,Referral,N/A,360,0
2025-07-01,Android,BR,Organic,N/A,1167,0
2025-07-01,Android,BR,Paid Social,N/A,580,0
2025-07-01,Android,BR,Push Notification,N/A,508,0
2025-07-01,Android,BR,Referral,N/A,251,0
2025-07-01,Web,US,Organic,N/A,1331,0
2025-07-01,Web,US,Paid Social,N/A,726,0
2025-07-01,Web,US,Push Notification,N/A,621,0
2025-07-01,Web,US,Referral,N/A,298,0
2025-07-01,Web,UK,Organic,N/A,594,0
2025-07-01,Web,UK,Paid Social,N/A,311,0
2025-07-01,Web,UK,Push Notification,N/A,247,0
2025-07-01,Web,UK,Referral,N/A,112,0
2025-07-01,Web,DE,Organic,N/A,490,0
2025-07-01,Web,DE,Paid Social,N/A,273,0
2025-07-01,Web,DE,Push Notification,N/A,196,0
2025-07-01,Web,DE,Referral,N/A,128,0
2025-07-01,Web,IN,Organic,N/A,898,0
2025-07-01,Web,IN,Paid Social,N/A,505,0
2025-07-01,Web,IN,Push Notification,N/A,360,0
2025-07-01,Web,IN,Referral,N/A,203,0
2025-07-01,Web,BR,Organic,N/A,569,0
2025-07-01,Web,BR,Paid Social,N/A,333,0
2025-07-01,Web,BR,Push Notification,N/A,273,0
2025-07-01,Web,BR,Referral,N/A,133,0
2025-07-02,iOS,US,Organic,4.1,3098,0
2025-07-02,iOS,US,Paid Social,4.1,1764,0
2025-07-02,iOS,US,Push Notification,4.1,1297,0
2025-07-02,iOS,US,Referral,4.1,651,0
2025-07-02,iOS,UK,Organic,4.1,1327,0
2025-07-02,iOS,UK,Paid Social,4.1,739,0
2025-07-02,iOS,UK,Push Notification,4.1,591,0
2025-07-02,iOS,UK,Referral,4.1,287,0
2025-07-02,iOS,DE,Organic,4.1,1102,0
2025-07-02,iOS,DE,Paid Social,4.1,565,0
2025-07-02,iOS,DE,Push Notification,4.1,488,0
2025-07-02,iOS,DE,Referral,4.1,230,0
2025-07-02,iOS,IN,Organic,4.1,2061,0
2025-07-02,iOS,IN,Paid Social,4.1,1106,0
2025-07-02,iOS,IN,Push Notification,4.1,870,0
2025-07-02,iOS,IN,Referral,4.1,421,0
2025-07-02,iOS,BR,Organic,4.1,1318,0
2025-07-02,iOS,BR,Paid Social,4.1,686,0
2025-07-02,iOS,BR,Push Notification,4.1,536,0
2025-07-02,iOS,BR,Referral,4.1,265,0
2025-07-02,Android,US,Organic,N/A,2782,0
2025-07-02,Android,US,Paid Social,N/A,1472,0
2025-07-02,Android,US,Push Notification,N/A,1235,0
2025-07-02,Android,US,Referral,N/A,582,0
2025-07-02,Android,UK,Organic,N/A,1209,0
2025-07-02,Android,UK,Paid Social,N/A,641,0
2025-07-02,Android,UK,Push Notification,N/A,528,0
2025-07-02,Android,UK,Referral,N/A,278,0
2025-07-02,Android,DE,Organic,N/A,926,0
2025-07-02,Android,DE,Paid Social,N/A,536,0
2025-07-02,Android,DE,Push Notification,N/A,416,0
2025-07-02,Android,DE,Referral,N/A,208,0
2025-07-02,Android,IN,Organic,N/A,1791,0
2025-07-02,Android,IN,Paid Social,N/A,1049,0
2025-07-02,Android,IN,Push Notification,N/A,806,0
2025-07-02,Android,IN,Referral,N/A,416,0
2025-07-02,Android,BR,Organic,N/A,1156,0
2025-07-02,Android,BR,Paid Social,N/A,642,0
2025-07-02,Android,BR,Push Notification,N/A,515,0
2025-07-02,Android,BR,Referral,N/A,254,0
2025-07-02,Web,US,Organic,N/A,1417,0
2025-07-02,Web,US,Paid Social,N/A,790,0
2025-07-02,Web,US,Push Notification,N/A,634,0
2025-07-02,Web,US,Referral,N/A,300,0
2025-07-02,Web,UK,Organic,N/A,552,0
2025-07-02,Web,UK,Paid Social,N/A,342,0
2025-07-02,Web,UK,Push Notification,N/A,253,0
2025-07-02,Web,UK,Referral,N/A,108,0
2025-07-02,Web,DE,Organic,N/A,452,0
2025-07-02,Web,DE,Paid Social,N/A,274,0
2025-07-02,Web,DE,Push Notification,N/A,223,0
2025-07-02,Web,DE,Referral,N/A,96,0
2025-07-02,Web,IN,Organic,N/A,847,0
2025-07-02,Web,IN,Paid Social,N/A,478,0
2025-07-02,Web,IN,Push Notification,N/A,373,0
2025-07-02,Web,IN,Referral,N/A,201,0
2025-07-02,Web,BR,Organic,N/A,550,0
2025-07-02,Web,BR,Paid Social,N/A,335,0
2025-07-02,Web,BR,Push Notification,N/A,244,0
2025-07-02,Web,BR,Referral,N/A,145,0
2025-07-03,iOS,US,Organic,4.1,2839,0
2025-07-03,iOS,US,Paid Social,4.1,1564,0
2025-07-03,iOS,US,Push Notification,4.1,1236,0
2025-07-03,iOS,US,Referral,4.1,593,0
2025-07-03,iOS,UK,Organic,4.1,1203,0
2025-07-03,iOS,UK,Paid Social,4.1,727,0
2025-07-03,iOS,UK,Push Notification,4.1,586,0
2025-07-03,iOS,UK,Referral,4.1,270,0
2025-07-03,iOS,DE,Organic,4.1,967,0
2025-07-03,iOS,DE,Paid Social,4.1,532,0
2025-07-03,iOS,DE,Push Notification,4.1,461,0
2025-07-03,iOS,DE,Referral,4.1,206,0
2025-07-03,iOS,IN,Organic,4.1,1908,0
2025-07-03,iOS,IN,Paid Social,4.1,1038,0
2025-07-03,iOS,IN,Push Notification,4.1,791,0
2025-07-03,iOS,IN,Referral,4.1,411,0
2025-07-03,iOS,BR,Organic,4.1,1239,0
2025-07-03,iOS,BR,Paid Social,4.1,684,0
2025-07-03,iOS,BR,Push Notification,4.1,534,0
2025-07-03,iOS,BR,Referral,4.1,241,0
2025-07-03,Android,US,Organic,N/A,2688,0
2025-07-03,Android,US,Paid Social,N/A,1541,0
2025-07-03,Android,US,Push Notification,N/A,1195,0
2025-07-03,Android,US,Referral,N/A,615,0
2025-07-03,Android,UK,Organic,N/A,1158,0
2025-07-03,Android,UK,Paid Social,N/A,632,0
2025-07-03,Android,UK,Push Notification,N/A,513,0
2025-07-03,Android,UK,Referral,N/A,296,0
2025-07-03,Android,DE,Organic,N/A,966,0
2025-07-03,Android,DE,Paid Social,N/A,470,0
2025-07-03,Android,DE,Push Notification,N/A,376,0
2025-07-03,Android,DE,Referral,N/A,206,0
2025-07-03,Android,IN,Organic,N/A,1788,0
2025-07-03,Android,IN,Paid Social,N/A,977,0
2025-07-03,Android,IN,Push Notification,N/A,766,0
2025-07-03,Android,IN,Referral,N/A,403,0
2025-07-03,Android,BR,Organic,N/A,1182,0
2025-07-03,Android,BR,Paid Social,N/A,660,0
2025-07-03,Android,BR,Push Notification,N/A,526,0
2025-07-03,Android,BR,Referral,N/A,286,0
2025-07-03,Web,US,Organic,N/A,1562,0
2025-07-03,Web,US,Paid Social,N/A,868,0
2025-07-03,Web,US,Push Notification,N/A,644,0
2025-07-03,Web,US,Referral,N/A,325,0
2025-07-03,Web,UK,Organic,N/A,620,0
2025-07-03,Web,UK,Paid Social,N/A,362,0
2025-07-03,Web,UK,Push Notification,N/A,311,0
2025-07-03,Web,UK,Referral,N/A,138,0
2025-07-03,Web,DE,Organic,N/A,500,0
2025-07-03,Web,DE,Paid Social,N/A,281,0
2025-07-03,Web,DE,Push Notification,N/A,228,0
2025-07-03,Web,DE,Referral,N/A,118,0
2025-07-03,Web,IN,Organic,N/A,982,0
2025-07-03,Web,IN,Paid Social,N/A,533,0
2025-07-03,Web,IN,Push Notification,N/A,419,0
2025-07-03,Web,IN,Referral,N/A,232,0
2025-07-03,Web,BR,Organic,N/A,629,0
2025-07-03,Web,BR,Paid Social,N/A,352,0
2025-07-03,Web,BR,Push Notification,N/A,295,0
2025-07-03,Web,BR,Referral,N/A,122,0
2025-07-04,iOS,US,Organic,4.1,3053,0
2025-07-04,iOS,US,Paid Social,4.1,1661,0
2025-07-04,iOS,US,Push Notification,4.1,1406,0
2025-07-04,iOS,US,Referral,4.1,643,0
2025-07-04,iOS,UK,Organic,4.1,1386,0
2025-07-04,iOS,UK,Paid Social,4.1,728,0
2025-07-04,iOS,UK,Push Notification,4.1,662,0
2025-07-04,iOS,UK,Referral,4.1,295,0
2025-07-04,iOS,DE,Organic,4.1,1062,0
2025-07-04,iOS,DE,Paid Social,4.1,585,0
2025-07-04,iOS,DE,Push Notification,4.1,473,0
2025-07-04,iOS,DE,Referral,4.1,255,0
2025-07-04,iOS,IN,Organic,4.1,1979,0
2025-07-04,iOS,IN,Paid Social,4.1,1167,0
2025-07-04,iOS,IN,Push Notification,4.1,915,0
2025-07-04,iOS,IN,Referral,4.1,440,0
2025-07-04,iOS,BR,Organic,4.1,1307,0
2025-07-04,iOS,BR,Paid Social,4.1,675,0
2025-07-04,iOS,BR,Push Notification,4.1,584,0
2025-07-04,iOS,BR,Referral,4.1,260,0
2025-07-04,Android,US,Organic,N/A,2583,0
2025-07-04,Android,US,Paid Social,N/A,1444,0
2025-07-04,Android,US,Push Notification,N/A,1165,0
2025-07-04,Android,US,Referral,N/A,580,0
2025-07-04,Android,UK,Organic,N/A,1137,0
2025-07-04,Android,UK,Paid Social,N/A,607,0
2025-07-04,Android,UK,Push Notification,N/A,504,0
2025-07-04,Android,UK,Referral,N/A,238,0
2025-07-04,Android,DE,Organic,N/A,917,0
2025-07-04,Android,DE,Paid Social,N/A,511,0
2025-07-04,Android,DE,Push Notification,N/A,371,0
2025-07-04,Android,DE,Referral,N/A,217,0
2025-07-04,Android,IN,Organic,N/A,1785,0
2025-07-04,Android,IN,Paid Social,N/A,1004,0
2025-07-04,Android,IN,Push Notification,N/A,771,0
2025-07-04,Android,IN,Referral,N/A,351,0
2025-07-04,Android,BR,Organic,N/A,1128,0
2025-07-04,Android,BR,Paid Social,N/A,640,0
2025-07-04,Android,BR,Push Notification,N/A,522,0
2025-07-04,Android,BR,Referral,N/A,263,0
2025-07-04,Web,US,Organic,N/A,1298,0
2025-07-04,Web,US,Paid Social,N/A,715,0
2025-07-04,Web,US,Push Notification,N/A,570,0
2025-07-04,Web,US,Referral,N/A,322,0
2025-07-04,Web,UK,Organic,N/A,596,0
2025-07-04,Web,UK,Paid Social,N/A,292,0
2025-07-04,Web,UK,Push Notification,N/A,264,0
2025-07-04,Web,UK,Referral,N/A,115,0
2025-07-04,Web,DE,Organic,N/A,460,0
2025-07-04,Web,DE,Paid Social,N/A,247,0
2025-07-04,Web,DE,Push Notification,N/A,199,0
2025-07-04,Web,DE,Referral,N/A,88,0
2025-07-04,Web,IN,Organic,N/A,852,0
2025-07-04,Web,IN,Paid Social,N/A,502,0
2025-07-04,Web,IN,Push Notification,N/A,377,0
2025-07-04,Web,IN,Referral,N/A,191,0
2025-07-04,Web,BR,Organic,N/A,566,0
2025-07-04,Web,BR,Paid Social,N/A,314,0
2025-07-04,Web,BR,Push Notification,N/A,272,0
2025-07-04,Web,BR,Referral,N/A,110,0
2025-07-05,iOS,US,Organic,4.1,2868,0
2025-07-05,iOS,US,Paid Social,4.1,1576,0
2025-07-05,iOS,US,Push Notification,4.1,1274,0
2025-07-05,iOS,US,Referral,4.1,609,0
2025-07-05,iOS,UK,Organic,4.1,1138,0
2025-07-05,iOS,UK,Paid Social,4.1,656,0
2025-07-05,iOS,UK,Push Notification,4.1,542,0
2025-07-05,iOS,UK,Referral,4.1,261,0
2025-07-05,iOS,DE,Organic,4.1,948,0
2025-07-05,iOS,DE,Paid Social,4.1,559,0
2025-07-05,iOS,DE,Push Notification,4.1,426,0
2025-07-05,iOS,DE,Referral,4.1,209,0
2025-07-05,iOS,IN,Organic,4.1,1896,0
2025-07-05,iOS,IN,Paid Social,4.1,978,0
2025-07-05,iOS,IN,Push Notification,4.1,821,0
2025-07-05,iOS,IN,Referral,4.1,399,0
2025-07-05,iOS,BR,Organic,4.1,1184,0
2025-07-05,iOS,BR,Paid Social,4.1,652,0
2025-07-05,iOS,BR,Push Notification,4.1,512,0
2025-07-05,iOS,BR,Referral,4.1,276,0
2025-07-05,Android,US,Organic,N/A,2326,0
2025-07-05,Android,US,Paid Social,N/A,1291,0
2025-07-05,Android,US,Push Notification,N/A,1026,0
2025-07-05,Android,US,Referral,N/A,519,0
2025-07-05,Android,UK,Organic,N/A,986,0
2025-07-05,Android,UK,Paid Social,N/A,549,0
2025-07-05,Android,UK,Push Notification,N/A,480,0
2025-07-05,Android,UK,Referral,N/A,230,0
2025-07-05,Android,DE,Organic,N/A,825,0
2025-07-05,Android,DE,Paid Social,N/A,465,0
2025-07-05,Android,DE,Push Notification,N/A,369,0
2025-07-05,Android,DE,Referral,N/A,172,0
2025-07-05,Android,IN,Organic,N/A,1494,0
2025-07-05,Android,IN,Paid Social,N/A,841,0
2025-07-05,Android,IN,Push Notification,N/A,634,0
2025-07-05,Android,IN,Referral,N/A,346,0
2025-07-05,Android,BR,Organic,N/A,967,0
2025-07-05,Android,BR,Paid Social,N/A,615,0
2025-07-05,Android,BR,Push Notification,N/A,428,0
2025-07-05,Android,BR,Referral,N/A,223,0
2025-07-05,Web,US,Organic,N/A,1215,0
2025-07-05,Web,US,Paid Social,N/A,691,0
2025-07-05,Web,US,Push Notification,N/A,550,0
2025-07-05,Web,US,Referral,N/A,285,0
2025-07-05,Web,UK,Organic,N/A,555,0
2025-07-05,Web,UK,Paid Social,N/A,309,0
2025-07-05,Web,UK,Push Notification,N/A,229,0
2025-07-05,Web,UK,Referral,N/A,132,0
2025-07-05,Web,DE,Organic,N/A,455,0
2025-07-05,Web,DE,Paid Social,N/A,232,0
2025-07-05,Web,DE,Push Notification,N/A,173,0
2025-07-05,Web,DE,Referral,N/A,89,0
2025-07-05,Web,IN,Organic,N/A,787,0
2025-07-05,Web,IN,Paid Social,N/A,457,0
2025-07-05,Web,IN,Push Notification,N/A,387,0
2025-07-05,Web,IN,Referral,N/A,173,0
2025-07-05,Web,BR,Organic,N/A,565,0
2025-07-05,Web,BR,Paid Social,N/A,332,0
2025-07-05,Web,BR,Push Notification,N/A,250,0
2025-07-05,Web,BR,Referral,N/A,109,0
2025-07-06,iOS,US,Organic,4.1,2580,0
2025-07-06,iOS,US,Paid Social,4.1,1497,0
2025-07-06,iOS,US,Push Notification,4.1,1163,0
2025-07-06,iOS,US,Referral,4.1,566,0
2025-07-06,iOS,UK,Organic,4.1,1060,0
2025-07-06,iOS,UK,Paid Social,4.1,692,0
2025-07-06,iOS,UK,Push Notification,4.1,492,0
2025-07-06,iOS,UK,Referral,4.1,247,0
2025-07-06,iOS,DE,Organic,4.1,851,0
2025-07-06,iOS,DE,Paid Social,4.1,493,0
2025-07-06,iOS,DE,Push Notification,4.1,423,0
2025-07-06,iOS,DE,Referral,4.1,158,0
2025-07-06,iOS,IN,Organic,4.1,1672,0
2025-07-06,iOS,IN,Paid Social,4.1,899,0
2025-07-06,iOS,IN,Push Notification,4.1,707,0
2025-07-06,iOS,IN,Referral,4.1,395,0
2025-07-06,iOS,BR,Organic,4.1,1127,0
2025-07-06,iOS,BR,Paid Social,4.1,591,0
2025-07-06,iOS,BR,Push Notification,4.1,467,0
2025-07-06,iOS,BR,Referral,4.1,240,0
2025-07-06,Android,US,Organic,N/A,2353,0
2025-07-06,Android,US,Paid Social,N/A,1264,0
2025-07-06,Android,US,Push Notification,N/A,1020,0
2025-07-06,Android,US,Referral,N/A,539,0
2025-07-06,Android,UK,Organic,N/A,1027,0
2025-07-06,Android,UK,Paid Social,N/A,546,0
2025-07-06,Android,UK,Push Notification,N/A,409,0
2025-07-06,Android,UK,Referral,N/A,222,0
2025-07-06,Android,DE,Organic,N/A,786,0
2025-07-06,Android,DE,Paid Social,N/A,440,0
2025-07-06,Android,DE,Push Notification,N/A,356,0
2025-07-06,Android,DE,Referral,N/A,190,0
2025-07-06,Android,IN,Organic,N/A,1520,0
2025-07-06,Android,IN,Paid Social,N/A,887,0
2025-07-06,Android,IN,Push Notification,N/A,721,0
2025-07-06,Android,IN,Referral,N/A,366,0
2025-07-06,Android,BR,Organic,N/A,978,0
2025-07-06,Android,BR,Paid Social,N/A,594,0
2025-07-06,Android,BR,Push Notification,N/A,480,0
2025-07-06,Android,BR,Referral,N/A,227,0
2025-07-06,Web,US,Organic,N/A,1238,0
2025-07-06,Web,US,Paid Social,N/A,679,0
2025-07-06,Web,US,Push Notification,N/A,513,0
2025-07-06,Web,US,Referral,N/A,251,0
2025-07-06,Web,UK,Organic,N/A,548,0
2025-07-06,Web,UK,Paid Social,N/A,325,0
2025-07-06,Web,UK,Push Notification,N/A,246,0
2025-07-06,Web,UK,Referral,N/A,115,0
2025-07-06,Web,DE,Organic,N/A,422,0
2025-07-06,Web,DE,Paid Social,N/A,235,0
2025-07-06,Web,DE,Push Notification,N/A,182,0
2025-07-06,Web,DE,Referral,N/A,94,0
2025-07-06,Web,IN,Organic,N/A,789,0
2025-07-06,Web,IN,Paid Social,N/A,476,0
2025-07-06,Web,IN,Push Notification,N/A,351,0
2025-07-06,Web,IN,Referral,N/A,193,0
2025-07-06,Web,BR,Organic,N/A,511,0
2025-07-06,Web,BR,Paid Social,N/A,280,0
2025-07-06,Web,BR,Push Notification,N/A,238,0
2025-07-06,Web,BR,Referral,N/A,124,0
2025-07-07,iOS,US,Organic,4.1,3017,0
2025-07-07,iOS,US,Paid Social,4.1,1725,0
2025-07-07,iOS,US,Push Notification,4.1,1362,0
2025-07-07,iOS,US,Referral,4.1,705,0
2025-07-07,iOS,UK,Organic,4.1,1290,0
2025-07-07,iOS,UK,Paid Social,4.1,699,0
2025-07-07,iOS,UK,Push Notification,4.1,592,0
2025-07-07,iOS,UK,Referral,4.1,286,0
2025-07-07,iOS,DE,Organic,4.1,1093,0
2025-07-07,iOS,DE,Paid Social,4.1,585,0
2025-07-07,iOS,DE,Push Notification,4.1,463,0
2025-07-07,iOS,DE,Referral,4.1,233,0
2025-07-07,iOS,IN,Organic,4.1,1968,0
2025-07-07,iOS,IN,Paid Social,4.1,1128,0
2025-07-07,iOS,IN,Push Notification,4.1,895,0
2025-07-07,iOS,IN,Referral,4.1,427,0
2025-07-07,iOS,BR,Organic,4.1,1281,0
2025-07-07,iOS,BR,Paid Social,4.1,714,0
2025-07-07,iOS,BR,Push Notification,4.1,623,0
2025-07-07,iOS,BR,Referral,4.1,276,0
2025-07-07,Android,US,Organic,N/A,2698,0
2025-07-07,Android,US,Paid Social,N/A,1443,0
2025-07-07,Android,US,Push Notification,N/A,1188,0
2025-07-07,Android,US,Referral,N/A,583,0
2025-07-07,Android,UK,Organic,N/A,1072,0
2025-07-07,Android,UK,Paid Social,N/A,616,0
2025-07-07,Android,UK,Push Notification,N/A,500,0
2025-07-07,Android,UK,Referral,N/A,255,0
2025-07-07,Android,DE,Organic,N/A,893,0
2025-07-07,Android,DE,Paid Social,N/A,507,0
2025-07-07,Android,DE,Push Notification,N/A,394,0
2025-07-07,Android,DE,Referral,N/A,194,0
2025-07-07,Android,IN,Organic,N/A,1715,0
2025-07-07,Android,IN,Paid Social,N/A,951,0
2025-07-07,Android,IN,Push Notification,N/A,760,0
2025-07-07,Android,IN,Referral,N/A,411,0
2025-07-07,Android,BR,Organic,N/A,1094,0
2025-07-07,Android,BR,Paid Social,N/A,640,0
2025-07-07,Android,BR,Push Notification,N/A,488,0
2025-07-07,Android,BR,Referral,N/A,270,0
2025-07-07,Web,US,Organic,N/A,1351,0
2025-07-07,Web,US,Paid Social,N/A,797,0
2025-07-07,Web,US,Push Notification,N/A,588,0
2025-07-07,Web,US,Referral,N/A,289,0
2025-07-07,Web,UK,Organic,N/A,635,0
2025-07-07,Web,UK,Paid Social,N/A,342,0
2025-07-07,Web,UK,Push Notification,N/A,277,0
2025-07-07,Web,UK,Referral,N/A,128,0
2025-07-07,Web,DE,Organic,N/A,464,0
2025-07-07,Web,DE,Paid Social,N/A,262,0
2025-07-07,Web,DE,Push Notification,N/A,215,0
2025-07-07,Web,DE,Referral,N/A,102,0
2025-07-07,Web,IN,Organic,N/A,871,0
2025-07-07,Web,IN,Paid Social,N/A,531,0
2025-07-07,Web,IN,Push Notification,N/A,429,0
2025-07-07,Web,IN,Referral,N/A,217,0
2025-07-07,Web,BR,Organic,N/A,574,0
2025-07-07,Web,BR,Paid Social,N/A,335,0
2025-07-07,Web,BR,Push Notification,N/A,248,0
2025-07-07,Web,BR,Referral,N/A,119,0
2025-07-08,iOS,US,Organic,4.1,2923,0
2025-07-08,iOS,US,Paid Social,4.1,1587,0
2025-07-08,iOS,US,Push Notification,4.1,1347,0
2025-07-08,iOS,US,Referral,4.1,669,0
2025-07-08,iOS,UK,Organic,4.1,1270,0
2025-07-08,iOS,UK,Paid Social,4.1,700,0
2025-07-08,iOS,UK,Push Notification,4.1,558,0
2025-07-08,iOS,UK,Referral,4.1,302,0
2025-07-08,iOS,DE,Organic,4.1,979,0
2025-07-08,iOS,DE,Paid Social,4.1,583,0
2025-07-08,iOS,DE,Push Notification,4.1,444,0
2025-07-08,iOS,DE,Referral,4.1,222,0
2025-07-08,iOS,IN,Organic,4.1,1927,0
2025-07-08,iOS,IN,Paid Social,4.1,1090,0
2025-07-08,iOS,IN,Push Notification,4.1,860,0
2025-07-08,iOS,IN,Referral,4.1,393,0
2025-07-08,iOS,BR,Organic,4.1,1366,0
2025-07-08,iOS,BR,Paid Social,4.1,714,0
2025-07-08,iOS,BR,Push Notification,4.1,567,0
2025-07-08,iOS,BR,Referral,4.1,269,0
2025-07-08,Android,US,Organic,N/A,2626,0
2025-07-08,Android,US,Paid Social,N/A,1451,0
2025-07-08,Android,US,Push Notification,N/A,1202,0
2025-07-08,Android,US,Referral,N/A,632,0
2025-07-08,Android,UK,Organic,N/A,1137,0
2025-07-08,Android,UK,Paid Social,N/A,639,0
2025-07-08,Android,UK,Push Notification,N/A,519,0
2025-07-08,Android,UK,Referral,N/A,248,0
2025-07-08,Android,DE,Organic,N/A,868,0
2025-07-08,Android,DE,Paid Social,N/A,497,0
2025-07-08,Android,DE,Push Notification,N/A,405,0
2025-07-08,Android,DE,Referral,N/A,185,0
2025-07-08,Android,IN,Organic,N/A,1767,0
2025-07-08,Android,IN,Paid Social,N/A,948,0
2025-07-08,Android,IN,Push Notification,N/A,737,0
2025-07-08,Android,IN,Referral,N/A,382,0
2025-07-08,Android,BR,Organic,N/A,1105,0
2025-07-08,Android,BR,Paid Social,N/A,627,0
2025-07-08,Android,BR,Push Notification,N/A,479,0
2025-07-08,Android,BR,Referral,N/A,276,0
2025-07-08,Web,US,Organic,N/A,1454,0
2025-07-08,Web,US,Paid Social,N/A,812,0
2025-07-08,Web,US,Push Notification,N/A,641,0
2025-07-08,Web,US,Referral,N/A,312,0
2025-07-08,Web,UK,Organic,N/A,628,0
2025-07-08,Web,UK,Paid Social,N/A,383,0
2025-07-08,Web,UK,Push Notification,N/A,270,0
2025-07-08,Web,UK,Referral,N/A,137,0
2025-07-08,Web,DE,Organic,N/A,485,0
2025-07-08,Web,DE,Paid Social,N/A,252,0
2025-07-08,Web,DE,Push Notification,N/A,223,0
2025-07-08,Web,DE,Referral,N/A,95,0
2025-07-08,Web,IN,Organic,N/A,987,0
2025-07-08,Web,IN,Paid Social,N/A,525,0
2025-07-08,Web,IN,Push Notification,N/A,439,0
2025-07-08,Web,IN,Referral,N/A,198,0
2025-07-08,Web,BR,Organic,N/A,633,0
2025-07-08,Web,BR,Paid Social,N/A,314,0
2025-07-08,Web,BR,Push Notification,N/A,279,0
2025-07-08,Web,BR,Referral,N/A,144,0
2025-07-09,iOS,US,Organic,4.1,2987,0
2025-07-09,iOS,US,Paid Social,4.1,1645,0
2025-07-09,iOS,US,Push Notification,4.1,1301,0
2025-07-09,iOS,US,Referral,4.1,608,0
2025-07-09,iOS,UK,Organic,4.1,1291,0
2025-07-09,iOS,UK,Paid Social,4.1,651,0
2025-07-09,iOS,UK,Push Notification,4.1,601,0
2025-07-09,iOS,UK,Referral,4.1,288,0
2025-07-09,iOS,DE,Organic,4.1,1032,0
2025-07-09,iOS,DE,Paid Social,4.1,560,0
2025-07-09,iOS,DE,Push Notification,4.1,434,0
2025-07-09,iOS,DE,Referral,4.1,212,0
2025-07-09,iOS,IN,Organic,4.1,1896,0
2025-07-09,iOS,IN,Paid Social,4.1,1088,0
2025-07-09,iOS,IN,Push Notification,4.1,894,0
2025-07-09,iOS,IN,Referral,4.1,448,0
2025-07-09,iOS,BR,Organic,4.1,1179,0
2025-07-09,iOS,BR,Paid Social,4.1,738,0
2025-07-09,iOS,BR,Push Notification,4.1,593,0
2025-07-09,iOS,BR,Referral,4.1,275,0
2025-07-09,Android,US,Organic,N/A,2661,0
2025-07-09,Android,US,Paid Social,N/A,1523,0
2025-07-09,Android,US,Push Notification,N/A,1208,0
2025-07-09,Android,US,Referral,N/A,603,0
2025-07-09,Android,UK,Organic,N/A,1187,0
2025-07-09,Android,UK,Paid Social,N/A,658,0
2025-07-09,Android,UK,Push Notification,N/A,545,0
2025-07-09,Android,UK,Referral,N/A,238,0
2025-07-09,Android,DE,Organic,N/A,858,0
2025-07-09,Android,DE,Paid Social,N/A,519,0
2025-07-09,Android,DE,Push Notification,N/A,410,0
2025-07-09,Android,DE,Referral,N/A,212,0
2025-07-09,Android,IN,Organic,N/A,1743,0
2025-07-09,Android,IN,Paid Social,N/A,907,0
2025-07-09,Android,IN,Push Notification,N/A,787,0
2025-07-09,Android,IN,Referral,N/A,395,0
2025-07-09,Android,BR,Organic,N/A,1123,0
2025-07-09,Android,BR,Paid Social,N/A,683,0
2025-07-09,Android,BR,Push Notification,N/A,543,0
2025-07-09,Android,BR,Referral,N/A,230,0
2025-07-09,Web,US,Organic,N/A,1388,0
2025-07-09,Web,US,Paid Social,N/A,705,0
2025-07-09,Web,US,Push Notification,N/A,615,0
2025-07-09,Web,US,Referral,N/A,323,0
2025-07-09,Web,UK,Organic,N/A,605,0
2025-07-09,Web,UK,Paid Social,N/A,365,0
2025-07-09,Web,UK,Push Notification,N/A,269,0
2025-07-09,Web,UK,Referral,N/A,137,0
2025-07-09,Web,DE,Organic,N/A,472,0
2025-07-09,Web,DE,Paid Social,N/A,249,0
2025-07-09,Web,DE,Push Notification,N/A,219,0
2025-07-09,Web,DE,Referral,N/A,106,0
2025-07-09,Web,IN,Organic,N/A,900,0
2025-07-09,Web,IN,Paid Social,N/A,517,0
2025-07-09,Web,IN,Push Notification,N/A,408,0
2025-07-09,Web,IN,Referral,N/A,202,0
2025-07-09,Web,BR,Organic,N/A,594,0
2025-07-09,Web,BR,Paid Social,N/A,285,0
2025-07-09,Web,BR,Push Notification,N/A,278,0
2025-07-09,Web,BR,Referral,N/A,135,0
2025-07-10,iOS,US,Organic,4.1,2812,0
2025-07-10,iOS,US,Paid Social,4.1,1529,0
2025-07-10,iOS,US,Push Notification,4.1,1294,0
2025-07-10,iOS,US,Referral,4.1,689,0
2025-07-10,iOS,UK,Organic,4.1,1261,0
2025-07-10,iOS,UK,Paid Social,4.1,610,0
2025-07-10,iOS,UK,Push Notification,4.1,539,0
2025-07-10,iOS,UK,Referral,4.1,284,0
2025-07-10,iOS,DE,Organic,4.1,974,0
2025-07-10,iOS,DE,Paid Social,4.1,516,0
2025-07-10,iOS,DE,Push Notification,4.1,469,0
2025-07-10,iOS,DE,Referral,4.1,220,0
2025-07-10,iOS,IN,Organic,4.1,1869,0
2025-07-10,iOS,IN,Paid Social,4.1,1071,0
2025-07-10,iOS,IN,Push Notification,4.1,854,0
2025-07-10,iOS,IN,Referral,4.1,391,0
2025-07-10,iOS,BR,Organic,4.1,1307,0
2025-07-10,iOS,BR,Paid Social,4.1,673,0
2025-07-10,iOS,BR,Push Notification,4.1,512,0
2025-07-10,iOS,BR,Referral,4.1,258,0
2025-07-10,Android,US,Organic,N/A,2804,0
2025-07-10,Android,US,Paid Social,N/A,1578,0
2025-07-10,Android,US,Push Notification,N/A,1261,0
2025-07-10,Android,US,Referral,N/A,616,0
2025-07-10,Android,UK,Organic,N/A,1224,0
2025-07-10,Android,UK,Paid Social,N/A,609,0
2025-07-10,Android,UK,Push Notification,N/A,544,0
2025-07-10,Android,UK,Referral,N/A,258,0
2025-07-10,Android,DE,Organic,N/A,940,0
2025-07-10,Android,DE,Paid Social,N/A,547,0
2025-07-10,Android,DE,Push Notification,N/A,423,0
2025-07-10,Android,DE,Referral,N/A,236,0
2025-07-10,Android,IN,Organic,N/A,1870,0
2025-07-10,Android,IN,Paid Social,N/A,1036,0
2025-07-10,Android,IN,Push Notification,N/A,839,0
2025-07-10,Android,IN,Referral,N/A,448,0
2025-07-10,Android,BR,Organic,N/A,1245,0
2025-07-10,Android,BR,Paid Social,N/A,709,0
2025-07-10,Android,BR,Push Notification,N/A,545,0
2025-07-10,Android,BR,Referral,N/A,270,0
2025-07-10,Web,US,Organic,N/A,1420,0
2025-07-10,Web,US,Paid Social,N/A,774,0
2025-07-10,Web,US,Push Notification,N/A,602,0
2025-07-10,Web,US,Referral,N/A,309,0
2025-07-10,Web,UK,Organic,N/A,558,0
2025-07-10,Web,UK,Paid Social,N/A,325,0
2025-07-10,Web,UK,Push Notification,N/A,311,0
2025-07-10,Web,UK,Referral,N/A,132,0
2025-07-10,Web,DE,Organic,N/A,475,0
2025-07-10,Web,DE,Paid Social,N/A,261,0
2025-07-10,Web,DE,Push Notification,N/A,214,0
2025-07-10,Web,DE,Referral,N/A,114,0
2025-07-10,Web,IN,Organic,N/A,952,0
2025-07-10,Web,IN,Paid Social,N/A,532,0
2025-07-10,Web,IN,Push Notification,N/A,382,0
2025-07-10,Web,IN,Referral,N/A,199,0
2025-07-10,Web,BR,Organic,N/A,599,0
2025-07-10,Web,BR,Paid Social,N/A,321,0
2025-07-10,Web,BR,Push Notification,N/A,272,0
2025-07-10,Web,BR,Referral,N/A,132,0
2025-07-11,iOS,US,Organic,4.1,3044,0
2025-07-11,iOS,US,Paid Social,4.1,1726,0
2025-07-11,iOS,US,Push Notification,4.1,1341,0
2025-07-11,iOS,US,Referral,4.1,709,0
2025-07-11,iOS,UK,Organic,4.1,1237,0
2025-07-11,iOS,UK,Paid Social,4.1,677,0
2025-07-11,iOS,UK,Push Notification,4.1,577,0
2025-07-11,iOS,UK,Referral,4.1,302,0
2025-07-11,iOS,DE,Organic,4.1,1059,0
2025-07-11,iOS,DE,Paid Social,4.1,595,0
2025-07-11,iOS,DE,Push Notification,4.1,435,0
2025-07-11,iOS,DE,Referral,4.1,219,0
2025-07-11,iOS,IN,Organic,4.1,1952,0
2025-07-11,iOS,IN,Paid Social,4.1,1109,0
2025-07-11,iOS,IN,Push Notification,4.1,863,0
2025-07-11,iOS,IN,Referral,4.1,411,0
2025-07-11,iOS,BR,Organic,4.1,1246,0
2025-07-11,iOS,BR,Paid Social,4.1,701,0
2025-07-11,iOS,BR,Push Notification,4.1,591,0
2025-07-11,iOS,BR,Referral,4.1,305,0
2025-07-11,Android,US,Organic,N/A,2574,0
2025-07-11,Android,US,Paid Social,N/A,1377,0
2025-07-11,Android,US,Push Notification,N/A,1117,0
2025-07-11,Android,US,Referral,N/A,565,0
2025-07-11,Android,UK,Organic,N/A,1082,0
2025-07-11,Android,UK,Paid Social,N/A,582,0
2025-07-11,Android,UK,Push Notification,N/A,504,0
2025-07-11,Android,UK,Referral,N/A,231,0
2025-07-11,Android,DE,Organic,N/A,849,0
2025-07-11,Android,DE,Paid Social,N/A,507,0
2025-07-11,Android,DE,Push Notification,N/A,388,0
2025-07-11,Android,DE,Referral,N/A,197,0
2025-07-11,Android,IN,Organic,N/A,1678,0
2025-07-11,Android,IN,Paid Social,N/A,867,0
2025-07-11,Android,IN,Push Notification,N/A,757,0
2025-07-11,Android,IN,Referral,N/A,364,0
2025-07-11,Android,BR,Organic,N/A,1109,0
2025-07-11,Android,BR,Paid Social,N/A,597,0
2025-07-11,Android,BR,Push Notification,N/A,471,0
2025-07-11,Android,BR,Referral,N/A,252,0
2025-07-11,Web,US,Organic,N/A,1420,0
2025-07-11,Web,US,Paid Social,N/A,778,0
2025-07-11,Web,US,Push Notification,N/A,623,0
2025-07-11,Web,US,Referral,N/A,320,0
2025-07-11,Web,UK,Organic,N/A,563,0
2025-07-11,Web,UK,Paid Social,N/A,342,0
2025-07-11,Web,UK,Push Notification,N/A,269,0
2025-07-11,Web,UK,Referral,N/A,134,0
2025-07-11,Web,DE,Organic,N/A,466,0
2025-07-11,Web,DE,Paid Social,N/A,261,0
2025-07-11,Web,DE,Push Notification,N/A,227,0
2025-07-11,Web,DE,Referral,N/A,113,0
2025-07-11,Web,IN,Organic,N/A,943,0
2025-07-11,Web,IN,Paid Social,N/A,519,0
2025-07-11,Web,IN,Push Notification,N/A,411,0
2025-07-11,Web,IN,Referral,N/A,194,0
2025-07-11,Web,BR,Organic,N/A,627,0
2025-07-11,Web,BR,Paid Social,N/A,336,0
2025-07-11,Web,BR,Push Notification,N/A,280,0
2025-07-11,Web,BR,Referral,N/A,145,0
2025-07-12,iOS,US,Organic,4.1,2741,0
2025-07-12,iOS,US,Paid Social,4.1,1440,0
2025-07-12,iOS,US,Push Notification,4.1,1189,0
2025-07-12,iOS,US,Referral,4.1,573,0
2025-07-12,iOS,UK,Organic,4.1,1147,0
2025-07-12,iOS,UK,Paid Social,4.1,677,0
2025-07-12,iOS,UK,Push Notification,4.1,497,0
2025-07-12,iOS,UK,Referral,4.1,272,0
2025-07-12,iOS,DE,Organic,4.1,947,0
2025-07-12,iOS,DE,Paid Social,4.1,543,0
2025-07-12,iOS,DE,Push Notification,4.1,416,0
2025-07-12,iOS,DE,Referral,4.1,220,0
2025-07-12,iOS,IN,Organic,4.1,1772,0
2025-07-12,iOS,IN,Paid Social,4.1,981,0
2025-07-12,iOS,IN,Push Notification,4.1,782,0
2025-07-12,iOS,IN,Referral,4.1,364,0
2025-07-12,iOS,BR,Organic,4.1,1124,0
2025-07-12,iOS,BR,Paid Social,4.1,644,0
2025-07-12,iOS,BR,Push Notification,4.1,536,0
2025-07-12,iOS,BR,Referral,4.1,271,0
2025-07-12,Android,US,Organic,N/A,2267,0
2025-07-12,Android,US,Paid Social,N/A,1263,0
2025-07-12,Android,US,Push Notification,N/A,997,0
2025-07-12,Android,US,Referral,N/A,479,0
2025-07-12,Android,UK,Organic,N/A,978,0
2025-07-12,Android,UK,Paid Social,N/A,569,0
2025-07-12,Android,UK,Push Notification,N/A,405,0
2025-07-12,Android,UK,Referral,N/A,218,0
2025-07-12,Android,DE,Organic,N/A,797,0
2025-07-12,Android,DE,Paid Social,N/A,407,0
2025-07-12,Android,DE,Push Notification,N/A,378,0
2025-07-12,Android,DE,Referral,N/A,170,0
2025-07-12,Android,IN,Organic,N/A,1470,0
2025-07-12,Android,IN,Paid Social,N/A,818,0
2025-07-12,Android,IN,Push Notification,N/A,698,0
2025-07-12,Android,IN,Referral,N/A,325,0
2025-07-12,Android,BR,Organic,N/A,960,0
2025-07-12,Android,BR,Paid Social,N/A,577,0
2025-07-12,Android,BR,Push Notification,N/A,394,0
2025-07-12,Android,BR,Referral,N/A,203,0
2025-07-12,Web,US,Organic,N/A,1283,0
2025-07-12,Web,US,Paid Social,N/A,709,0
2025-07-12,Web,US,Push Notification,N/A,582,0
2025-07-12,Web,US,Referral,N/A,300,0
2025-07-12,Web,UK,Organic,N/A,533,0
2025-07-12,Web,UK,Paid Social,N/A,332,0
2025-07-12,Web,UK,Push Notification,N/A,217,0
2025-07-12,Web,UK,Referral,N/A,119,0
2025-07-12,Web,DE,Organic,N/A,407,0
2025-07-12,Web,DE,Paid Social,N/A,230,0
2025-07-12,Web,DE,Push Notification,N/A,191,0
2025-07-12,Web,DE,Referral,N/A,101,0
2025-07-12,Web,IN,Organic,N/A,831,0
2025-07-12,Web,IN,Paid Social,N/A,469,0
2025-07-12,Web,IN,Push Notification,N/A,378,0
2025-07-12,Web,IN,Referral,N/A,197,0
2025-07-12,Web,BR,Organic,N/A,546,0
2025-07-12,Web,BR,Paid Social,N/A,322,0
2025-07-12,Web,BR,Push Notification,N/A,216,0
2025-07-12,Web,BR,Referral,N/A,120,0
2025-07-13,iOS,US,Organic,4.1,2555,0
2025-07-13,iOS,US,Paid Social,4.1,1440,0
2025-07-13,iOS,US,Push Notification,4.1,1162,0
2025-07-13,iOS,US,Referral,4.1,566,0
2025-07-13,iOS,UK,Organic,4.1,1136,0
2025-07-13,iOS,UK,Paid Social,4.1,593,0
2025-07-13,iOS,UK,Push Notification,4.1,482,0
2025-07-13,iOS,UK,Referral,4.1,245,0
2025-07-13,iOS,DE,Organic,4.1,866,0
2025-07-13,iOS,DE,Paid Social,4.1,510,0
2025-07-13,iOS,DE,Push Notification,4.1,377,0
2025-07-13,iOS,DE,Referral,4.1,193,0
2025-07-13,iOS,IN,Organic,4.1,1685,0
2025-07-13,iOS,IN,Paid Social,4.1,973,0
2025-07-13,iOS,IN,Push Notification,4.1,777,0
2025-07-13,iOS,IN,Referral,4.1,390,0
2025-07-13,iOS,BR,Organic,4.1,1167,0
2025-07-13,iOS,BR,Paid Social,4.1,609,0
2025-07-13,iOS,BR,Push Notification,4.1,487,0
2025-07-13,iOS,BR,Referral,4.1,262,0
2025-07-13,Android,US,Organic,N/A,2425,0
2025-07-13,Android,US,Paid Social,N/A,1373,0
2025-07-13,Android,US,Push Notification,N/A,1093,0
2025-07-13,Android,US,Referral,N/A,593,0
2025-07-13,Android,UK,Organic,N/A,999,0
2025-07-13,Android,UK,Paid Social,N/A,624,0
2025-07-13,Android,UK,Push Notification,N/A,483,0
2025-07-13,Android,UK,Referral,N/A,272,0
2025-07-13,Android,DE,Organic,N/A,850,0
2025-07-13,Android,DE,Paid Social,N/A,448,0
2025-07-13,Android,DE,Push Notification,N/A,372,0
2025-07-13,Android,DE,Referral,N/A,184,0
2025-07-13,Android,IN,Organic,N/A,1670,0
2025-07-13,Android,IN,Paid Social,N/A,919,0
2025-07-13,Android,IN,Push Notification,N/A,748,0
2025-07-13,Android,IN,Referral,N/A,356,0
2025-07-13,Android,BR,Organic,N/A,1067,0
2025-07-13,Android,BR,Paid Social,N/A,569,0
2025-07-13,Android,BR,Push Notification,N/A,508,0
2025-07-13,Android,BR,Referral,N/A,233,0
2025-07-13,Web,US,Organic,N/A,1283,0
2025-07-13,Web,US,Paid Social,N/A,717,0
2025-07-13,Web,US,Push Notification,N/A,593,0
2025-07-13,Web,US,Referral,N/A,294,0
2025-07-13,Web,UK,Organic,N/A,551,0
2025-07-13,Web,UK,Paid Social,N/A,301,0
2025-07-13,Web,UK,Push Notification,N/A,236,0
2025-07-13,Web,UK,Referral,N/A,119,0
2025-07-13,Web,DE,Organic,N/A,459,0
2025-07-13,Web,DE,Paid Social,N/A,234,0
2025-07-13,Web,DE,Push Notification,N/A,200,0
2025-07-13,Web,DE,Referral,N/A,94,0
2025-07-13,Web,IN,Organic,N/A,821,0
2025-07-13,Web,IN,Paid Social,N/A,466,0
2025-07-13,Web,IN,Push Notification,N/A,353,0
2025-07-13,Web,IN,Referral,N/A,176,0
2025-07-13,Web,BR,Organic,N/A,567,0
2025-07-13,Web,BR,Paid Social,N/A,272,0
2025-07-13,Web,BR,Push Notification,N/A,258,0
2025-07-13,Web,BR,Referral,N/A,119,0
2025-07-14,iOS,US,Organic,4.1,3030,0
2025-07-14,iOS,US,Paid Social,4.1,1688,0
2025-07-14,iOS,US,Push Notification,4.1,1415,0
2025-07-14,iOS,US,Referral,4.1,719,0
2025-07-14,iOS,UK,Organic,4.1,1335,0
2025-07-14,iOS,UK,Paid Social,4.1,721,0
2025-07-14,iOS,UK,Push Notification,4.1,608,0
2025-07-14,iOS,UK,Referral,4.1,327,0
2025-07-14,iOS,DE,Organic,4.1,1075,0
2025-07-14,iOS,DE,Paid Social,4.1,591,0
2025-07-14,iOS,DE,Push Notification,4.1,442,0
2025-07-14,iOS,DE,Referral,4.1,247,0
2025-07-14,iOS,IN,Organic,4.1,1938,0
2025-07-14,iOS,IN,Paid Social,4.1,1112,0
2025-07-14,iOS,IN,Push Notification,4.1,917,0
2025-07-14,iOS,IN,Referral,4.1,452,0
2025-07-14,iOS,BR,Organic,4.1,1281,0
2025-07-14,iOS,BR,Paid Social,4.1,712,0
2025-07-14,iOS,BR,Push Notification,4.1,551,0
2025-07-14,iOS,BR,Referral,4.1,288,0
2025-07-14,Android,US,Organic,N/A,2763,0
2025-07-14,Android,US,Paid Social,N/A,1513,0
2025-07-14,Android,US,Push Notification,N/A,1234,0
2025-07-14,Android,US,Referral,N/A,610,0
2025-07-14,Android,UK,Organic,N/A,1165,0
2025-07-14,Android,UK,Paid Social,N/A,641,0
2025-07-14,Android,UK,Push Notification,N/A,481,0
2025-07-14,Android,UK,Referral,N/A,252,0
2025-07-14,Android,DE,Organic,N/A,936,0
2025-07-14,Android,DE,Paid Social,N/A,501,0
2025-07-14,Android,DE,Push Notification,N/A,445,0
2025-07-14,Android,DE,Referral,N/A,231,0
2025-07-14,Android,IN,Organic,N/A,1842,0
2025-07-14,Android,IN,Paid Social,N/A,1015,0
2025-07-14,Android,IN,Push Notification,N/A,796,0
2025-07-14,Android,IN,Referral,N/A,400,0
2025-07-14,Android,BR,Organic,N/A,1217,0
2025-07-14,Android,BR,Paid Social,N/A,655,0
2025-07-14,Android,BR,Push Notification,N/A,509,0
2025-07-14,Android,BR,Referral,N/A,277,0
2025-07-14,Web,US,Organic,N/A,1344,0
2025-07-14,Web,US,Paid Social,N/A,760,0
2025-07-14,Web,US,Push Notification,N/A,638,0
2025-07-14,Web,US,Referral,N/A,332,0
2025-07-14,Web,UK,Organic,N/A,544,0
2025-07-14,Web,UK,Paid Social,N/A,339,0
2025-07-14,Web,UK,Push Notification,N/A,243,0
2025-07-14,Web,UK,Referral,N/A,145,0
2025-07-14,Web,DE,Organic,N/A,485,0
2025-07-14,Web,DE,Paid Social,N/A,261,0
2025-07-14,Web,DE,Push Notification,N/A,207,0
2025-07-14,Web,DE,Referral,N/A,102,0
2025-07-14,Web,IN,Organic,N/A,906,0
2025-07-14,Web,IN,Paid Social,N/A,505,0
2025-07-14,Web,IN,Push Notification,N/A,392,0
2025-07-14,Web,IN,Referral,N/A,199,0
2025-07-14,Web,BR,Organic,N/A,584,0
2025-07-14,Web,BR,Paid Social,N/A,346,0
2025-07-14,Web,BR,Push Notification,N/A,264,0
2025-07-14,Web,BR,Referral,N/A,122,0
2025-07-15,iOS,US,Organic,4.1,2953,0
2025-07-15,iOS,US,Paid Social,4.1,1600,0
2025-07-15,iOS,US,Push Notification,4.1,1265,0
2025-07-15,iOS,US,Referral,4.1,649,0
2025-07-15,iOS,UK,Organic,4.1,1241,0
2025-07-15,iOS,UK,Paid Social,4.1,677,0
2025-07-15,iOS,UK,Push Notification,4.1,590,0
2025-07-15,iOS,UK,Referral,4.1,264,0
2025-07-15,iOS,DE,Organic,4.1,1013,0
2025-07-15,iOS,DE,Paid Social,4.1,593,0
2025-07-15,iOS,DE,Push Notification,4.1,459,0
2025-07-15,iOS,DE,Referral,4.1,222,0
2025-07-15,iOS,IN,Organic,4.1,1845,0
2025-07-15,iOS,IN,Paid Social,4.1,1087,0
2025-07-15,iOS,IN,Push Notification,4.1,867,0
2025-07-15,iOS,IN,Referral,4.1,390,0
2025-07-15,iOS,BR,Organic,4.1,1282,0
2025-07-15,iOS,BR,Paid Social,4.1,727,0
2025-07-15,iOS,BR,Push Notification,4.1,550,0
2025-07-15,iOS,BR,Referral,4.1,305,0
2025-07-15,Android,US,Organic,N/A,2791,0
2025-07-15,Android,US,Paid Social,N/A,1527,0
2025-07-15,Android,US,Push Notification,N/A,1233,0
2025-07-15,Android,US,Referral,N/A,620,0
2025-07-15,Android,UK,Organic,N/A,1126,0
2025-07-15,Android,UK,Paid Social,N/A,642,0
2025-07-15,Android,UK,Push Notification,N/A,538,0
2025-07-15,Android,UK,Referral,N/A,269,0
2025-07-15,Android,DE,Organic,N/A,922,0
2025-07-15,Android,DE,Paid Social,N/A,504,0
2025-07-15,Android,DE,Push Notification,N/A,440,0
2025-07-15,Android,DE,Referral,N/A,196,0
2025-07-15,Android,IN,Organic,N/A,1763,0
2025-07-15,Android,IN,Paid Social,N/A,966,0
2025-07-15,Android,IN,Push Notification,N/A,811,0
2025-07-15,Android,IN,Referral,N/A,415,0
2025-07-15,Android,BR,Organic,N/A,1118,0
2025-07-15,Android,BR,Paid Social,N/A,617,0
2025-07-15,Android,BR,Push Notification,N/A,487,0
2025-07-15,Android,BR,Referral,N/A,253,0
2025-07-15,Web,US,Organic,N/A,1436,0
2025-07-15,Web,US,Paid Social,N/A,750,0
2025-07-15,Web,US,Push Notification,N/A,649,0
2025-07-15,Web,US,Referral,N/A,311,0
2025-07-15,Web,UK,Organic,N/A,584,0
2025-07-15,Web,UK,Paid Social,N/A,341,0
2025-07-15,Web,UK,Push Notification,N/A,277,0
2025-07-15,Web,UK,Referral,N/A,125,0
2025-07-15,Web,DE,Organic,N/A,479,0
2025-07-15,Web,DE,Paid Social,N/A,276,0
2025-07-15,Web,DE,Push Notification,N/A,234,0
2025-07-15,Web,DE,Referral,N/A,114,0
2025-07-15,Web,IN,Organic,N/A,925,0
2025-07-15,Web,IN,Paid Social,N/A,503,0
2025-07-15,Web,IN,Push Notification,N/A,406,0
2025-07-15,Web,IN,Referral,N/A,188,0
2025-07-15,Web,BR,Organic,N/A,627,0
2025-07-15,Web,BR,Paid Social,N/A,376,0
2025-07-15,Web,BR,Push Notification,N/A,270,0
2025-07-15,Web,BR,Referral,N/A,151,0
2025-07-16,iOS,US,Organic,4.1,2802,0
2025-07-16,iOS,US,Paid Social,4.1,1594,0
2025-07-16,iOS,US,Push Notification,4.1,1202,0
2025-07-16,iOS,US,Referral,4.1,614,0
2025-07-16,iOS,UK,Organic,4.1,1144,0
2025-07-16,iOS,UK,Paid Social,4.1,670,0
2025-07-16,iOS,UK,Push Notification,4.1,516,0
2025-07-16,iOS,UK,Referral,4.1,261,0
2025-07-16,iOS,DE,Organic,4.1,941,0
2025-07-16,iOS,DE,Paid Social,4.1,541,0
2025-07-16,iOS,DE,Push Notification,4.1,447,0
2025-07-16,iOS,DE,Referral,4.1,218,0
2025-07-16,iOS,IN,Organic,4.1,1808,0
2025-07-16,iOS,IN,Paid Social,4.1,1023,0
2025-07-16,iOS,IN,Push Notification,4.1,822,0
2025-07-16,iOS,IN,Referral,4.1,366,0
2025-07-16,iOS,BR,Organic,4.1,1217,0
2025-07-16,iOS,BR,Paid Social,4.1,680,0
2025-07-16,iOS,BR,Push Notification,4.1,499,0
2025-07-16,iOS,BR,Referral,4.1,264,0
2025-07-16,Android,US,Organic,N/A,2760,0
2025-07-16,Android,US,Paid Social,N/A,1489,0
2025-07-16,Android,US,Push Notification,N/A,1203,0
2025-07-16,Android,US,Referral,N/A,612,0
2025-07-16,Android,UK,Organic,N/A,1196,0
2025-07-16,Android,UK,Paid Social,N/A,655,0
2025-07-16,Android,UK,Push Notification,N/A,554,0
2025-07-16,Android,UK,Referral,N/A,238,0
2025-07-16,Android,DE,Organic,N/A,903,0
2025-07-16,Android,DE,Paid Social,N/A,529,0
2025-07-16,Android,DE,Push Notification,N/A,399,0
2025-07-16,Android,DE,Referral,N/A,191,0
2025-07-16,Android,IN,Organic,N/A,1777,0
2025-07-16,Android,IN,Paid Social,N/A,994,0
2025-07-16,Android,IN,Push Notification,N/A,799,0
2025-07-16,Android,IN,Referral,N/A,375,0
2025-07-16,Android,BR,Organic,N/A,1197,0
2025-07-16,Android,BR,Paid Social,N/A,627,0
2025-07-16,Android,BR,Push Notification,N/A,502,0
2025-07-16,Android,BR,Referral,N/A,242,0
2025-07-16,Web,US,Organic,N/A,1472,0
2025-07-16,Web,US,Paid Social,N/A,793,0
2025-07-16,Web,US,Push Notification,N/A,662,0
2025-07-16,Web,US,Referral,N/A,328,0
2025-07-16,Web,UK,Organic,N/A,640,0
2025-07-16,Web,UK,Paid Social,N/A,336,0
2025-07-16,Web,UK,Push Notification,N/A,265,0
2025-07-16,Web,UK,Referral,N/A,150,0
2025-07-16,Web,DE,Organic,N/A,522,0
2025-07-16,Web,DE,Paid Social,N/A,271,0
2025-07-16,Web,DE,Push Notification,N/A,186,0
2025-07-16,Web,DE,Referral,N/A,114,0
2025-07-16,Web,IN,Organic,N/A,972,0
2025-07-16,Web,IN,Paid Social,N/A,528,0
2025-07-16,Web,IN,Push Notification,N/A,428,0
2025-07-16,Web,IN,Referral,N/A,199,0
2025-07-16,Web,BR,Organic,N/A,609,0
2025-07-16,Web,BR,Paid Social,N/A,371,0
2025-07-16,Web,BR,Push Notification,N/A,279,0
2025-07-16,Web,BR,Referral,N/A,144,0
2025-07-17,iOS,US,Organic,4.1,3098,0
2025-07-17,iOS,US,Paid Social,4.1,1779,0
2025-07-17,iOS,US,Push Notification,4.1,1409,0
2025-07-17,iOS,US,Referral,4.1,689,0
2025-07-17,iOS,UK,Organic,4.1,1395,0
2025-07-17,iOS,UK,Paid Social,4.1,726,0
2025-07-17,iOS,UK,Push Notification,4.1,575,0
2025-07-17,iOS,UK,Referral,4.1,296,0
2025-07-17,iOS,DE,Organic,4.1,1047,0
2025-07-17,iOS,DE,Paid Social,4.1,591,0
2025-07-17,iOS,DE,Push Notification,4.1,492,0
2025-07-17,iOS,DE,Referral,4.1,233,0
2025-07-17,iOS,IN,Organic,4.1,2038,0
2025-07-17,iOS,IN,Paid Social,4.1,1070,0
2025-07-17,iOS,IN,Push Notification,4.1,885,0
2025-07-17,iOS,IN,Referral,4.1,456,0
2025-07-17,iOS,BR,Organic,4.1,1341,0
2025-07-17,iOS,BR,Paid Social,4.1,696,0
2025-07-17,iOS,BR,Push Notification,4.1,580,0
2025-07-17,iOS,BR,Referral,4.1,286,0
2025-07-17,Android,US,Organic,N/A,2564,0
2025-07-17,Android,US,Paid Social,N/A,1367,0
2025-07-17,Android,US,Push Notification,N/A,1098,0
2025-07-17,Android,US,Referral,N/A,629,0
2025-07-17,Android,UK,Organic,N/A,1091,0
2025-07-17,Android,UK,Paid Social,N/A,616,0
2025-07-17,Android,UK,Push Notification,N/A,490,0
2025-07-17,Android,UK,Referral,N/A,270,0
2025-07-17,Android,DE,Organic,N/A,900,0
2025-07-17,Android,DE,Paid Social,N/A,523,0
2025-07-17,Android,DE,Push Notification,N/A,396,0
2025-07-17,Android,DE,Referral,N/A,199,0
2025-07-17,Android,IN,Organic,N/A,1646,0
2025-07-17,Android,IN,Paid Social,N/A,945,0
2025-07-17,Android,IN,Push Notification,N/A,759,0
2025-07-17,Android,IN,Referral,N/A,391,0
2025-07-17,Android,BR,Organic,N/A,1139,0
2025-07-17,Android,BR,Paid Social,N/A,658,0
2025-07-17,Android,BR,Push Notification,N/A,486,0
2025-07-17,Android,BR,Referral,N/A,250,0
2025-07-17,Web,US,Organic,N/A,1482,0
2025-07-17,Web,US,Paid Social,N/A,818,0
2025-07-17,Web,US,Push Notification,N/A,673,0
2025-07-17,Web,US,Referral,N/A,316,0
2025-07-17,Web,UK,Organic,N/A,659,0
2025-07-17,Web,UK,Paid Social,N/A,330,0
2025-07-17,Web,UK,Push Notification,N/A,274,0
2025-07-17,Web,UK,Referral,N/A,120,0
2025-07-17,Web,DE,Organic,N/A,488,0
2025-07-17,Web,DE,Paid Social,N/A,293,0
2025-07-17,Web,DE,Push Notification,N/A,243,0
2025-07-17,Web,DE,Referral,N/A,122,0
2025-07-17,Web,IN,Organic,N/A,937,0
2025-07-17,Web,IN,Paid Social,N/A,527,0
2025-07-17,Web,IN,Push Notification,N/A,460,0
2025-07-17,Web,IN,Referral,N/A,228,0
2025-07-17,Web,BR,Organic,N/A,637,0
2025-07-17,Web,BR,Paid Social,N/A,356,0
2025-07-17,Web,BR,Push Notification,N/A,277,0
2025-07-17,Web,BR,Referral,N/A,151,0
2025-07-18,iOS,US,Organic,4.1,2892,0
2025-07-18,iOS,US,Paid Social,4.1,1600,0
2025-07-18,iOS,US,Push Notification,4.1,1285,0
2025-07-18,iOS,US,Referral,4.1,602,0
2025-07-18,iOS,UK,Organic,4.1,1248,0
2025-07-18,iOS,UK,Paid Social,4.1,677,0
2025-07-18,iOS,UK,Push Notification,4.1,560,0
2025-07-18,iOS,UK,Referral,4.1,260,0
2025-07-18,iOS,DE,Organic,4.1,1004,0
2025-07-18,iOS,DE,Paid Social,4.1,509,0
2025-07-18,iOS,DE,Push Notification,4.1,448,0
2025-07-18,iOS,DE,Referral,4.1,213,0
2025-07-18,iOS,IN,Organic,4.1,1980,0
2025-07-18,iOS,IN,Paid Social,4.1,1026,0
2025-07-18,iOS,IN,Push Notification,4.1,849,0
2025-07-18,iOS,IN,Referral,4.1,403,0
2025-07-18,iOS,BR,Organic,4.1,1245,0
2025-07-18,iOS,BR,Paid Social,4.1,640,0
2025-07-18,iOS,BR,Push Notification,4.1,578,0
2025-07-18,iOS,BR,Referral,4.1,251,0
2025-07-18,Android,US,Organic,N/A,2605,0
2025-07-18,Android,US,Paid Social,N/A,1439,0
2025-07-18,Android,US,Push Notification,N/A,1141,0
2025-07-18,Android,US,Referral,N/A,587,0
2025-07-18,Android,UK,Organic,N/A,1095,0
2025-07-18,Android,UK,Paid Social,N/A,624,0
2025-07-18,Android,UK,Push Notification,N/A,512,0
2025-07-18,Android,UK,Referral,N/A,237,0
2025-07-18,Android,DE,Organic,N/A,851,0
2025-07-18,Android,DE,Paid Social,N/A,465,0
2025-07-18,Android,DE,Push Notification,N/A,400,0
2025-07-18,Android,DE,Referral,N/A,198,0
2025-07-18,Android,IN,Organic,N/A,1718,0
2025-07-18,Android,IN,Paid Social,N/A,934,0
2025-07-18,Android,IN,Push Notification,N/A,765,0
2025-07-18,Android,IN,Referral,N/A,381,0
2025-07-18,Android,BR,Organic,N/A,1065,0
2025-07-18,Android,BR,Paid Social,N/A,613,0
2025-07-18,Android,BR,Push Notification,N/A,496,0
2025-07-18,Android,BR,Referral,N/A,233,0
2025-07-18,Web,US,Organic,N/A,1382,0
2025-07-18,Web,US,Paid Social,N/A,774,0
2025-07-18,Web,US,Push Notification,N/A,586,0
2025-07-18,Web,US,Referral,N/A,319,0
2025-07-18,Web,UK,Organic,N/A,573,0
2025-07-18,Web,UK,Paid Social,N/A,331,0
2025-07-18,Web,UK,Push Notification,N/A,277,0
2025-07-18,Web,UK,Referral,N/A,128,0
2025-07-18,Web,DE,Organic,N/A,413,0
2025-07-18,Web,DE,Paid Social,N/A,278,0
2025-07-18,Web,DE,Push Notification,N/A,206,0
2025-07-18,Web,DE,Referral,N/A,119,0
2025-07-18,Web,IN,Organic,N/A,910,0
2025-07-18,Web,IN,Paid Social,N/A,492,0
2025-07-18,Web,IN,Push Notification,N/A,428,0
2025-07-18,Web,IN,Referral,N/A,231,0
2025-07-18,Web,BR,Organic,N/A,593,0
2025-07-18,Web,BR,Paid Social,N/A,369,0
2025-07-18,Web,BR,Push Notification,N/A,277,0
2025-07-18,Web,BR,Referral,N/A,136,0
2025-07-19,iOS,US,Organic,4.1,2674,0
2025-07-19,iOS,US,Paid Social,4.1,1503,0
2025-07-19,iOS,US,Push Notification,4.1,1247,0
2025-07-19,iOS,US,Referral,4.1,588,0
2025-07-19,iOS,UK,Organic,4.1,1073,0
2025-07-19,iOS,UK,Paid Social,4.1,664,0
2025-07-19,iOS,UK,Push Notification,4.1,520,0
2025-07-19,iOS,UK,Referral,4.1,236,0
2025-07-19,iOS,DE,Organic,4.1,908,0
2025-07-19,iOS,DE,Paid Social,4.1,518,0
2025-07-19,iOS,DE,Push Notification,4.1,424,0
2025-07-19,iOS,DE,Referral,4.1,193,0
2025-07-19,iOS,IN,Organic,4.1,1755,0
2025-07-19,iOS,IN,Paid Social,4.1,1003,0
2025-07-19,iOS,IN,Push Notification,4.1,832,0
2025-07-19,iOS,IN,Referral,4.1,414,0
2025-07-19,iOS,BR,Organic,4.1,1138,0
2025-07-19,iOS,BR,Paid Social,4.1,613,0
2025-07-19,iOS,BR,Push Notification,4.1,491,0
2025-07-19,iOS,BR,Referral,4.1,243,0
2025-07-19,Android,US,Organic,N/A,2485,0
2025-07-19,Android,US,Paid Social,N/A,1403,0
2025-07-19,Android,US,Push Notification,N/A,1042,0
2025-07-19,Android,US,Referral,N/A,576,0
2025-07-19,Android,UK,Organic,N/A,1086,0
2025-07-19,Android,UK,Paid Social,N/A,605,0
2025-07-19,Android,UK,Push Notification,N/A,480,0
2025-07-19,Android,UK,Referral,N/A,239,0
2025-07-19,Android,DE,Organic,N/A,809,0
2025-07-19,Android,DE,Paid Social,N/A,491,0
2025-07-19,Android,DE,Push Notification,N/A,410,0
2025-07-19,Android,DE,Referral,N/A,176,0
2025-07-19,Android,IN,Organic,N/A,1617,0
2025-07-19,Android,IN,Paid Social,N/A,868,0
2025-07-19,Android,IN,Push Notification,N/A,703,0
2025-07-19,Android,IN,Referral,N/A,336,0
2025-07-19,Android,BR,Organic,N/A,1110,0
2025-07-19,Android,BR,Paid Social,N/A,600,0
2025-07-19,Android,BR,Push Notification,N/A,516,0
2025-07-19,Android,BR,Referral,N/A,243,0
2025-07-19,Web,US,Organic,N/A,1291,0
2025-07-19,Web,US,Paid Social,N/A,680,0
2025-07-19,Web,US,Push Notification,N/A,524,0
2025-07-19,Web,US,Referral,N/A,262,0
2025-07-19,Web,UK,Organic,N/A,582,0
2025-07-19,Web,UK,Paid Social,N/A,297,0
2025-07-19,Web,UK,Push Notification,N/A,244,0
2025-07-19,Web,UK,Referral,N/A,125,0
2025-07-19,Web,DE,Organic,N/A,411,0
2025-07-19,Web,DE,Paid Social,N/A,232,0
2025-07-19,Web,DE,Push Notification,N/A,207,0
2025-07-19,Web,DE,Referral,N/A,88,0
2025-07-19,Web,IN,Organic,N/A,801,0
2025-07-19,Web,IN,Paid Social,N/A,426,0
2025-07-19,Web,IN,Push Notification,N/A,368,0
2025-07-19,Web,IN,Referral,N/A,153,0
2025-07-19,Web,BR,Organic,N/A,539,0
2025-07-19,Web,BR,Paid Social,N/A,313,0
2025-07-19,Web,BR,Push Notification,N/A,243,0
2025-07-19,Web,BR,Referral,N/A,118,0
2025-07-20,iOS,US,Organic,4.1,2880,0
2025-07-20,iOS,US,Paid Social,4.1,1579,0
2025-07-20,iOS,US,Push Notification,4.1,1223,0
2025-07-20,iOS,US,Referral,4.1,625,0
2025-07-20,iOS,UK,Organic,4.1,1230,0
2025-07-20,iOS,UK,Paid Social,4.1,635,0
2025-07-20,iOS,UK,Push Notification,4.1,546,0
2025-07-20,iOS,UK,Referral,4.1,269,0
2025-07-20,iOS,DE,Organic,4.1,983,0
2025-07-20,iOS,DE,Paid Social,4.1,575,0
2025-07-20,iOS,DE,Push Notification,4.1,504,0
2025-07-20,iOS,DE,Referral,4.1,220,0
2025-07-20,iOS,IN,Organic,4.1,1870,0
2025-07-20,iOS,IN,Paid Social,4.1,1006,0
2025-07-20,iOS,IN,Push Notification,4.1,813,0
2025-07-20,iOS,IN,Referral,4.1,415,0
2025-07-20,iOS,BR,Organic,4.1,1252,0
2025-07-20,iOS,BR,Paid Social,4.1,682,0
2025-07-20,iOS,BR,Push Notification,4.1,527,0
2025-07-20,iOS,BR,Referral,4.1,257,0
2025-07-20,Android,US,Organic,N/A,2394,0
2025-07-20,Android,US,Paid Social,N/A,1359,0
2025-07-20,Android,US,Push Notification,N/A,1017,0
2025-07-20,Android,US,Referral,N/A,540,0
2025-07-20,Android,UK,Organic,N/A,1066,0
2025-07-20,Android,UK,Paid Social,N/A,574,0
2025-07-20,Android,UK,Push Notification,N/A,466,0
2025-07-20,Android,UK,Referral,N/A,236,0
2025-07-20,Android,DE,Organic,N/A,820,0
2025-07-20,Android,DE,Paid Social,N/A,457,0
2025-07-20,Android,DE,Push Notification,N/A,368,0
2025-07-20,Android,DE,Referral,N/A,200,0
2025-07-20,Android,IN,Organic,N/A,1566,0
2025-07-20,Android,IN,Paid Social,N/A,864,0
2025-07-20,Android,IN,Push Notification,N/A,658,0
2025-07-20,Android,IN,Referral,N/A,371,0
2025-07-20,Android,BR,Organic,N/A,1012,0
2025-07-20,Android,BR,Paid Social,N/A,614,0
2025-07-20,Android,BR,Push Notification,N/A,478,0
2025-07-20,Android,BR,Referral,N/A,250,0
2025-07-20,Web,US,Organic,N/A,1282,0
2025-07-20,Web,US,Paid Social,N/A,672,0
2025-07-20,Web,US,Push Notification,N/A,580,0
2025-07-20,Web,US,Referral,N/A,306,0
2025-07-20,Web,UK,Organic,N/A,489,0
2025-07-20,Web,UK,Paid Social,N/A,347,0
2025-07-20,Web,UK,Push Notification,N/A,260,0
2025-07-20,Web,UK,Referral,N/A,109,0
2025-07-20,Web,DE,Organic,N/A,464,0
2025-07-20,Web,DE,Paid Social,N/A,255,0
2025-07-20,Web,DE,Push Notification,N/A,193,0
2025-07-20,Web,DE,Referral,N/A,98,0
2025-07-20,Web,IN,Organic,N/A,854,0
2025-07-20,Web,IN,Paid Social,N/A,498,0
2025-07-20,Web,IN,Push Notification,N/A,396,0
2025-07-20,Web,IN,Referral,N/A,182,0
2025-07-20,Web,BR,Organic,N/A,537,0
2025-07-20,Web,BR,Paid Social,N/A,284,0
2025-07-20,Web,BR,Push Notification,N/A,262,0
2025-07-20,Web,BR,Referral,N/A,105,0
2025-07-21,iOS,US,Organic,4.1,2950,0
2025-07-21,iOS,US,Paid Social,4.1,1660,0
2025-07-21,iOS,US,Push Notification,4.1,1290,0
2025-07-21,iOS,US,Referral,4.1,662,0
2025-07-21,iOS,UK,Organic,4.1,1272,0
2025-07-21,iOS,UK,Paid Social,4.1,725,0
2025-07-21,iOS,UK,Push Notification,4.1,532,0
2025-07-21,iOS,UK,Referral,4.1,302,0
2025-07-21,iOS,DE,Organic,4.1,973,0
2025-07-21,iOS,DE,Paid Social,4.1,604,0
2025-07-21,iOS,DE,Push Notification,4.1,472,0
2025-07-21,iOS,DE,Referral,4.1,238,0
2025-07-21,iOS,IN,Organic,4.1,1862,0
2025-07-21,iOS,IN,Paid Social,4.1,1118,0
2025-07-21,iOS,IN,Push Notification,4.1,882,0
2025-07-21,iOS,IN,Referral,4.1,469,0
2025-07-21,iOS,BR,Organic,4.1,1296,0
2025-07-21,iOS,BR,Paid Social,4.1,707,0
2025-07-21,iOS,BR,Push Notification,4.1,566,0
2025-07-21,iOS,BR,Referral,4.1,268,0
2025-07-21,Android,US,Organic,N/A,2666,0
2025-07-21,Android,US,Paid Social,N/A,1499,0
2025-07-21,Android,US,Push Notification,N/A,1217,0
2025-07-21,Android,US,Referral,N/A,622,0
2025-07-21,Android,UK,Organic,N/A,1271,0
2025-07-21,Android,UK,Paid Social,N/A,610,0
2025-07-21,Android,UK,Push Notification,N/A,465,0
2025-07-21,Android,UK,Referral,N/A,264,0
2025-07-21,Android,DE,Organic,N/A,896,0
2025-07-21,Android,DE,Paid Social,N/A,487,0
2025-07-21,Android,DE,Push Notification,N/A,439,0
2025-07-21,Android,DE,Referral,N/A,227,0
2025-07-21,Android,IN,Organic,N/A,1797,0
2025-07-21,Android,IN,Paid Social,N/A,963,0
2025-07-21,Android,IN,Push Notification,N/A,734,0
2025-07-21,Android,IN,Referral,N/A,366,0
2025-07-21,Android,BR,Organic,N/A,1133,0
2025-07-21,Android,BR,Paid Social,N/A,659,0
2025-07-21,Android,BR,Push Notification,N/A,487,0
2025-07-21,Android,BR,Referral,N/A,296,0
2025-07-21,Web,US,Organic,N/A,1340,0
2025-07-21,Web,US,Paid Social,N/A,760,0
2025-07-21,Web,US,Push Notification,N/A,650,0
2025-07-21,Web,US,Referral,N/A,335,0
2025-07-21,Web,UK,Organic,N/A,576,0
2025-07-21,Web,UK,Paid Social,N/A,350,0
2025-07-21,Web,UK,Push Notification,N/A,267,0
2025-07-21,Web,UK,Referral,N/A,144,0
2025-07-21,Web,DE,Organic,N/A,503,0
2025-07-21,Web,DE,Paid Social,N/A,284,0
2025-07-21,Web,DE,Push Notification,N/A,201,0
2025-07-21,Web,DE,Referral,N/A,117,0
2025-07-21,Web,IN,Organic,N/A,906,0
2025-07-21,Web,IN,Paid Social,N/A,548,0
2025-07-21,Web,IN,Push Notification,N/A,405,0
2025-07-21,Web,IN,Referral,N/A,164,0
2025-07-21,Web,BR,Organic,N/A,558,0
2025-07-21,Web,BR,Paid Social,N/A,338,0
2025-07-21,Web,BR,Push Notification,N/A,267,0
2025-07-21,Web,BR,Referral,N/A,127,0
2025-07-22,iOS,US,Organic,4.1,2915,0
2025-07-22,iOS,US,Paid Social,4.1,1635,0
2025-07-22,iOS,US,Push Notification,4.1,1354,0
2025-07-22,iOS,US,Referral,4.1,635,0
2025-07-22,iOS,UK,Organic,4.1,1271,0
2025-07-22,iOS,UK,Paid Social,4.1,682,0
2025-07-22,iOS,UK,Push Notification,4.1,569,0
2025-07-22,iOS,UK,Referral,4.1,281,0
2025-07-22,iOS,DE,Organic,4.1,1004,0
2025-07-22,iOS,DE,Paid Social,4.1,574,0
2025-07-22,iOS,DE,Push Notification,4.1,418,0
2025-07-22,iOS,DE,Referral,4.1,213,0
2025-07-22,iOS,IN,Organic,4.1,1939,0
2025-07-22,iOS,IN,Paid Social,4.1,1044,0
2025-07-22,iOS,IN,Push Notification,4.1,846,0
2025-07-22,iOS,IN,Referral,4.1,452,0
2025-07-22,iOS,BR,Organic,4.1,1230,0
2025-07-22,iOS,BR,Paid Social,4.1,687,0
2025-07-22,iOS,BR,Push Notification,4.1,556,0
2025-07-22,iOS,BR,Referral,4.1,307,0
2025-07-22,Android,US,Organic,N/A,2734,0
2025-07-22,Android,US,Paid Social,N/A,1500,0
2025-07-22,Android,US,Push Notification,N/A,1176,0
2025-07-22,Android,US,Referral,N/A,592,0
2025-07-22,Android,UK,Organic,N/A,1124,0
2025-07-22,Android,UK,Paid Social,N/A,617,0
2025-07-22,Android,UK,Push Notification,N/A,521,0
2025-07-22,Android,UK,Referral,N/A,234,0
2025-07-22,Android,DE,Organic,N/A,870,0
2025-07-22,Android,DE,Paid Social,N/A,476,0
2025-07-22,Android,DE,Push Notification,N/A,426,0
2025-07-22,Android,DE,Referral,N/A,191,0
2025-07-22,Android,IN,Organic,N/A,1721,0
2025-07-22,Android,IN,Paid Social,N/A,950,0
2025-07-22,Android,IN,Push Notification,N/A,776,0
2025-07-22,Android,IN,Referral,N/A,374,0
2025-07-22,Android,BR,Organic,N/A,1117,0
2025-07-22,Android,BR,Paid Social,N/A,624,0
2025-07-22,Android,BR,Push Notification,N/A,496,0
2025-07-22,Android,BR,Referral,N/A,256,0
2025-07-22,Web,US,Organic,N/A,1352,0
2025-07-22,Web,US,Paid Social,N/A,758,0
2025-07-22,Web,US,Push Notification,N/A,604,0
2025-07-22,Web,US,Referral,N/A,335,0
2025-07-22,Web,UK,Organic,N/A,604,0
2025-07-22,Web,UK,Paid Social,N/A,310,0
2025-07-22,Web,UK,Push Notification,N/A,241,0
2025-07-22,Web,UK,Referral,N/A,131,0
2025-07-22,Web,DE,Organic,N/A,499,0
2025-07-22,Web,DE,Paid Social,N/A,277,0
2025-07-22,Web,DE,Push Notification,N/A,203,0
2025-07-22,Web,DE,Referral,N/A,96,0
2025-07-22,Web,IN,Organic,N/A,873,0
2025-07-22,Web,IN,Paid Social,N/A,516,0
2025-07-22,Web,IN,Push Notification,N/A,418,0
2025-07-22,Web,IN,Referral,N/A,228,0
2025-07-22,Web,BR,Organic,N/A,624,0
2025-07-22,Web,BR,Paid Social,N/A,379,0
2025-07-22,Web,BR,Push Notification,N/A,276,0
2025-07-22,Web,BR,Referral,N/A,112,0
2025-07-23,iOS,US,Organic,4.1,2907,0
2025-07-23,iOS,US,Paid Social,4.1,1593,0
2025-07-23,iOS,US,Push Notification,4.1,1364,0
2025-07-23,iOS,US,Referral,4.1,655,0
2025-07-23,iOS,UK,Organic,4.1,1250,0
2025-07-23,iOS,UK,Paid Social,4.1,670,0
2025-07-23,iOS,UK,Push Notification,4.1,534,0
2025-07-23,iOS,UK,Referral,4.1,300,0
2025-07-23,iOS,DE,Organic,4.1,1001,0
2025-07-23,iOS,DE,Paid Social,4.1,552,0
2025-07-23,iOS,DE,Push Notification,4.1,418,0
2025-07-23,iOS,DE,Referral,4.1,229,0
2025-07-23,iOS,IN,Organic,4.1,1918,0
2025-07-23,iOS,IN,Paid Social,4.1,1113,0
2025-07-23,iOS,IN,Push Notification,4.1,864,0
2025-07-23,iOS,IN,Referral,4.1,395,0
2025-07-23,iOS,BR,Organic,4.1,1296,0
2025-07-23,iOS,BR,Paid Social,4.1,691,0
2025-07-23,iOS,BR,Push Notification,4.1,561,0
2025-07-23,iOS,BR,Referral,4.1,277,0
2025-07-23,Android,US,Organic,N/A,2701,0
2025-07-23,Android,US,Paid Social,N/A,1415,0
2025-07-23,Android,US,Push Notification,N/A,1123,0
2025-07-23,Android,US,Referral,N/A,580,0
2025-07-23,Android,UK,Organic,N/A,1104,0
2025-07-23,Android,UK,Paid Social,N/A,604,0
2025-07-23,Android,UK,Push Notification,N/A,527,0
2025-07-23,Android,UK,Referral,N/A,238,0
2025-07-23,Android,DE,Organic,N/A,918,0
2025-07-23,Android,DE,Paid Social,N/A,491,0
2025-07-23,Android,DE,Push Notification,N/A,369,0
2025-07-23,Android,DE,Referral,N/A,186,0
2025-07-23,Android,IN,Organic,N/A,1758,0
2025-07-23,Android,IN,Paid Social,N/A,989,0
2025-07-23,Android,IN,Push Notification,N/A,809,0
2025-07-23,Android,IN,Referral,N/A,399,0
2025-07-23,Android,BR,Organic,N/A,1114,0
2025-07-23,Android,BR,Paid Social,N/A,639,0
2025-07-23,Android,BR,Push Notification,N/A,479,0
2025-07-23,Android,BR,Referral,N/A,233,0
2025-07-23,Web,US,Organic,N/A,1474,0
2025-07-23,Web,US,Paid Social,N/A,831,0
2025-07-23,Web,US,Push Notification,N/A,647,0
2025-07-23,Web,US,Referral,N/A,355,0
2025-07-23,Web,UK,Organic,N/A,652,0
2025-07-23,Web,UK,Paid Social,N/A,365,0
2025-07-23,Web,UK,Push Notification,N/A,308,0
2025-07-23,Web,UK,Referral,N/A,135,0
2025-07-23,Web,DE,Organic,N/A,463,0
2025-07-23,Web,DE,Paid Social,N/A,278,0
2025-07-23,Web,DE,Push Notification,N/A,228,0
2025-07-23,Web,DE,Referral,N/A,97,0
2025-07-23,Web,IN,Organic,N/A,1035,0
2025-07-23,Web,IN,Paid Social,N/A,549,0
2025-07-23,Web,IN,Push Notification,N/A,452,0
2025-07-23,Web,IN,Referral,N/A,210,0
2025-07-23,Web,BR,Organic,N/A,640,0
2025-07-23,Web,BR,Paid Social,N/A,311,0
2025-07-23,Web,BR,Push Notification,N/A,296,0
2025-07-23,Web,BR,Referral,N/A,140,0
2025-07-24,iOS,US,Organic,4.1,2947,0
2025-07-24,iOS,US,Paid Social,4.1,1543,0
2025-07-24,iOS,US,Push Notification,4.1,1292,0
2025-07-24,iOS,US,Referral,4.1,652,0
2025-07-24,iOS,UK,Organic,4.1,1242,0
2025-07-24,iOS,UK,Paid Social,4.1,696,0
2025-07-24,iOS,UK,Push Notification,4.1,532,0
2025-07-24,iOS,UK,Referral,4.1,267,0
2025-07-24,iOS,DE,Organic,4.1,1005,0
2025-07-24,iOS,DE,Paid Social,4.1,551,0
2025-07-24,iOS,DE,Push Notification,4.1,423,0
2025-07-24,iOS,DE,Referral,4.1,236,0
2025-07-24,iOS,IN,Organic,4.1,1914,0
2025-07-24,iOS,IN,Paid Social,4.1,1064,0
2025-07-24,iOS,IN,Push Notification,4.1,868,0
2025-07-24,iOS,IN,Referral,4.1,432,0
2025-07-24,iOS,BR,Organic,4.1,1266,0
2025-07-24,iOS,BR,Paid Social,4.1,702,0
2025-07-24,iOS,BR,Push Notification,4.1,550,0
2025-07-24,iOS,BR,Referral,4.1,273,0
2025-07-24,Android,US,Organic,N/A,2625,0
2025-07-24,Android,US,Paid Social,N/A,1578,0
2025-07-24,Android,US,Push Notification,N/A,1264,0
2025-07-24,Android,US,Referral,N/A,612,0
2025-07-24,Android,UK,Organic,N/A,1210,0
2025-07-24,Android,UK,Paid Social,N/A,591,0
2025-07-24,Android,UK,Push Notification,N/A,530,0
2025-07-24,Android,UK,Referral,N/A,282,0
2025-07-24,Android,DE,Organic,N/A,905,0
2025-07-24,Android,DE,Paid Social,N/A,498,0
2025-07-24,Android,DE,Push Notification,N/A,412,0
2025-07-24,Android,DE,Referral,N/A,186,0
2025-07-24,Android,IN,Organic,N/A,1820,0
2025-07-24,Android,IN,Paid Social,N/A,968,0
2025-07-24,Android,IN,Push Notification,N/A,775,0
2025-07-24,Android,IN,Referral,N/A,368,0
2025-07-24,Android,BR,Organic,N/A,1179,0
2025-07-24,Android,BR,Paid Social,N/A,657,0
2025-07-24,Android,BR,Push Notification,N/A,523,0
2025-07-24,Android,BR,Referral,N/A,262,0
2025-07-24,Web,US,Organic,N/A,1497,0
2025-07-24,Web,US,Paid Social,N/A,815,0
2025-07-24,Web,US,Push Notification,N/A,689,0
2025-07-24,Web,US,Referral,N/A,357,0
2025-07-24,Web,UK,Organic,N/A,637,0
2025-07-24,Web,UK,Paid Social,N/A,358,0
2025-07-24,Web,UK,Push Notification,N/A,302,0
2025-07-24,Web,UK,Referral,N/A,132,0
2025-07-24,Web,DE,Organic,N/A,487,0
2025-07-24,Web,DE,Paid Social,N/A,291,0
2025-07-24,Web,DE,Push Notification,N/A,210,0
2025-07-24,Web,DE,Referral,N/A,99,0
2025-07-24,Web,IN,Organic,N/A,1014,0
2025-07-24,Web,IN,Paid Social,N/A,595,0
2025-07-24,Web,IN,Push Notification,N/A,450,0
2025-07-24,Web,IN,Referral,N/A,197,0
2025-07-24,Web,BR,Organic,N/A,657,0
2025-07-24,Web,BR,Paid Social,N/A,353,0
2025-07-24,Web,BR,Push Notification,N/A,328,0
2025-07-24,Web,BR,Referral,N/A,149,0
2025-07-25,iOS,US,Organic,4.1,3027,0
2025-07-25,iOS,US,Paid Social,4.1,1621,0
2025-07-25,iOS,US,Push Notification,4.1,1395,0
2025-07-25,iOS,US,Referral,4.1,695,0
2025-07-25,iOS,UK,Organic,4.1,1375,0
2025-07-25,iOS,UK,Paid Social,4.1,726,0
2025-07-25,iOS,UK,Push Notification,4.1,582,0
2025-07-25,iOS,UK,Referral,4.1,298,0
2025-07-25,iOS,DE,Organic,4.1,1033,0
2025-07-25,iOS,DE,Paid Social,4.1,619,0
2025-07-25,iOS,DE,Push Notification,4.1,483,0
2025-07-25,iOS,DE,Referral,4.1,229,0
2025-07-25,iOS,IN,Organic,4.1,1934,0
2025-07-25,iOS,IN,Paid Social,4.1,1141,0
2025-07-25,iOS,IN,Push Notification,4.1,930,0
2025-07-25,iOS,IN,Referral,4.1,452,0
2025-07-25,iOS,BR,Organic,4.1,1278,0
2025-07-25,iOS,BR,Paid Social,4.1,758,0
2025-07-25,iOS,BR,Push Notification,4.1,579,0
2025-07-25,iOS,BR,Referral,4.1,296,0
2025-07-25,Android,US,Organic,N/A,2674,0
2025-07-25,Android,US,Paid Social,N/A,1544,0
2025-07-25,Android,US,Push Notification,N/A,1230,0
2025-07-25,Android,US,Referral,N/A,598,0
2025-07-25,Android,UK,Organic,N/A,1143,0
2025-07-25,Android,UK,Paid Social,N/A,667,0
2025-07-25,Android,UK,Push Notification,N/A,532,0
2025-07-25,Android,UK,Referral,N/A,251,0
2025-07-25,Android,DE,Organic,N/A,981,0
2025-07-25,Android,DE,Paid Social,N/A,541,0
2025-07-25,Android,DE,Push Notification,N/A,423,0
2025-07-25,Android,DE,Referral,N/A,186,0
2025-07-25,Android,IN,Organic,N/A,1793,0
2025-07-25,Android,IN,Paid Social,N/A,967,0
2025-07-25,Android,IN,Push Notification,N/A,788,0
2025-07-25,Android,IN,Referral,N/A,397,0
2025-07-25,Android,BR,Organic,N/A,1157,0
2025-07-25,Android,BR,Paid Social,N/A,654,0
2025-07-25,Android,BR,Push Notification,N/A,531,0
2025-07-25,Android,BR,Referral,N/A,236,0
2025-07-25,Web,US,Organic,N/A,1471,0
2025-07-25,Web,US,Paid Social,N/A,782,0
2025-07-25,Web,US,Push Notification,N/A,643,0
2025-07-25,Web,US,Referral,N/A,309,0
2025-07-25,Web,UK,Organic,N/A,598,0
2025-07-25,Web,UK,Paid Social,N/A,313,0
2025-07-25,Web,UK,Push Notification,N/A,283,0
2025-07-25,Web,UK,Referral,N/A,138,0
2025-07-25,Web,DE,Organic,N/A,509,0
2025-07-25,Web,DE,Paid Social,N/A,272,0
2025-07-25,Web,DE,Push Notification,N/A,204,0
2025-07-25,Web,DE,Referral,N/A,116,0
2025-07-25,Web,IN,Organic,N/A,927,0
2025-07-25,Web,IN,Paid Social,N/A,566,0
2025-07-25,Web,IN,Push Notification,N/A,402,0
2025-07-25,Web,IN,Referral,N/A,241,0
2025-07-25,Web,BR,Organic,N/A,625,0
2025-07-25,Web,BR,Paid Social,N/A,328,0
2025-07-25,Web,BR,Push Notification,N/A,262,0
2025-07-25,Web,BR,Referral,N/A,139,0
2025-07-26,iOS,US,Organic,4.1,2706,0
2025-07-26,iOS,US,Paid Social,4.1,1507,0
2025-07-26,iOS,US,Push Notification,4.1,1261,0
2025-07-26,iOS,US,Referral,4.1,546,0
2025-07-26,iOS,UK,Organic,4.1,1272,0
2025-07-26,iOS,UK,Paid Social,4.1,628,0
2025-07-26,iOS,UK,Push Notification,4.1,519,0
2025-07-26,iOS,UK,Referral,4.1,239,0
2025-07-26,iOS,DE,Organic,4.1,933,0
2025-07-26,iOS,DE,Paid Social,4.1,511,0
2025-07-26,iOS,DE,Push Notification,4.1,449,0
2025-07-26,iOS,DE,Referral,4.1,212,0
2025-07-26,iOS,IN,Organic,4.1,1806,0
2025-07-26,iOS,IN,Paid Social,4.1,980,0
2025-07-26,iOS,IN,Push Notification,4.1,812,0
2025-07-26,iOS,IN,Referral,4.1,411,0
2025-07-26,iOS,BR,Organic,4.1,1209,0
2025-07-26,iOS,BR,Paid Social,4.1,683,0
2025-07-26,iOS,BR,Push Notification,4.1,548,0
2025-07-26,iOS,BR,Referral,4.1,257,0
2025-07-26,Android,US,Organic,N/A,2598,0
2025-07-26,Android,US,Paid Social,N/A,1376,0
2025-07-26,Android,US,Push Notification,N/A,1107,0
2025-07-26,Android,US,Referral,N/A,538,0
2025-07-26,Android,UK,Organic,N/A,1038,0
2025-07-26,Android,UK,Paid Social,N/A,578,0
2025-07-26,Android,UK,Push Notification,N/A,461,0
2025-07-26,Android,UK,Referral,N/A,221,0
2025-07-26,Android,DE,Organic,N/A,850,0
2025-07-26,Android,DE,Paid Social,N/A,457,0
2025-07-26,Android,DE,Push Notification,N/A,376,0
2025-07-26,Android,DE,Referral,N/A,200,0
2025-07-26,Android,IN,Organic,N/A,1657,0
2025-07-26,Android,IN,Paid Social,N/A,869,0
2025-07-26,Android,IN,Push Notification,N/A,737,0
2025-07-26,Android,IN,Referral,N/A,362,0
2025-07-26,Android,BR,Organic,N/A,1055,0
2025-07-26,Android,BR,Paid Social,N/A,670,0
2025-07-26,Android,BR,Push Notification,N/A,478,0
2025-07-26,Android,BR,Referral,N/A,212,0
2025-07-26,Web,US,Organic,N/A,1320,0
2025-07-26,Web,US,Paid Social,N/A,680,0
2025-07-26,Web,US,Push Notification,N/A,621,0
2025-07-26,Web,US,Referral,N/A,290,0
2025-07-26,Web,UK,Organic,N/A,575,0
2025-07-26,Web,UK,Paid Social,N/A,310,0
2025-07-26,Web,UK,Push Notification,N/A,235,0
2025-07-26,Web,UK,Referral,N/A,127,0
2025-07-26,Web,DE,Organic,N/A,419,0
2025-07-26,Web,DE,Paid Social,N/A,246,0
2025-07-26,Web,DE,Push Notification,N/A,218,0
2025-07-26,Web,DE,Referral,N/A,106,0
2025-07-26,Web,IN,Organic,N/A,799,0
2025-07-26,Web,IN,Paid Social,N/A,486,0
2025-07-26,Web,IN,Push Notification,N/A,370,0
2025-07-26,Web,IN,Referral,N/A,184,0
2025-07-26,Web,BR,Organic,N/A,571,0
2025-07-26,Web,BR,Paid Social,N/A,316,0
2025-07-26,Web,BR,Push Notification,N/A,267,0
2025-07-26,Web,BR,Referral,N/A,116,0
2025-07-27,iOS,US,Organic,4.1,2824,0
2025-07-27,iOS,US,Paid Social,4.1,1579,0
2025-07-27,iOS,US,Push Notification,4.1,1211,0
2025-07-27,iOS,US,Referral,4.1,638,0
2025-07-27,iOS,UK,Organic,4.1,1210,0
2025-07-27,iOS,UK,Paid Social,4.1,704,0
2025-07-27,iOS,UK,Push Notification,4.1,575,0
2025-07-27,iOS,UK,Referral,4.1,277,0
2025-07-27,iOS,DE,Organic,4.1,972,0
2025-07-27,iOS,DE,Paid Social,4.1,545,0
2025-07-27,iOS,DE,Push Notification,4.1,481,0
2025-07-27,iOS,DE,Referral,4.1,204,0
2025-07-27,iOS,IN,Organic,4.1,1847,0
2025-07-27,iOS,IN,Paid Social,4.1,1017,0
2025-07-27,iOS,IN,Push Notification,4.1,912,0
2025-07-27,iOS,IN,Referral,4.1,401,0
2025-07-27,iOS,BR,Organic,4.1,1173,0
2025-07-27,iOS,BR,Paid Social,4.1,658,0
2025-07-27,iOS,BR,Push Notification,4.1,526,0
2025-07-27,iOS,BR,Referral,4.1,284,0
2025-07-27,Android,US,Organic,N/A,2408,0
2025-07-27,Android,US,Paid Social,N/A,1301,0
2025-07-27,Android,US,Push Notification,N/A,1120,0
2025-07-27,Android,US,Referral,N/A,506,0
2025-07-27,Android,UK,Organic,N/A,1059,0
2025-07-27,Android,UK,Paid Social,N/A,574,0
2025-07-27,Android,UK,Push Notification,N/A,450,0
2025-07-27,Android,UK,Referral,N/A,223,0
2025-07-27,Android,DE,Organic,N/A,834,0
2025-07-27,Android,DE,Paid Social,N/A,442,0
2025-07-27,Android,DE,Push Notification,N/A,365,0
2025-07-27,Android,DE,Referral,N/A,182,0
2025-07-27,Android,IN,Organic,N/A,1547,0
2025-07-27,Android,IN,Paid Social,N/A,904,0
2025-07-27,Android,IN,Push Notification,N/A,645,0
2025-07-27,Android,IN,Referral,N/A,346,0
2025-07-27,Android,BR,Organic,N/A,1097,0
2025-07-27,Android,BR,Paid Social,N/A,587,0
2025-07-27,Android,BR,Push Notification,N/A,420,0
2025-07-27,Android,BR,Referral,N/A,248,0
2025-07-27,Web,US,Organic,N/A,1447,0
2025-07-27,Web,US,Paid Social,N/A,764,0
2025-07-27,Web,US,Push Notification,N/A,575,0
2025-07-27,Web,US,Referral,N/A,306,0
2025-07-27,Web,UK,Organic,N/A,574,0
2025-07-27,Web,UK,Paid Social,N/A,320,0
2025-07-27,Web,UK,Push Notification,N/A,301,0
2025-07-27,Web,UK,Referral,N/A,137,0
2025-07-27,Web,DE,Organic,N/A,475,0
2025-07-27,Web,DE,Paid Social,N/A,271,0
2025-07-27,Web,DE,Push Notification,N/A,227,0
2025-07-27,Web,DE,Referral,N/A,102,0
2025-07-27,Web,IN,Organic,N/A,929,0
2025-07-27,Web,IN,Paid Social,N/A,523,0
2025-07-27,Web,IN,Push Notification,N/A,428,0
2025-07-27,Web,IN,Referral,N/A,212,0
2025-07-27,Web,BR,Organic,N/A,592,0
2025-07-27,Web,BR,Paid Social,N/A,309,0
2025-07-27,Web,BR,Push Notification,N/A,267,0
2025-07-27,Web,BR,Referral,N/A,139,0
2025-07-28,iOS,US,Organic,4.1,3075,0
2025-07-28,iOS,US,Paid Social,4.1,1638,0
2025-07-28,iOS,US,Push Notification,4.1,1371,0
2025-07-28,iOS,US,Referral,4.1,670,0
2025-07-28,iOS,UK,Organic,4.1,1305,0
2025-07-28,iOS,UK,Paid Social,4.1,759,0
2025-07-28,iOS,UK,Push Notification,4.1,634,0
2025-07-28,iOS,UK,Referral,4.1,306,0
2025-07-28,iOS,DE,Organic,4.1,1091,0
2025-07-28,iOS,DE,Paid Social,4.1,618,0
2025-07-28,iOS,DE,Push Notification,4.1,472,0
2025-07-28,iOS,DE,Referral,4.1,261,0
2025-07-28,iOS,IN,Organic,4.1,2103,0
2025-07-28,iOS,IN,Paid Social,4.1,1112,0
2025-07-28,iOS,IN,Push Notification,4.1,919,0
2025-07-28,iOS,IN,Referral,4.1,491,0
2025-07-28,iOS,BR,Organic,4.1,1345,0
2025-07-28,iOS,BR,Paid Social,4.1,762,0
2025-07-28,iOS,BR,Push Notification,4.1,604,0
2025-07-28,iOS,BR,Referral,4.1,290,0
2025-07-28,Android,US,Organic,N/A,2547,0
2025-07-28,Android,US,Paid Social,N/A,1317,0
2025-07-28,Android,US,Push Notification,N/A,1099,0
2025-07-28,Android,US,Referral,N/A,554,0
2025-07-28,Android,UK,Organic,N/A,1055,0
2025-07-28,Android,UK,Paid Social,N/A,587,0
2025-07-28,Android,UK,Push Notification,N/A,470,0
2025-07-28,Android,UK,Referral,N/A,249,0
2025-07-28,Android,DE,Organic,N/A,904,0
2025-07-28,Android,DE,Paid Social,N/A,519,0
2025-07-28,Android,DE,Push Notification,N/A,385,0
2025-07-28,Android,DE,Referral,N/A,209,0
2025-07-28,Android,IN,Organic,N/A,1632,0
2025-07-28,Android,IN,Paid Social,N/A,898,0
2025-07-28,Android,IN,Push Notification,N/A,721,0
2025-07-28,Android,IN,Referral,N/A,373,0
2025-07-28,Android,BR,Organic,N/A,1079,0
2025-07-28,Android,BR,Paid Social,N/A,630,0
2025-07-28,Android,BR,Push Notification,N/A,495,0
2025-07-28,Android,BR,Referral,N/A,242,0
2025-07-28,Web,US,Organic,N/A,1416,0
2025-07-28,Web,US,Paid Social,N/A,781,0
2025-07-28,Web,US,Push Notification,N/A,582,0
2025-07-28,Web,US,Referral,N/A,320,0
2025-07-28,Web,UK,Organic,N/A,603,0
2025-07-28,Web,UK,Paid Social,N/A,330,0
2025-07-28,Web,UK,Push Notification,N/A,247,0
2025-07-28,Web,UK,Referral,N/A,131,0
2025-07-28,Web,DE,Organic,N/A,485,0
2025-07-28,Web,DE,Paid Social,N/A,272,0
2025-07-28,Web,DE,Push Notification,N/A,212,0
2025-07-28,Web,DE,Referral,N/A,119,0
2025-07-28,Web,IN,Organic,N/A,866,0
2025-07-28,Web,IN,Paid Social,N/A,548,0
2025-07-28,Web,IN,Push Notification,N/A,389,0
2025-07-28,Web,IN,Referral,N/A,213,0
2025-07-28,Web,BR,Organic,N/A,564,0
2025-07-28,Web,BR,Paid Social,N/A,318,0
2025-07-28,Web,BR,Push Notification,N/A,271,0
2025-07-28,Web,BR,Referral,N/A,126,0
2025-07-29,iOS,US,Organic,4.1,2906,0
2025-07-29,iOS,US,Paid Social,4.1,1659,0
2025-07-29,iOS,US,Push Notification,4.1,1298,0
2025-07-29,iOS,US,Referral,4.1,665,0
2025-07-29,iOS,UK,Organic,4.1,1258,0
2025-07-29,iOS,UK,Paid Social,4.1,707,0
2025-07-29,iOS,UK,Push Notification,4.1,565,0
2025-07-29,iOS,UK,Referral,4.1,295,0
2025-07-29,iOS,DE,Organic,4.1,1013,0
2025-07-29,iOS,DE,Paid Social,4.1,570,0
2025-07-29,iOS,DE,Push Notification,4.1,457,0
2025-07-29,iOS,DE,Referral,4.1,224,0
2025-07-29,iOS,IN,Organic,4.1,1952,0
2025-07-29,iOS,IN,Paid Social,4.1,1073,0
2025-07-29,iOS,IN,Push Notification,4.1,857,0
2025-07-29,iOS,IN,Referral,4.1,404,0
2025-07-29,iOS,BR,Organic,4.1,1267,0
2025-07-29,iOS,BR,Paid Social,4.1,793,0
2025-07-29,iOS,BR,Push Notification,4.1,509,0
2025-07-29,iOS,BR,Referral,4.1,294,0
2025-07-29,Android,US,Organic,N/A,2567,0
2025-07-29,Android,US,Paid Social,N/A,1435,0
2025-07-29,Android,US,Push Notification,N/A,1127,0
2025-07-29,Android,US,Referral,N/A,551,0
2025-07-29,Android,UK,Organic,N/A,1154,0
2025-07-29,Android,UK,Paid Social,N/A,606,0
2025-07-29,Android,UK,Push Notification,N/A,508,0
2025-07-29,Android,UK,Referral,N/A,239,0
2025-07-29,Android,DE,Organic,N/A,907,0
2025-07-29,Android,DE,Paid Social,N/A,474,0
2025-07-29,Android,DE,Push Notification,N/A,379,0
2025-07-29,Android,DE,Referral,N/A,196,0
2025-07-29,Android,IN,Organic,N/A,1667,0
2025-07-29,Android,IN,Paid Social,N/A,943,0
2025-07-29,Android,IN,Push Notification,N/A,721,0
2025-07-29,Android,IN,Referral,N/A,384,0
2025-07-29,Android,BR,Organic,N/A,1065,0
2025-07-29,Android,BR,Paid Social,N/A,571,0
2025-07-29,Android,BR,Push Notification,N/A,464,0
2025-07-29,Android,BR,Referral,N/A,237,0
2025-07-29,Web,US,Organic,N/A,1448,0
2025-07-29,Web,US,Paid Social,N/A,829,0
2025-07-29,Web,US,Push Notification,N/A,684,0
2025-07-29,Web,US,Referral,N/A,367,0
2025-07-29,Web,UK,Organic,N/A,651,0
2025-07-29,Web,UK,Paid Social,N/A,335,0
2025-07-29,Web,UK,Push Notification,N/A,301,0
2025-07-29,Web,UK,Referral,N/A,155,0
2025-07-29,Web,DE,Organic,N/A,529,0
2025-07-29,Web,DE,Paid Social,N/A,288,0
2025-07-29,Web,DE,Push Notification,N/A,224,0
2025-07-29,Web,DE,Referral,N/A,97,0
2025-07-29,Web,IN,Organic,N/A,896,0
2025-07-29,Web,IN,Paid Social,N/A,566,0
2025-07-29,Web,IN,Push Notification,N/A,416,0
2025-07-29,Web,IN,Referral,N/A,200,0
2025-07-29,Web,BR,Organic,N/A,678,0
2025-07-29,Web,BR,Paid Social,N/A,343,0
2025-07-29,Web,BR,Push Notification,N/A,286,0
2025-07-29,Web,BR,Referral,N/A,163,0
2025-07-30,iOS,US,Organic,4.1,3041,0
2025-07-30,iOS,US,Paid Social,4.1,1687,0
2025-07-30,iOS,US,Push Notification,4.1,1328,0
2025-07-30,iOS,US,Referral,4.1,726,0
2025-07-30,iOS,UK,Organic,4.1,1304,0
2025-07-30,iOS,UK,Paid Social,4.1,745,0
2025-07-30,iOS,UK,Push Notification,4.1,592,0
2025-07-30,iOS,UK,Referral,4.1,293,0
2025-07-30,iOS,DE,Organic,4.1,1048,0
2025-07-30,iOS,DE,Paid Social,4.1,587,0
2025-07-30,iOS,DE,Push Notification,4.1,468,0
2025-07-30,iOS,DE,Referral,4.1,234,0
2025-07-30,iOS,IN,Organic,4.1,1990,0
2025-07-30,iOS,IN,Paid Social,4.1,1111,0
2025-07-30,iOS,IN,Push Notification,4.1,899,0
2025-07-30,iOS,IN,Referral,4.1,454,0
2025-07-30,iOS,BR,Organic,4.1,1296,0
2025-07-30,iOS,BR,Paid Social,4.1,751,0
2025-07-30,iOS,BR,Push Notification,4.1,587,0
2025-07-30,iOS,BR,Referral,4.1,266,0
2025-07-30,Android,US,Organic,N/A,2585,0
2025-07-30,Android,US,Paid Social,N/A,1415,0
2025-07-30,Android,US,Push Notification,N/A,1097,0
2025-07-30,Android,US,Referral,N/A,597,0
2025-07-30,Android,UK,Organic,N/A,1119,0
2025-07-30,Android,UK,Paid Social,N/A,619,0
2025-07-30,Android,UK,Push Notification,N/A,449,0
2025-07-30,Android,UK,Referral,N/A,258,0
2025-07-30,Android,DE,Organic,N/A,859,0
2025-07-30,Android,DE,Paid Social,N/A,483,0
2025-07-30,Android,DE,Push Notification,N/A,428,0
2025-07-30,Android,DE,Referral,N/A,196,0
2025-07-30,Android,IN,Organic,N/A,1715,0
2025-07-30,Android,IN,Paid Social,N/A,935,0
2025-07-30,Android,IN,Push Notification,N/A,715,0
2025-07-30,Android,IN,Referral,N/A,396,0
2025-07-30,Android,BR,Organic,N/A,1078,0
2025-07-30,Android,BR,Paid Social,N/A,584,0
2025-07-30,Android,BR,Push Notification,N/A,512,0
2025-07-30,Android,BR,Referral,N/A,241,0
2025-07-30,Web,US,Organic,N/A,1461,0
2025-07-30,Web,US,Paid Social,N/A,814,0
2025-07-30,Web,US,Push Notification,N/A,662,0
2025-07-30,Web,US,Referral,N/A,289,0
2025-07-30,Web,UK,Organic,N/A,617,0
2025-07-30,Web,UK,Paid Social,N/A,364,0
2025-07-30,Web,UK,Push Notification,N/A,283,0
2025-07-30,Web,UK,Referral,N/A,125,0
2025-07-30,Web,DE,Organic,N/A,520,0
2025-07-30,Web,DE,Paid Social,N/A,269,0
2025-07-30,Web,DE,Push Notification,N/A,185,0
2025-07-30,Web,DE,Referral,N/A,121,0
2025-07-30,Web,IN,Organic,N/A,976,0
2025-07-30,Web,IN,Paid Social,N/A,483,0
2025-07-30,Web,IN,Push Notification,N/A,426,0
2025-07-30,Web,IN,Referral,N/A,235,0
2025-07-30,Web,BR,Organic,N/A,632,0
2025-07-30,Web,BR,Paid Social,N/A,331,0
2025-07-30,Web,BR,Push Notification,N/A,287,0
2025-07-30,Web,BR,Referral,N/A,146,0
2025-07-31,iOS,US,Organic,4.1,2952,0
2025-07-31,iOS,US,Paid Social,4.1,1688,0
2025-07-31,iOS,US,Push Notification,4.1,1378,0
2025-07-31,iOS,US,Referral,4.1,632,0
2025-07-31,iOS,UK,Organic,4.1,1266,0
2025-07-31,iOS,UK,Paid Social,4.1,691,0
2025-07-31,iOS,UK,Push Notification,4.1,583,0
2025-07-31,iOS,UK,Referral,4.1,289,0
2025-07-31,iOS,DE,Organic,4.1,981,0
2025-07-31,iOS,DE,Paid Social,4.1,555,0
2025-07-31,iOS,DE,Push Notification,4.1,430,0
2025-07-31,iOS,DE,Referral,4.1,241,0
2025-07-31,iOS,IN,Organic,4.1,1910,0
2025-07-31,iOS,IN,Paid Social,4.1,1087,0
2025-07-31,iOS,IN,Push Notification,4.1,842,0
2025-07-31,iOS,IN,Referral,4.1,424,0
2025-07-31,iOS,BR,Organic,4.1,1297,0
2025-07-31,iOS,BR,Paid Social,4.1,729,0
2025-07-31,iOS,BR,Push Notification,4.1,585,0
2025-07-31,iOS,BR,Referral,4.1,270,0
2025-07-31,Android,US,Organic,N/A,2518,0
2025-07-31,Android,US,Paid Social,N/A,1479,0
2025-07-31,Android,US,Push Notification,N/A,1197,0
2025-07-31,Android,US,Referral,N/A,585,0
2025-07-31,Android,UK,Organic,N/A,1225,0
2025-07-31,Android,UK,Paid Social,N/A,635,0
2025-07-31,Android,UK,Push Notification,N/A,461,0
2025-07-31,Android,UK,Referral,N/A,253,0
2025-07-31,Android,DE,Organic,N/A,829,0
2025-07-31,Android,DE,Paid Social,N/A,512,0
2025-07-31,Android,DE,Push Notification,N/A,388,0
2025-07-31,Android,DE,Referral,N/A,215,0
2025-07-31,Android,IN,Organic,N/A,1733,0
2025-07-31,Android,IN,Paid Social,N/A,977,0
2025-07-31,Android,IN,Push Notification,N/A,762,0
2025-07-31,Android,IN,Referral,N/A,353,0
2025-07-31,Android,BR,Organic,N/A,1146,0
2025-07-31,Android,BR,Paid Social,N/A,638,0
2025-07-31,Android,BR,Push Notification,N/A,496,0
2025-07-31,Android,BR,Referral,N/A,238,0
2025-07-31,Web,US,Organic,N/A,1471,0
2025-07-31,Web,US,Paid Social,N/A,831,0
2025-07-31,Web,US,Push Notification,N/A,650,0
2025-07-31,Web,US,Referral,N/A,343,0
2025-07-31,Web,UK,Organic,N/A,622,0
2025-07-31,Web,UK,Paid Social,N/A,362,0
2025-07-31,Web,UK,Push Notification,N/A,273,0
2025-07-31,Web,UK,Referral,N/A,120,0
2025-07-31,Web,DE,Organic,N/A,511,0
2025-07-31,Web,DE,Paid Social,N/A,277,0
2025-07-31,Web,DE,Push Notification,N/A,220,0
2025-07-31,Web,DE,Referral,N/A,119,0
2025-07-31,Web,IN,Organic,N/A,938,0
2025-07-31,Web,IN,Paid Social,N/A,524,0
2025-07-31,Web,IN,Push Notification,N/A,406,0
2025-07-31,Web,IN,Referral,N/A,241,0
2025-07-31,Web,BR,Organic,N/A,658,0
2025-07-31,Web,BR,Paid Social,N/A,352,0
2025-07-31,Web,BR,Push Notification,N/A,256,0
2025-07-31,Web,BR,Referral,N/A,128,0
2025-08-01,iOS,US,Organic,4.1,3068,0
2025-08-01,iOS,US,Paid Social,4.1,1689,0
2025-08-01,iOS,US,Push Notification,4.1,1368,0
2025-08-01,iOS,US,Referral,4.1,676,0
2025-08-01,iOS,UK,Organic,4.1,1228,0
2025-08-01,iOS,UK,Paid Social,4.1,712,0
2025-08-01,iOS,UK,Push Notification,4.1,591,0
2025-08-01,iOS,UK,Referral,4.1,293,0
2025-08-01,iOS,DE,Organic,4.1,1073,0
2025-08-01,iOS,DE,Paid Social,4.1,610,0
2025-08-01,iOS,DE,Push Notification,4.1,387,0
2025-08-01,iOS,DE,Referral,4.1,223,0
2025-08-01,iOS,IN,Organic,4.1,2010,0
2025-08-01,iOS,IN,Paid Social,4.1,1075,0
2025-08-01,iOS,IN,Push Notification,4.1,876,0
2025-08-01,iOS,IN,Referral,4.1,446,0
2025-08-01,iOS,BR,Organic,4.1,1304,0
2025-08-01,iOS,BR,Paid Social,4.1,733,0
2025-08-01,iOS,BR,Push Notification,4.1,638,0
2025-08-01,iOS,BR,Referral,4.1,262,0
2025-08-01,Android,US,Organic,N/A,2606,0
2025-08-01,Android,US,Paid Social,N/A,1502,0
2025-08-01,Android,US,Push Notification,N/A,1149,0
2025-08-01,Android,US,Referral,N/A,612,0
2025-08-01,Android,UK,Organic,N/A,1149,0
2025-08-01,Android,UK,Paid Social,N/A,634,0
2025-08-01,Android,UK,Push Notification,N/A,467,0
2025-08-01,Android,UK,Referral,N/A,261,0
2025-08-01,Android,DE,Organic,N/A,899,0
2025-08-01,Android,DE,Paid Social,N/A,502,0
2025-08-01,Android,DE,Push Notification,N/A,420,0
2025-08-01,Android,DE,Referral,N/A,210,0
2025-08-01,Android,IN,Organic,N/A,1765,0
2025-08-01,Android,IN,Paid Social,N/A,953,0
2025-08-01,Android,IN,Push Notification,N/A,767,0
2025-08-01,Android,IN,Referral,N/A,388,0
2025-08-01,Android,BR,Organic,N/A,1149,0
2025-08-01,Android,BR,Paid Social,N/A,646,0
2025-08-01,Android,BR,Push Notification,N/A,503,0
2025-08-01,Android,BR,Referral,N/A,293,0
2025-08-01,Web,US,Organic,N/A,1461,0
2025-08-01,Web,US,Paid Social,N/A,866,0
2025-08-01,Web,US,Push Notification,N/A,674,0
2025-08-01,Web,US,Referral,N/A,316,0
2025-08-01,Web,UK,Organic,N/A,632,0
2025-08-01,Web,UK,Paid Social,N/A,340,0
2025-08-01,Web,UK,Push Notification,N/A,248,0
2025-08-01,Web,UK,Referral,N/A,137,0
2025-08-01,Web,DE,Organic,N/A,500,0
2025-08-01,Web,DE,Paid Social,N/A,299,0
2025-08-01,Web,DE,Push Notification,N/A,226,0
2025-08-01,Web,DE,Referral,N/A,120,0
2025-08-01,Web,IN,Organic,N/A,974,0
2025-08-01,Web,IN,Paid Social,N/A,581,0
2025-08-01,Web,IN,Push Notification,N/A,462,0
2025-08-01,Web,IN,Referral,N/A,208,0
2025-08-01,Web,BR,Organic,N/A,646,0
2025-08-01,Web,BR,Paid Social,N/A,377,0
2025-08-01,Web,BR,Push Notification,N/A,247,0
2025-08-01,Web,BR,Referral,N/A,153,0
2025-08-02,iOS,US,Organic,4.1,2822,0
2025-08-02,iOS,US,Paid Social,4.1,1480,0
2025-08-02,iOS,US,Push Notification,4.1,1190,0
2025-08-02,iOS,US,Referral,4.1,617,0
2025-08-02,iOS,UK,Organic,4.1,1092,0
2025-08-02,iOS,UK,Paid Social,4.1,650,0
2025-08-02,iOS,UK,Push Notification,4.1,532,0
2025-08-02,iOS,UK,Referral,4.1,271,0
2025-08-02,iOS,DE,Organic,4.1,926,0
2025-08-02,iOS,DE,Paid Social,4.1,514,0
2025-08-02,iOS,DE,Push Notification,4.1,403,0
2025-08-02,iOS,DE,Referral,4.1,211,0
2025-08-02,iOS,IN,Organic,4.1,1736,0
2025-08-02,iOS,IN,Paid Social,4.1,998,0
2025-08-02,iOS,IN,Push Notification,4.1,768,0
2025-08-02,iOS,IN,Referral,4.1,382,0
2025-08-02,iOS,BR,Organic,4.1,1156,0
2025-08-02,iOS,BR,Paid Social,4.1,636,0
2025-08-02,iOS,BR,Push Notification,4.1,514,0
2025-08-02,iOS,BR,Referral,4.1,275,0
2025-08-02,Android,US,Organic,N/A,2303,0
2025-08-02,Android,US,Paid Social,N/A,1388,0
2025-08-02,Android,US,Push Notification,N/A,1049,0
2025-08-02,Android,US,Referral,N/A,556,0
2025-08-02,Android,UK,Organic,N/A,1080,0
2025-08-02,Android,UK,Paid Social,N/A,559,0
2025-08-02,Android,UK,Push Notification,N/A,467,0
2025-08-02,Android,UK,Referral,N/A,248,0
2025-08-02,Android,DE,Organic,N/A,770,0
2025-08-02,Android,DE,Paid Social,N/A,472,0
2025-08-02,Android,DE,Push Notification,N/A,384,0
2025-08-02,Android,DE,Referral,N/A,190,0
2025-08-02,Android,IN,Organic,N/A,1548,0
2025-08-02,Android,IN,Paid Social,N/A,899,0
2025-08-02,Android,IN,Push Notification,N/A,676,0
2025-08-02,Android,IN,Referral,N/A,369,0
2025-08-02,Android,BR,Organic,N/A,1037,0
2025-08-02,Android,BR,Paid Social,N/A,547,0
2025-08-02,Android,BR,Push Notification,N/A,452,0
2025-08-02,Android,BR,Referral,N/A,231,0
2025-08-02,Web,US,Organic,N/A,1310,0
2025-08-02,Web,US,Paid Social,N/A,746,0
2025-08-02,Web,US,Push Notification,N/A,599,0
2025-08-02,Web,US,Referral,N/A,302,0
2025-08-02,Web,UK,Organic,N/A,563,0
2025-08-02,Web,UK,Paid Social,N/A,323,0
2025-08-02,Web,UK,Push Notification,N/A,213,0
2025-08-02,Web,UK,Referral,N/A,131,0
2025-08-02,Web,DE,Organic,N/A,467,0
2025-08-02,Web,DE,Paid Social,N/A,266,0
2025-08-02,Web,DE,Push Notification,N/A,198,0
2025-08-02,Web,DE,Referral,N/A,94,0
2025-08-02,Web,IN,Organic,N/A,878,0
2025-08-02,Web,IN,Paid Social,N/A,484,0
2025-08-02,Web,IN,Push Notification,N/A,410,0
2025-08-02,Web,IN,Referral,N/A,195,0
2025-08-02,Web,BR,Organic,N/A,573,0
2025-08-02,Web,BR,Paid Social,N/A,312,0
2025-08-02,Web,BR,Push Notification,N/A,280,0
2025-08-02,Web,BR,Referral,N/A,105,0
2025-08-03,iOS,US,Organic,4.1,2769,0
2025-08-03,iOS,US,Paid Social,4.1,1498,0
2025-08-03,iOS,US,Push Notification,4.1,1157,0
2025-08-03,iOS,US,Referral,4.1,544,0
2025-08-03,iOS,UK,Organic,4.1,1179,0
2025-08-03,iOS,UK,Paid Social,4.1,609,0
2025-08-03,iOS,UK,Push Notification,4.1,575,0
2025-08-03,iOS,UK,Referral,4.1,266,0
2025-08-03,iOS,DE,Organic,4.1,942,0
2025-08-03,iOS,DE,Paid Social,4.1,538,0
2025-08-03,iOS,DE,Push Notification,4.1,410,0
2025-08-03,iOS,DE,Referral,4.1,194,0
2025-08-03,iOS,IN,Organic,4.1,1836,0
2025-08-03,iOS,IN,Paid Social,4.1,1013,0
2025-08-03,iOS,IN,Push Notification,4.1,825,0
2025-08-03,iOS,IN,Referral,4.1,374,0
2025-08-03,iOS,BR,Organic,4.1,1212,0
2025-08-03,iOS,BR,Paid Social,4.1,695,0
2025-08-03,iOS,BR,Push Notification,4.1,527,0
2025-08-03,iOS,BR,Referral,4.1,227,0
2025-08-03,Android,US,Organic,N/A,2268,0
2025-08-03,Android,US,Paid Social,N/A,1293,0
2025-08-03,Android,US,Push Notification,N/A,1023,0
2025-08-03,Android,US,Referral,N/A,455,0
2025-08-03,Android,UK,Organic,N/A,984,0
2025-08-03,Android,UK,Paid Social,N/A,545,0
2025-08-03,Android,UK,Push Notification,N/A,418,0
2025-08-03,Android,UK,Referral,N/A,237,0
2025-08-03,Android,DE,Organic,N/A,817,0
2025-08-03,Android,DE,Paid Social,N/A,465,0
2025-08-03,Android,DE,Push Notification,N/A,381,0
2025-08-03,Android,DE,Referral,N/A,175,0
2025-08-03,Android,IN,Organic,N/A,1576,0
2025-08-03,Android,IN,Paid Social,N/A,818,0
2025-08-03,Android,IN,Push Notification,N/A,720,0
2025-08-03,Android,IN,Referral,N/A,322,0
2025-08-03,Android,BR,Organic,N/A,1031,0
2025-08-03,Android,BR,Paid Social,N/A,530,0
2025-08-03,Android,BR,Push Notification,N/A,446,0
2025-08-03,Android,BR,Referral,N/A,244,0
2025-08-03,Web,US,Organic,N/A,1324,0
2025-08-03,Web,US,Paid Social,N/A,779,0
2025-08-03,Web,US,Push Notification,N/A,606,0
2025-08-03,Web,US,Referral,N/A,286,0
2025-08-03,Web,UK,Organic,N/A,540,0
2025-08-03,Web,UK,Paid Social,N/A,304,0
2025-08-03,Web,UK,Push Notification,N/A,237,0
2025-08-03,Web,UK,Referral,N/A,120,0
2025-08-03,Web,DE,Organic,N/A,434,0
2025-08-03,Web,DE,Paid Social,N/A,248,0
2025-08-03,Web,DE,Push Notification,N/A,175,0
2025-08-03,Web,DE,Referral,N/A,102,0
2025-08-03,Web,IN,Organic,N/A,879,0
2025-08-03,Web,IN,Paid Social,N/A,441,0
2025-08-03,Web,IN,Push Notification,N/A,396,0
2025-08-03,Web,IN,Referral,N/A,188,0
2025-08-03,Web,BR,Organic,N/A,569,0
2025-08-03,Web,BR,Paid Social,N/A,310,0
2025-08-03,Web,BR,Push Notification,N/A,240,0
2025-08-03,Web,BR,Referral,N/A,128,0
2025-08-04,iOS,US,Organic,4.1,3150,0
2025-08-04,iOS,US,Paid Social,4.1,1668,0
2025-08-04,iOS,US,Push Notification,4.1,1411,0
2025-08-04,iOS,US,Referral,4.1,674,0
2025-08-04,iOS,UK,Organic,4.1,1367,0
2025-08-04,iOS,UK,Paid Social,4.1,757,0
2025-08-04,iOS,UK,Push Notification,4.1,587,0
2025-08-04,iOS,UK,Referral,4.1,292,0
2025-08-04,iOS,DE,Organic,4.1,1119,0
2025-08-04,iOS,DE,Paid Social,4.1,639,0
2025-08-04,iOS,DE,Push Notification,4.1,452,0
2025-08-04,iOS,DE,Referral,4.1,250,0
2025-08-04,iOS,IN,Organic,4.1,2046,0
2025-08-04,iOS,IN,Paid Social,4.1,1092,0
2025-08-04,iOS,IN,Push Notification,4.1,904,0
2025-08-04,iOS,IN,Referral,4.1,467,0
2025-08-04,iOS,BR,Organic,4.1,1287,0
2025-08-04,iOS,BR,Paid Social,4.1,711,0
2025-08-04,iOS,BR,Push Notification,4.1,572,0
2025-08-04,iOS,BR,Referral,4.1,309,0
2025-08-04,Android,US,Organic,N/A,2692,0
2025-08-04,Android,US,Paid Social,N/A,1527,0
2025-08-04,Android,US,Push Notification,N/A,1195,0
2025-08-04,Android,US,Referral,N/A,598,0
2025-08-04,Android,UK,Organic,N/A,1143,0
2025-08-04,Android,UK,Paid Social,N/A,686,0
2025-08-04,Android,UK,Push Notification,N/A,512,0
2025-08-04,Android,UK,Referral,N/A,236,0
2025-08-04,Android,DE,Organic,N/A,878,0
2025-08-04,Android,DE,Paid Social,N/A,531,0
2025-08-04,Android,DE,Push Notification,N/A,401,0
2025-08-04,Android,DE,Referral,N/A,212,0
2025-08-04,Android,IN,Organic,N/A,1750,0
2025-08-04,Android,IN,Paid Social,N/A,937,0
2025-08-04,Android,IN,Push Notification,N/A,796,0
2025-08-04,Android,IN,Referral,N/A,388,0
2025-08-04,Android,BR,Organic,N/A,1143,0
2025-08-04,Android,BR,Paid Social,N/A,630,0
2025-08-04,Android,BR,Push Notification,N/A,527,0
2025-08-04,Android,BR,Referral,N/A,271,0
2025-08-04,Web,US,Organic,N/A,1451,0
2025-08-04,Web,US,Paid Social,N/A,778,0
2025-08-04,Web,US,Push Notification,N/A,643,0
2025-08-04,Web,US,Referral,N/A,308,0
2025-08-04,Web,UK,Organic,N/A,643,0
2025-08-04,Web,UK,Paid Social,N/A,360,0
2025-08-04,Web,UK,Push Notification,N/A,286,0
2025-08-04,Web,UK,Referral,N/A,143,0
2025-08-04,Web,DE,Organic,N/A,510,0
2025-08-04,Web,DE,Paid Social,N/A,264,0
2025-08-04,Web,DE,Push Notification,N/A,200,0
2025-08-04,Web,DE,Referral,N/A,107,0
2025-08-04,Web,IN,Organic,N/A,980,0
2025-08-04,Web,IN,Paid Social,N/A,534,0
2025-08-04,Web,IN,Push Notification,N/A,476,0
2025-08-04,Web,IN,Referral,N/A,200,0
2025-08-04,Web,BR,Organic,N/A,605,0
2025-08-04,Web,BR,Paid Social,N/A,355,0
2025-08-04,Web,BR,Push Notification,N/A,277,0
2025-08-04,Web,BR,Referral,N/A,136,0
2025-08-05,iOS,US,Organic,4.1,2958,0
2025-08-05,iOS,US,Paid Social,4.1,1621,0
2025-08-05,iOS,US,Push Notification,4.1,1363,0
2025-08-05,iOS,US,Referral,4.1,682,0
2025-08-05,iOS,UK,Organic,4.1,1218,0
2025-08-05,iOS,UK,Paid Social,4.1,741,0
2025-08-05,iOS,UK,Push Notification,4.1,542,0
2025-08-05,iOS,UK,Referral,4.1,303,0
2025-08-05,iOS,DE,Organic,4.1,1031,0
2025-08-05,iOS,DE,Paid Social,4.1,531,0
2025-08-05,iOS,DE,Push Notification,4.1,497,0
2025-08-05,iOS,DE,Referral,4.1,228,0
2025-08-05,iOS,IN,Organic,4.1,1926,0
2025-08-05,iOS,IN,Paid Social,4.1,1144,0
2025-08-05,iOS,IN,Push Notification,4.1,879,0
2025-08-05,iOS,IN,Referral,4.1,438,0
2025-08-05,iOS,BR,Organic,4.1,1332,0
2025-08-05,iOS,BR,Paid Social,4.1,723,0
2025-08-05,iOS,BR,Push Notification,4.1,562,0
2025-08-05,iOS,BR,Referral,4.1,248,0
2025-08-05,Android,US,Organic,N/A,2741,0
2025-08-05,Android,US,Paid Social,N/A,1456,0
2025-08-05,Android,US,Push Notification,N/A,1225,0
2025-08-05,Android,US,Referral,N/A,591,0
2025-08-05,Android,UK,Organic,N/A,1205,0
2025-08-05,Android,UK,Paid Social,N/A,625,0
2025-08-05,Android,UK,Push Notification,N/A,565,0
2025-08-05,Android,UK,Referral,N/A,267,0
2025-08-05,Android,DE,Organic,N/A,831,0
2025-08-05,Android,DE,Paid Social,N/A,520,0
2025-08-05,Android,DE,Push Notification,N/A,422,0
2025-08-05,Android,DE,Referral,N/A,193,0
2025-08-05,Android,IN,Organic,N/A,1777,0
2025-08-05,Android,IN,Paid Social,N/A,975,0
2025-08-05,Android,IN,Push Notification,N/A,790,0
2025-08-05,Android,IN,Referral,N/A,409,0
2025-08-05,Android,BR,Organic,N/A,1098,0
2025-08-05,Android,BR,Paid Social,N/A,615,0
2025-08-05,Android,BR,Push Notification,N/A,511,0
2025-08-05,Android,BR,Referral,N/A,260,0
2025-08-05,Web,US,Organic,N/A,1480,0
2025-08-05,Web,US,Paid Social,N/A,796,0
2025-08-05,Web,US,Push Notification,N/A,616,0
2025-08-05,Web,US,Referral,N/A,322,0
2025-08-05,Web,UK,Organic,N/A,634,0
2025-08-05,Web,UK,Paid Social,N/A,341,0
2025-08-05,Web,UK,Push Notification,N/A,260,0
2025-08-05,Web,UK,Referral,N/A,156,0
2025-08-05,Web,DE,Organic,N/A,518,0
2025-08-05,Web,DE,Paid Social,N/A,297,0
2025-08-05,Web,DE,Push Notification,N/A,214,0
2025-08-05,Web,DE,Referral,N/A,108,0
2025-08-05,Web,IN,Organic,N/A,935,0
2025-08-05,Web,IN,Paid Social,N/A,503,0
2025-08-05,Web,IN,Push Notification,N/A,434,0
2025-08-05,Web,IN,Referral,N/A,229,0
2025-08-05,Web,BR,Organic,N/A,648,0
2025-08-05,Web,BR,Paid Social,N/A,340,0
2025-08-05,Web,BR,Push Notification,N/A,281,0
2025-08-05,Web,BR,Referral,N/A,128,0
2025-08-06,iOS,US,Organic,4.1,3152,0
2025-08-06,iOS,US,Paid Social,4.1,1722,0
2025-08-06,iOS,US,Push Notification,4.1,1381,0
2025-08-06,iOS,US,Referral,4.1,694,0
2025-08-06,iOS,UK,Organic,4.1,1384,0
2025-08-06,iOS,UK,Paid Social,4.1,725,0
2025-08-06,iOS,UK,Push Notification,4.1,563,0
2025-08-06,iOS,UK,Referral,4.1,272,0
2025-08-06,iOS,DE,Organic,4.1,1093,0
2025-08-06,iOS,DE,Paid Social,4.1,637,0
2025-08-06,iOS,DE,Push Notification,4.1,476,0
2025-08-06,iOS,DE,Referral,4.1,263,0
2025-08-06,iOS,IN,Organic,4.1,2054,0
2025-08-06,iOS,IN,Paid Social,4.1,1133,0
2025-08-06,iOS,IN,Push Notification,4.1,921,0
2025-08-06,iOS,IN,Referral,4.1,462,0
2025-08-06,iOS,BR,Organic,4.1,1380,0
2025-08-06,iOS,BR,Paid Social,4.1,774,0
2025-08-06,iOS,BR,Push Notification,4.1,575,0
2025-08-06,iOS,BR,Referral,4.1,303,0
2025-08-06,Android,US,Organic,N/A,2879,0
2025-08-06,Android,US,Paid Social,N/A,1467,0
2025-08-06,Android,US,Push Notification,N/A,1175,0
2025-08-06,Android,US,Referral,N/A,611,0
2025-08-06,Android,UK,Organic,N/A,1170,0
2025-08-06,Android,UK,Paid Social,N/A,702,0
2025-08-06,Android,UK,Push Notification,N/A,539,0
2025-08-06,Android,UK,Referral,N/A,224,0
2025-08-06,Android,DE,Organic,N/A,914,0
2025-08-06,Android,DE,Paid Social,N/A,551,0
2025-08-06,Android,DE,Push Notification,N/A,417,0
2025-08-06,Android,DE,Referral,N/A,231,0
2025-08-06,Android,IN,Organic,N/A,1743,0
2025-08-06,Android,IN,Paid Social,N/A,995,0
2025-08-06,Android,IN,Push Notification,N/A,780,0
2025-08-06,Android,IN,Referral,N/A,407,0
2025-08-06,Android,BR,Organic,N/A,1134,0
2025-08-06,Android,BR,Paid Social,N/A,660,0
2025-08-06,Android,BR,Push Notification,N/A,560,0
2025-08-06,Android,BR,Referral,N/A,257,0
2025-08-06,Web,US,Organic,N/A,1394,0
2025-08-06,Web,US,Paid Social,N/A,835,0
2025-08-06,Web,US,Push Notification,N/A,629,0
2025-08-06,Web,US,Referral,N/A,309,0
2025-08-06,Web,UK,Organic,N/A,625,0
2025-08-06,Web,UK,Paid Social,N/A,364,0
2025-08-06,Web,UK,Push Notification,N/A,284,0
2025-08-06,Web,UK,Referral,N/A,133,0
2025-08-06,Web,DE,Organic,N/A,469,0
2025-08-06,Web,DE,Paid Social,N/A,269,0
2025-08-06,Web,DE,Push Notification,N/A,224,0
2025-08-06,Web,DE,Referral,N/A,103,0
2025-08-06,Web,IN,Organic,N/A,920,0
2025-08-06,Web,IN,Paid Social,N/A,519,0
2025-08-06,Web,IN,Push Notification,N/A,417,0
2025-08-06,Web,IN,Referral,N/A,220,0
2025-08-06,Web,BR,Organic,N/A,629,0
2025-08-06,Web,BR,Paid Social,N/A,362,0
2025-08-06,Web,BR,Push Notification,N/A,252,0
2025-08-06,Web,BR,Referral,N/A,116,0
2025-08-07,iOS,US,Organic,4.1,3131,0
2025-08-07,iOS,US,Paid Social,4.1,1677,0
2025-08-07,iOS,US,Push Notification,4.1,1408,0
2025-08-07,iOS,US,Referral,4.1,678,0
2025-08-07,iOS,UK,Organic,4.1,1307,0
2025-08-07,iOS,UK,Paid Social,4.1,750,0
2025-08-07,iOS,UK,Push Notification,4.1,580,0
2025-08-07,iOS,UK,Referral,4.1,291,0
2025-08-07,iOS,DE,Organic,4.1,1023,0
2025-08-07,iOS,DE,Paid Social,4.1,543,0
2025-08-07,iOS,DE,Push Notification,4.1,452,0
2025-08-07,iOS,DE,Referral,4.1,209,0
2025-08-07,iOS,IN,Organic,4.1,1981,0
2025-08-07,iOS,IN,Paid Social,4.1,1083,0
2025-08-07,iOS,IN,Push Notification,4.1,868,0
2025-08-07,iOS,IN,Referral,4.1,437,0
2025-08-07,iOS,BR,Organic,4.1,1265,0
2025-08-07,iOS,BR,Paid Social,4.1,775,0
2025-08-07,iOS,BR,Push Notification,4.1,558,0
2025-08-07,iOS,BR,Referral,4.1,300,0
2025-08-07,Android,US,Organic,N/A,2737,0
2025-08-07,Android,US,Paid Social,N/A,1466,0
2025-08-07,Android,US,Push Notification,N/A,1202,0
2025-08-07,Android,US,Referral,N/A,603,0
2025-08-07,Android,UK,Organic,N/A,1173,0
2025-08-07,Android,UK,Paid Social,N/A,609,0
2025-08-07,Android,UK,Push Notification,N/A,531,0
2025-08-07,Android,UK,Referral,N/A,262,0
2025-08-07,Android,DE,Organic,N/A,928,0
2025-08-07,Android,DE,Paid Social,N/A,509,0
2025-08-07,Android,DE,Push Notification,N/A,429,0
2025-08-07,Android,DE,Referral,N/A,225,0
2025-08-07,Android,IN,Organic,N/A,1738,0
2025-08-07,Android,IN,Paid Social,N/A,1025,0
2025-08-07,Android,IN,Push Notification,N/A,813,0
2025-08-07,Android,IN,Referral,N/A,407,0
2025-08-07,Android,BR,Organic,N/A,1184,0
2025-08-07,Android,BR,Paid Social,N/A,626,0
2025-08-07,Android,BR,Push Notification,N/A,504,0
2025-08-07,Android,BR,Referral,N/A,233,0
2025-08-07,Web,US,Organic,N/A,1415,0
2025-08-07,Web,US,Paid Social,N/A,753,0
2025-08-07,Web,US,Push Notification,N/A,636,0
2025-08-07,Web,US,Referral,N/A,301,0
2025-08-07,Web,UK,Organic,N/A,547,0
2025-08-07,Web,UK,Paid Social,N/A,308,0
2025-08-07,Web,UK,Push Notification,N/A,246,0
2025-08-07,Web,UK,Referral,N/A,131,0
2025-08-07,Web,DE,Organic,N/A,430,0
2025-08-07,Web,DE,Paid Social,N/A,240,0
2025-08-07,Web,DE,Push Notification,N/A,213,0
2025-08-07,Web,DE,Referral,N/A,98,0
2025-08-07,Web,IN,Organic,N/A,844,0
2025-08-07,Web,IN,Paid Social,N/A,511,0
2025-08-07,Web,IN,Push Notification,N/A,405,0
2025-08-07,Web,IN,Referral,N/A,182,0
2025-08-07,Web,BR,Organic,N/A,593,0
2025-08-07,Web,BR,Paid Social,N/A,345,0
2025-08-07,Web,BR,Push Notification,N/A,276,0
2025-08-07,Web,BR,Referral,N/A,128,0
2025-08-08,iOS,US,Organic,4.1,3001,0
2025-08-08,iOS,US,Paid Social,4.1,1662,0
2025-08-08,iOS,US,Push Notification,4.1,1362,0
2025-08-08,iOS,US,Referral,4.1,675,0
2025-08-08,iOS,UK,Organic,4.1,1254,0
2025-08-08,iOS,UK,Paid Social,4.1,664,0
2025-08-08,iOS,UK,Push Notification,4.1,538,0
2025-08-08,iOS,UK,Referral,4.1,318,0
2025-08-08,iOS,DE,Organic,4.1,1050,0
2025-08-08,iOS,DE,Paid Social,4.1,581,0
2025-08-08,iOS,DE,Push Notification,4.1,473,0
2025-08-08,iOS,DE,Referral,4.1,202,0
2025-08-08,iOS,IN,Organic,4.1,2031,0
2025-08-08,iOS,IN,Paid Social,4.1,1109,0
2025-08-08,iOS,IN,Push Notification,4.1,899,0
2025-08-08,iOS,IN,Referral,4.1,446,0
2025-08-08,iOS,BR,Organic,4.1,1322,0
2025-08-08,iOS,BR,Paid Social,4.1,672,0
2025-08-08,iOS,BR,Push Notification,4.1,569,0
2025-08-08,iOS,BR,Referral,4.1,283,0
2025-08-08,Android,US,Organic,N/A,2561,0
2025-08-08,Android,US,Paid Social,N/A,1470,0
2025-08-08,Android,US,Push Notification,N/A,1166,0
2025-08-08,Android,US,Referral,N/A,614,0
2025-08-08,Android,UK,Organic,N/A,1152,0
2025-08-08,Android,UK,Paid Social,N/A,614,0
2025-08-08,Android,UK,Push Notification,N/A,507,0
2025-08-08,Android,UK,Referral,N/A,233,0
2025-08-08,Android,DE,Organic,N/A,892,0
2025-08-08,Android,DE,Paid Social,N/A,519,0
2025-08-08,Android,DE,Push Notification,N/A,383,0
2025-08-08,Android,DE,Referral,N/A,213,0
2025-08-08,Android,IN,Organic,N/A,1701,0
2025-08-08,Android,IN,Paid Social,N/A,925,0
2025-08-08,Android,IN,Push Notification,N/A,800,0
2025-08-08,Android,IN,Referral,N/A,346,0
2025-08-08,Android,BR,Organic,N/A,1200,0
2025-08-08,Android,BR,Paid Social,N/A,630,0
2025-08-08,Android,BR,Push Notification,N/A,512,0
2025-08-08,Android,BR,Referral,N/A,275,0
2025-08-08,Web,US,Organic,N/A,1422,0
2025-08-08,Web,US,Paid Social,N/A,787,0
2025-08-08,Web,US,Push Notification,N/A,630,0
2025-08-08,Web,US,Referral,N/A,290,0
2025-08-08,Web,UK,Organic,N/A,570,0
2025-08-08,Web,UK,Paid Social,N/A,359,0
2025-08-08,Web,UK,Push Notification,N/A,282,0
2025-08-08,Web,UK,Referral,N/A,122,0
2025-08-08,Web,DE,Organic,N/A,469,0
2025-08-08,Web,DE,Paid Social,N/A,258,0
2025-08-08,Web,DE,Push Notification,N/A,199,0
2025-08-08,Web,DE,Referral,N/A,104,0
2025-08-08,Web,IN,Organic,N/A,865,0
2025-08-08,Web,IN,Paid Social,N/A,472,0
2025-08-08,Web,IN,Push Notification,N/A,400,0
2025-08-08,Web,IN,Referral,N/A,222,0
2025-08-08,Web,BR,Organic,N/A,586,0
2025-08-08,Web,BR,Paid Social,N/A,315,0
2025-08-08,Web,BR,Push Notification,N/A,268,0
2025-08-08,Web,BR,Referral,N/A,132,0
2025-08-09,iOS,US,Organic,4.1,2834,0
2025-08-09,iOS,US,Paid Social,4.1,1561,0
2025-08-09,iOS,US,Push Notification,4.1,1183,0
2025-08-09,iOS,US,Referral,4.1,601,0
2025-08-09,iOS,UK,Organic,4.1,1209,0
2025-08-09,iOS,UK,Paid Social,4.1,648,0
2025-08-09,iOS,UK,Push Notification,4.1,521,0
2025-08-09,iOS,UK,Referral,4.1,273,0
2025-08-09,iOS,DE,Organic,4.1,1046,0
2025-08-09,iOS,DE,Paid Social,4.1,538,0
2025-08-09,iOS,DE,Push Notification,4.1,413,0
2025-08-09,iOS,DE,Referral,4.1,243,0
2025-08-09,iOS,IN,Organic,4.1,1831,0
2025-08-09,iOS,IN,Paid Social,4.1,1045,0
2025-08-09,iOS,IN,Push Notification,4.1,823,0
2025-08-09,iOS,IN,Referral,4.1,387,0
2025-08-09,iOS,BR,Organic,4.1,1156,0
2025-08-09,iOS,BR,Paid Social,4.1,677,0
2025-08-09,iOS,BR,Push Notification,4.1,559,0
2025-08-09,iOS,BR,Referral,4.1,268,0
2025-08-09,Android,US,Organic,N/A,2593,0
2025-08-09,Android,US,Paid Social,N/A,1365,0
2025-08-09,Android,US,Push Notification,N/A,1151,0
2025-08-09,Android,US,Referral,N/A,585,0
2025-08-09,Android,UK,Organic,N/A,1048,0
2025-08-09,Android,UK,Paid Social,N/A,604,0
2025-08-09,Android,UK,Push Notification,N/A,514,0
2025-08-09,Android,UK,Referral,N/A,234,0
2025-08-09,Android,DE,Organic,N/A,863,0
2025-08-09,Android,DE,Paid Social,N/A,481,0
2025-08-09,Android,DE,Push Notification,N/A,386,0
2025-08-09,Android,DE,Referral,N/A,190,0
2025-08-09,Android,IN,Organic,N/A,1744,0
2025-08-09,Android,IN,Paid Social,N/A,961,0
2025-08-09,Android,IN,Push Notification,N/A,741,0
2025-08-09,Android,IN,Referral,N/A,375,0
2025-08-09,Android,BR,Organic,N/A,1097,0
2025-08-09,Android,BR,Paid Social,N/A,564,0
2025-08-09,Android,BR,Push Notification,N/A,498,0
2025-08-09,Android,BR,Referral,N/A,246,0
2025-08-09,Web,US,Organic,N/A,1302,0
2025-08-09,Web,US,Paid Social,N/A,739,0
2025-08-09,Web,US,Push Notification,N/A,600,0
2025-08-09,Web,US,Referral,N/A,292,0
2025-08-09,Web,UK,Organic,N/A,579,0
2025-08-09,Web,UK,Paid Social,N/A,322,0
2025-08-09,Web,UK,Push Notification,N/A,247,0
2025-08-09,Web,UK,Referral,N/A,133,0
2025-08-09,Web,DE,Organic,N/A,415,0
2025-08-09,Web,DE,Paid Social,N/A,272,0
2025-08-09,Web,DE,Push Notification,N/A,241,0
2025-08-09,Web,DE,Referral,N/A,89,0
2025-08-09,Web,IN,Organic,N/A,887,0
2025-08-09,Web,IN,Paid Social,N/A,468,0
2025-08-09,Web,IN,Push Notification,N/A,380,0
2025-08-09,Web,IN,Referral,N/A,198,0
2025-08-09,Web,BR,Organic,N/A,546,0
2025-08-09,Web,BR,Paid Social,N/A,315,0
2025-08-09,Web,BR,Push Notification,N/A,251,0
2025-08-09,Web,BR,Referral,N/A,120,0
2025-08-10,iOS,US,Organic,4.1,2804,0
2025-08-10,iOS,US,Paid Social,4.1,1543,0
2025-08-10,iOS,US,Push Notification,4.1,1213,0
2025-08-10,iOS,US,Referral,4.1,623,0
2025-08-10,iOS,UK,Organic,4.1,1193,0
2025-08-10,iOS,UK,Paid Social,4.1,661,0
2025-08-10,iOS,UK,Push Notification,4.1,538,0
2025-08-10,iOS,UK,Referral,4.1,267,0
2025-08-10,iOS,DE,Organic,4.1,1014,0
2025-08-10,iOS,DE,Paid Social,4.1,542,0
2025-08-10,iOS,DE,Push Notification,4.1,413,0
2025-08-10,iOS,DE,Referral,4.1,224,0
2025-08-10,iOS,IN,Organic,4.1,1760,0
2025-08-10,iOS,IN,Paid Social,4.1,1020,0
2025-08-10,iOS,IN,Push Notification,4.1,833,0
2025-08-10,iOS,IN,Referral,4.1,420,0
2025-08-10,iOS,BR,Organic,4.1,1204,0
2025-08-10,iOS,BR,Paid Social,4.1,691,0
2025-08-10,iOS,BR,Push Notification,4.1,560,0
2025-08-10,iOS,BR,Referral,4.1,276,0
2025-08-10,Android,US,Organic,N/A,2530,0
2025-08-10,Android,US,Paid Social,N/A,1430,0
2025-08-10,Android,US,Push Notification,N/A,1167,0
2025-08-10,Android,US,Referral,N/A,568,0
2025-08-10,Android,UK,Organic,N/A,1043,0
2025-08-10,Android,UK,Paid Social,N/A,647,0
2025-08-10,Android,UK,Push Notification,N/A,457,0
2025-08-10,Android,UK,Referral,N/A,229,0
2025-08-10,Android,DE,Organic,N/A,895,0
2025-08-10,Android,DE,Paid Social,N/A,474,0
2025-08-10,Android,DE,Push Notification,N/A,373,0
2025-08-10,Android,DE,Referral,N/A,174,0
2025-08-10,Android,IN,Organic,N/A,1611,0
2025-08-10,Android,IN,Paid Social,N/A,921,0
2025-08-10,Android,IN,Push Notification,N/A,764,0
2025-08-10,Android,IN,Referral,N/A,338,0
2025-08-10,Android,BR,Organic,N/A,1087,0
2025-08-10,Android,BR,Paid Social,N/A,633,0
2025-08-10,Android,BR,Push Notification,N/A,489,0
2025-08-10,Android,BR,Referral,N/A,268,0
2025-08-10,Web,US,Organic,N/A,1296,0
2025-08-10,Web,US,Paid Social,N/A,744,0
2025-08-10,Web,US,Push Notification,N/A,586,0
2025-08-10,Web,US,Referral,N/A,329,0
2025-08-10,Web,UK,Organic,N/A,580,0
2025-08-10,Web,UK,Paid Social,N/A,322,0
2025-08-10,Web,UK,Push Notification,N/A,260,0
2025-08-10,Web,UK,Referral,N/A,126,0
2025-08-10,Web,DE,Organic,N/A,481,0
2025-08-10,Web,DE,Paid Social,N/A,258,0
2025-08-10,Web,DE,Push Notification,N/A,205,0
2025-08-10,Web,DE,Referral,N/A,94,0
2025-08-10,Web,IN,Organic,N/A,818,0
2025-08-10,Web,IN,Paid Social,N/A,461,0
2025-08-10,Web,IN,Push Notification,N/A,408,0
2025-08-10,Web,IN,Referral,N/A,184,0
2025-08-10,Web,BR,Organic,N/A,539,0
2025-08-10,Web,BR,Paid Social,N/A,301,0
2025-08-10,Web,BR,Push Notification,N/A,241,0
2025-08-10,Web,BR,Referral,N/A,120,0
2025-08-11,iOS,US,Organic,4.2,209,0
2025-08-11,iOS,US,Organic,4.1,2834,0
2025-08-11,iOS,US,Paid Social,4.2,115,0
2025-08-11,iOS,US,Paid Social,4.1,1559,0
2025-08-11,iOS,US,Push Notification,4.2,87,0
2025-08-11,iOS,US,Push Notification,4.1,1189,0
2025-08-11,iOS,US,Referral,4.2,44,0
2025-08-11,iOS,US,Referral,4.1,598,0
2025-08-11,iOS,UK,Organic,4.2,85,0
2025-08-11,iOS,UK,Organic,4.1,1160,0
2025-08-11,iOS,UK,Paid Social,4.2,49,0
2025-08-11,iOS,UK,Paid Social,4.1,674,0
2025-08-11,iOS,UK,Push Notification,4.2,37,0
2025-08-11,iOS,UK,Push Notification,4.1,506,0
2025-08-11,iOS,UK,Referral,4.2,19,0
2025-08-11,iOS,UK,Referral,4.1,267,0
2025-08-11,iOS,DE,Organic,4.2,65,0
2025-08-11,iOS,DE,Organic,4.1,890,0
2025-08-11,iOS,DE,Paid Social,4.2,38,0
2025-08-11,iOS,DE,Paid Social,4.1,527,0
2025-08-11,iOS,DE,Push Notification,4.2,29,0
2025-08-11,iOS,DE,Push Notification,4.1,406,0
2025-08-11,iOS,DE,Referral,4.2,15,0
2025-08-11,iOS,DE,Referral,4.1,212,0
2025-08-11,iOS,IN,Organic,4.2,132,0
2025-08-11,iOS,IN,Organic,4.1,1790,0
2025-08-11,iOS,IN,Paid Social,4.2,74,0
2025-08-11,iOS,IN,Paid Social,4.1,1006,0
2025-08-11,iOS,IN,Push Notification,4.2,58,0
2025-08-11,iOS,IN,Push Notification,4.1,792,0
2025-08-11,iOS,IN,Referral,4.2,28,0
2025-08-11,iOS,IN,Referral,4.1,393,0
2025-08-11,iOS,BR,Organic,4.2,86,0
2025-08-11,iOS,BR,Organic,4.1,1166,0
2025-08-11,iOS,BR,Paid Social,4.2,47,0
2025-08-11,iOS,BR,Paid Social,4.1,640,0
2025-08-11,iOS,BR,Push Notification,4.2,40,0
2025-08-11,iOS,BR,Push Notification,4.1,555,0
2025-08-11,iOS,BR,Referral,4.2,18,0
2025-08-11,iOS,BR,Referral,4.1,256,0
2025-08-11,Android,US,Organic,N/A,2832,0
2025-08-11,Android,US,Paid Social,N/A,1492,0
2025-08-11,Android,US,Push Notification,N/A,1184,0
2025-08-11,Android,US,Referral,N/A,622,0
2025-08-11,Android,UK,Organic,N/A,1174,0
2025-08-11,Android,UK,Paid Social,N/A,650,0
2025-08-11,Android,UK,Push Notification,N/A,517,0
2025-08-11,Android,UK,Referral,N/A,256,0
2025-08-11,Android,DE,Organic,N/A,974,0
2025-08-11,Android,DE,Paid Social,N/A,521,0
2025-08-11,Android,DE,Push Notification,N/A,468,0
2025-08-11,Android,DE,Referral,N/A,213,0
2025-08-11,Android,IN,Organic,N/A,1848,0
2025-08-11,Android,IN,Paid Social,N/A,980,0
2025-08-11,Android,IN,Push Notification,N/A,794,0
2025-08-11,Android,IN,Referral,N/A,411,0
2025-08-11,Android,BR,Organic,N/A,1172,0
2025-08-11,Android,BR,Paid Social,N/A,660,0
2025-08-11,Android,BR,Push Notification,N/A,494,0
2025-08-11,Android,BR,Referral,N/A,247,0
2025-08-11,Web,US,Organic,N/A,1516,0
2025-08-11,Web,US,Paid Social,N/A,849,0
2025-08-11,Web,US,Push Notification,N/A,706,0
2025-08-11,Web,US,Referral,N/A,346,0
2025-08-11,Web,UK,Organic,N/A,621,0
2025-08-11,Web,UK,Paid Social,N/A,334,0
2025-08-11,Web,UK,Push Notification,N/A,327,0
2025-08-11,Web,UK,Referral,N/A,139,0
2025-08-11,Web,DE,Organic,N/A,464,0
2025-08-11,Web,DE,Paid Social,N/A,291,0
2025-08-11,Web,DE,Push Notification,N/A,236,0
2025-08-11,Web,DE,Referral,N/A,140,0
2025-08-11,Web,IN,Organic,N/A,990,0
2025-08-11,Web,IN,Paid Social,N/A,563,0
2025-08-11,Web,IN,Push Notification,N/A,438,0
2025-08-11,Web,IN,Referral,N/A,224,0
2025-08-11,Web,BR,Organic,N/A,673,0
2025-08-11,Web,BR,Paid Social,N/A,379,0
2025-08-11,Web,BR,Push Notification,N/A,263,0
2025-08-11,Web,BR,Referral,N/A,145,0
2025-08-12,iOS,US,Organic,4.2,416,0
2025-08-12,iOS,US,Organic,4.1,2611,0
2025-08-12,iOS,US,Paid Social,4.2,230,0
2025-08-12,iOS,US,Paid Social,4.1,1444,0
2025-08-12,iOS,US,Push Notification,4.2,187,0
2025-08-12,iOS,US,Push Notification,4.1,1173,0
2025-08-12,iOS,US,Referral,4.2,100,0
2025-08-12,iOS,US,Referral,4.1,628,0
2025-08-12,iOS,UK,Organic,4.2,177,0
2025-08-12,iOS,UK,Organic,4.1,1113,0
2025-08-12,iOS,UK,Paid Social,4.2,99,0
2025-08-12,iOS,UK,Paid Social,4.1,628,0
2025-08-12,iOS,UK,Push Notification,4.2,78,0
2025-08-12,iOS,UK,Push Notification,4.1,490,0
2025-08-12,iOS,UK,Referral,4.2,40,0
2025-08-12,iOS,UK,Referral,4.1,256,0
2025-08-12,iOS,DE,Organic,4.2,141,0
2025-08-12,iOS,DE,Organic,4.1,891,0
2025-08-12,iOS,DE,Paid Social,4.2,81,0
2025-08-12,iOS,DE,Paid Social,4.1,515,0
2025-08-12,iOS,DE,Push Notification,4.2,64,0
2025-08-12,iOS,DE,Push Notification,4.1,402,0
2025-08-12,iOS,DE,Referral,4.2,31,0
2025-08-12,iOS,DE,Referral,4.1,196,0
2025-08-12,iOS,IN,Organic,4.2,279,0
2025-08-12,iOS,IN,Organic,4.1,1751,0
2025-08-12,iOS,IN,Paid Social,4.2,157,0
2025-08-12,iOS,IN,Paid Social,4.1,986,0
2025-08-12,iOS,IN,Push Notification,4.2,118,0
2025-08-12,iOS,IN,Push Notification,4.1,741,0
2025-08-12,iOS,IN,Referral,4.2,58,0
2025-08-12,iOS,IN,Referral,4.1,364,0
2025-08-12,iOS,BR,Organic,4.2,173,0
2025-08-12,iOS,BR,Organic,4.1,1088,0
2025-08-12,iOS,BR,Paid Social,4.2,99,0
2025-08-12,iOS,BR,Paid Social,4.1,627,0
2025-08-12,iOS,BR,Push Notification,4.2,82,0
2025-08-12,iOS,BR,Push Notification,4.1,518,0
2025-08-12,iOS,BR,Referral,4.2,45,0
2025-08-12,iOS,BR,Referral,4.1,284,0
2025-08-12,Android,US,Organic,N/A,2734,0
2025-08-12,Android,US,Paid Social,N/A,1573,0
2025-08-12,Android,US,Push Notification,N/A,1228,0
2025-08-12,Android,US,Referral,N/A,602,0
2025-08-12,Android,UK,Organic,N/A,1158,0
2025-08-12,Android,UK,Paid Social,N/A,679,0
2025-08-12,Android,UK,Push Notification,N/A,481,0
2025-08-12,Android,UK,Referral,N/A,252,0
2025-08-12,Android,DE,Organic,N/A,934,0
2025-08-12,Android,DE,Paid Social,N/A,486,0
2025-08-12,Android,DE,Push Notification,N/A,417,0
2025-08-12,Android,DE,Referral,N/A,233,0
2025-08-12,Android,IN,Organic,N/A,1835,0
2025-08-12,Android,IN,Paid Social,N/A,980,0
2025-08-12,Android,IN,Push Notification,N/A,754,0
2025-08-12,Android,IN,Referral,N/A,400,0
2025-08-12,Android,BR,Organic,N/A,1190,0
2025-08-12,Android,BR,Paid Social,N/A,612,0
2025-08-12,Android,BR,Push Notification,N/A,502,0
2025-08-12,Android,BR,Referral,N/A,253,0
2025-08-12,Web,US,Organic,N/A,1392,0
2025-08-12,Web,US,Paid Social,N/A,746,0
2025-08-12,Web,US,Push Notification,N/A,655,0
2025-08-12,Web,US,Referral,N/A,336,0
2025-08-12,Web,UK,Organic,N/A,629,0
2025-08-12,Web,UK,Paid Social,N/A,316,0
2025-08-12,Web,UK,Push Notification,N/A,278,0
2025-08-12,Web,UK,Referral,N/A,121,0
2025-08-12,Web,DE,Organic,N/A,492,0
2025-08-12,Web,DE,Paid Social,N/A,275,0
2025-08-12,Web,DE,Push Notification,N/A,188,0
2025-08-12,Web,DE,Referral,N/A,105,0
2025-08-12,Web,IN,Organic,N/A,925,0
2025-08-12,Web,IN,Paid Social,N/A,494,0
2025-08-12,Web,IN,Push Notification,N/A,424,0
2025-08-12,Web,IN,Referral,N/A,217,0
2025-08-12,Web,BR,Organic,N/A,613,0
2025-08-12,Web,BR,Paid Social,N/A,327,0
2025-08-12,Web,BR,Push Notification,N/A,273,0
2025-08-12,Web,BR,Referral,N/A,135,0
2025-08-13,iOS,US,Organic,4.2,631,0
2025-08-13,iOS,US,Organic,4.1,2431,0
2025-08-13,iOS,US,Paid Social,4.2,363,0
2025-08-13,iOS,US,Paid Social,4.1,1401,0
2025-08-13,iOS,US,Push Notification,4.2,282,0
2025-08-13,iOS,US,Push Notification,4.1,1088,0
2025-08-13,iOS,US,Referral,4.2,138,0
2025-08-13,iOS,US,Referral,4.1,534,0
2025-08-13,iOS,UK,Organic,4.2,268,0
2025-08-13,iOS,UK,Organic,4.1,1036,0
2025-08-13,iOS,UK,Paid Social,4.2,152,0
2025-08-13,iOS,UK,Paid Social,4.1,589,0
2025-08-13,iOS,UK,Push Notification,4.2,127,0
2025-08-13,iOS,UK,Push Notification,4.1,493,0
2025-08-13,iOS,UK,Referral,4.2,58,0
2025-08-13,iOS,UK,Referral,4.1,225,0
2025-08-13,iOS,DE,Organic,4.2,206,0
2025-08-13,iOS,DE,Organic,4.1,794,0
2025-08-13,iOS,DE,Paid Social,4.2,119,0
2025-08-13,iOS,DE,Paid Social,4.1,461,0
2025-08-13,iOS,DE,Push Notification,4.2,94,0
2025-08-13,iOS,DE,Push Notification,4.1,366,0
2025-08-13,iOS,DE,Referral,4.2,47,0
2025-08-13,iOS,DE,Referral,4.1,182,0
2025-08-13,iOS,IN,Organic,4.2,427,0
2025-08-13,iOS,IN,Organic,4.1,1644,0
2025-08-13,iOS,IN,Paid Social,4.2,241,0
2025-08-13,iOS,IN,Paid Social,4.1,928,0
2025-08-13,iOS,IN,Push Notification,4.2,192,0
2025-08-13,iOS,IN,Push Notification,4.1,742,0
2025-08-13,iOS,IN,Referral,4.2,101,0
2025-08-13,iOS,IN,Referral,4.1,390,0
2025-08-13,iOS,BR,Organic,4.2,269,0
2025-08-13,iOS,BR,Organic,4.1,1039,0
2025-08-13,iOS,BR,Paid Social,4.2,147,0
2025-08-13,iOS,BR,Paid Social,4.1,569,0
2025-08-13,iOS,BR,Push Notification,4.2,110,0
2025-08-13,iOS,BR,Push Notification,4.1,428,0
2025-08-13,iOS,BR,Referral,4.2,63,0
2025-08-13,iOS,BR,Referral,4.1,243,0
2025-08-13,Android,US,Organic,N/A,2655,0
2025-08-13,Android,US,Paid Social,N/A,1405,0
2025-08-13,Android,US,Push Notification,N/A,1213,0
2025-08-13,Android,US,Referral,N/A,615,0
2025-08-13,Android,UK,Organic,N/A,1166,0
2025-08-13,Android,UK,Paid Social,N/A,641,0
2025-08-13,Android,UK,Push Notification,N/A,541,0
2025-08-13,Android,UK,Referral,N/A,254,0
2025-08-13,Android,DE,Organic,N/A,922,0
2025-08-13,Android,DE,Paid Social,N/A,484,0
2025-08-13,Android,DE,Push Notification,N/A,371,0
2025-08-13,Android,DE,Referral,N/A,209,0
2025-08-13,Android,IN,Organic,N/A,1817,0
2025-08-13,Android,IN,Paid Social,N/A,981,0
2025-08-13,Android,IN,Push Notification,N/A,761,0
2025-08-13,Android,IN,Referral,N/A,381,0
2025-08-13,Android,BR,Organic,N/A,1146,0
2025-08-13,Android,BR,Paid Social,N/A,632,0
2025-08-13,Android,BR,Push Notification,N/A,526,0
2025-08-13,Android,BR,Referral,N/A,227,0
2025-08-13,Web,US,Organic,N/A,1570,0
2025-08-13,Web,US,Paid Social,N/A,803,0
2025-08-13,Web,US,Push Notification,N/A,617,0
2025-08-13,Web,US,Referral,N/A,330,0
2025-08-13,Web,UK,Organic,N/A,625,0
2025-08-13,Web,UK,Paid Social,N/A,358,0
2025-08-13,Web,UK,Push Notification,N/A,290,0
2025-08-13,Web,UK,Referral,N/A,141,0
2025-08-13,Web,DE,Organic,N/A,525,0
2025-08-13,Web,DE,Paid Social,N/A,281,0
2025-08-13,Web,DE,Push Notification,N/A,217,0
2025-08-13,Web,DE,Referral,N/A,122,0
2025-08-13,Web,IN,Organic,N/A,934,0
2025-08-13,Web,IN,Paid Social,N/A,550,0
2025-08-13,Web,IN,Push Notification,N/A,445,0
2025-08-13,Web,IN,Referral,N/A,207,0
2025-08-13,Web,BR,Organic,N/A,598,0
2025-08-13,Web,BR,Paid Social,N/A,355,0
2025-08-13,Web,BR,Push Notification,N/A,273,0
2025-08-13,Web,BR,Referral,N/A,133,0
2025-08-14,iOS,US,Organic,4.2,860,0
2025-08-14,iOS,US,Organic,4.1,2269,0
2025-08-14,iOS,US,Paid Social,4.2,474,0
2025-08-14,iOS,US,Paid Social,4.1,1250,0
2025-08-14,iOS,US,Push Notification,4.2,389,0
2025-08-14,iOS,US,Push Notification,4.1,1029,0
2025-08-14,iOS,US,Referral,4.2,195,0
2025-08-14,iOS,US,Referral,4.1,515,0
2025-08-14,iOS,UK,Organic,4.2,371,0
2025-08-14,iOS,UK,Organic,4.1,979,0
2025-08-14,iOS,UK,Paid Social,4.2,208,0
2025-08-14,iOS,UK,Paid Social,4.1,549,0
2025-08-14,iOS,UK,Push Notification,4.2,162,0
2025-08-14,iOS,UK,Push Notification,4.1,429,0
2025-08-14,iOS,UK,Referral,4.2,85,0
2025-08-14,iOS,UK,Referral,4.1,227,0
2025-08-14,iOS,DE,Organic,4.2,284,0
2025-08-14,iOS,DE,Organic,4.1,752,0
2025-08-14,iOS,DE,Paid Social,4.2,161,0
2025-08-14,iOS,DE,Paid Social,4.1,428,0
2025-08-14,iOS,DE,Push Notification,4.2,127,0
2025-08-14,iOS,DE,Push Notification,4.1,335,0
2025-08-14,iOS,DE,Referral,4.2,70,0
2025-08-14,iOS,DE,Referral,4.1,187,0
2025-08-14,iOS,IN,Organic,4.2,581,0
2025-08-14,iOS,IN,Organic,4.1,1534,0
2025-08-14,iOS,IN,Paid Social,4.2,302,0
2025-08-14,iOS,IN,Paid Social,4.1,799,0
2025-08-14,iOS,IN,Push Notification,4.2,247,0
2025-08-14,iOS,IN,Push Notification,4.1,652,0
2025-08-14,iOS,IN,Referral,4.2,112,0
2025-08-14,iOS,IN,Referral,4.1,297,0
2025-08-14,iOS,BR,Organic,4.2,375,0
2025-08-14,iOS,BR,Organic,4.1,990,0
2025-08-14,iOS,BR,Paid Social,4.2,207,0
2025-08-14,iOS,BR,Paid Social,4.1,548,0
2025-08-14,iOS,BR,Push Notification,4.2,167,0
2025-08-14,iOS,BR,Push Notification,4.1,442,0
2025-08-14,iOS,BR,Referral,4.2,85,0
2025-08-14,iOS,BR,Referral,4.1,227,0
2025-08-14,Android,US,Organic,N/A,2869,0
2025-08-14,Android,US,Paid Social,N/A,1593,0
2025-08-14,Android,US,Push Notification,N/A,1273,0
2025-08-14,Android,US,Referral,N/A,611,0
2025-08-14,Android,UK,Organic,N/A,1213,0
2025-08-14,Android,UK,Paid Social,N/A,680,0
2025-08-14,Android,UK,Push Notification,N/A,529,0
2025-08-14,Android,UK,Referral,N/A,273,0
2025-08-14,Android,DE,Organic,N/A,1006,0
2025-08-14,Android,DE,Paid Social,N/A,549,0
2025-08-14,Android,DE,Push Notification,N/A,457,0
2025-08-14,Android,DE,Referral,N/A,218,0
2025-08-14,Android,IN,Organic,N/A,1850,0
2025-08-14,Android,IN,Paid Social,N/A,1018,0
2025-08-14,Android,IN,Push Notification,N/A,885,0
2025-08-14,Android,IN,Referral,N/A,412,0
2025-08-14,Android,BR,Organic,N/A,1308,0
2025-08-14,Android,BR,Paid Social,N/A,654,0
2025-08-14,Android,BR,Push Notification,N/A,529,0
2025-08-14,Android,BR,Referral,N/A,276,0
2025-08-14,Web,US,Organic,N/A,1432,0
2025-08-14,Web,US,Paid Social,N/A,840,0
2025-08-14,Web,US,Push Notification,N/A,649,0
2025-08-14,Web,US,Referral,N/A,304,0
2025-08-14,Web,UK,Organic,N/A,596,0
2025-08-14,Web,UK,Paid Social,N/A,361,0
2025-08-14,Web,UK,Push Notification,N/A,259,0
2025-08-14,Web,UK,Referral,N/A,150,0
2025-08-14,Web,DE,Organic,N/A,498,0
2025-08-14,Web,DE,Paid Social,N/A,287,0
2025-08-14,Web,DE,Push Notification,N/A,210,0
2025-08-14,Web,DE,Referral,N/A,104,0
2025-08-14,Web,IN,Organic,N/A,974,0
2025-08-14,Web,IN,Paid Social,N/A,552,0
2025-08-14,Web,IN,Push Notification,N/A,454,0
2025-08-14,Web,IN,Referral,N/A,237,0
2025-08-14,Web,BR,Organic,N/A,603,0
2025-08-14,Web,BR,Paid Social,N/A,336,0
2025-08-14,Web,BR,Push Notification,N/A,262,0
2025-08-14,Web,BR,Referral,N/A,130,0
2025-08-15,iOS,US,Organic,4.2,659,338
2025-08-15,iOS,US,Organic,4.1,1905,0
2025-08-15,iOS,US,Paid Social,4.2,383,196
2025-08-15,iOS,US,Paid Social,4.1,1108,0
2025-08-15,iOS,US,Push Notification,4.2,306,157
2025-08-15,iOS,US,Push Notification,4.1,886,0
2025-08-15,iOS,US,Referral,4.2,152,78
2025-08-15,iOS,US,Referral,4.1,440,0
2025-08-15,iOS,UK,Organic,4.2,295,151
2025-08-15,iOS,UK,Organic,4.1,853,0
2025-08-15,iOS,UK,Paid Social,4.2,158,81
2025-08-15,iOS,UK,Paid Social,4.1,458,0
2025-08-15,iOS,UK,Push Notification,4.2,132,68
2025-08-15,iOS,UK,Push Notification,4.1,382,0
2025-08-15,iOS,UK,Referral,4.2,69,35
2025-08-15,iOS,UK,Referral,4.1,201,0
2025-08-15,iOS,DE,Organic,4.2,227,116
2025-08-15,iOS,DE,Organic,4.1,657,0
2025-08-15,iOS,DE,Paid Social,4.2,126,64
2025-08-15,iOS,DE,Paid Social,4.1,364,0
2025-08-15,iOS,DE,Push Notification,4.2,105,53
2025-08-15,iOS,DE,Push Notification,4.1,304,0
2025-08-15,iOS,DE,Referral,4.2,53,27
2025-08-15,iOS,DE,Referral,4.1,153,0
2025-08-15,iOS,IN,Organic,4.2,449,231
2025-08-15,iOS,IN,Organic,4.1,1300,0
2025-08-15,iOS,IN,Paid Social,4.2,253,129
2025-08-15,iOS,IN,Paid Social,4.1,730,0
2025-08-15,iOS,IN,Push Notification,4.2,201,103
2025-08-15,iOS,IN,Push Notification,4.1,583,0
2025-08-15,iOS,IN,Referral,4.2,102,52
2025-08-15,iOS,IN,Referral,4.1,296,0
2025-08-15,iOS,BR,Organic,4.2,287,147
2025-08-15,iOS,BR,Organic,4.1,829,0
2025-08-15,iOS,BR,Paid Social,4.2,162,82
2025-08-15,iOS,BR,Paid Social,4.1,468,0
2025-08-15,iOS,BR,Push Notification,4.2,134,69
2025-08-15,iOS,BR,Push Notification,4.1,388,0
2025-08-15,iOS,BR,Referral,4.2,66,34
2025-08-15,iOS,BR,Referral,4.1,193,0
2025-08-15,Android,US,Organic,N/A,2801,0
2025-08-15,Android,US,Paid Social,N/A,1581,0
2025-08-15,Android,US,Push Notification,N/A,1271,0
2025-08-15,Android,US,Referral,N/A,639,0
2025-08-15,Android,UK,Organic,N/A,1280,0
2025-08-15,Android,UK,Paid Social,N/A,662,0
2025-08-15,Android,UK,Push Notification,N/A,539,0
2025-08-15,Android,UK,Referral,N/A,283,0
2025-08-15,Android,DE,Organic,N/A,962,0
2025-08-15,Android,DE,Paid Social,N/A,571,0
2025-08-15,Android,DE,Push Notification,N/A,411,0
2025-08-15,Android,DE,Referral,N/A,225,0
2025-08-15,Android,IN,Organic,N/A,1844,0
2025-08-15,Android,IN,Paid Social,N/A,975,0
2025-08-15,Android,IN,Push Notification,N/A,795,0
2025-08-15,Android,IN,Referral,N/A,420,0
2025-08-15,Android,BR,Organic,N/A,1235,0
2025-08-15,Android,BR,Paid Social,N/A,690,0
2025-08-15,Android,BR,Push Notification,N/A,555,0
2025-08-15,Android,BR,Referral,N/A,286,0
2025-08-15,Web,US,Organic,N/A,1512,0
2025-08-15,Web,US,Paid Social,N/A,840,0
2025-08-15,Web,US,Push Notification,N/A,710,0
2025-08-15,Web,US,Referral,N/A,345,0
2025-08-15,Web,UK,Organic,N/A,618,0
2025-08-15,Web,UK,Paid Social,N/A,365,0
2025-08-15,Web,UK,Push Notification,N/A,285,0
2025-08-15,Web,UK,Referral,N/A,152,0
2025-08-15,Web,DE,Organic,N/A,526,0
2025-08-15,Web,DE,Paid Social,N/A,315,0
2025-08-15,Web,DE,Push Notification,N/A,215,0
2025-08-15,Web,DE,Referral,N/A,127,0
2025-08-15,Web,IN,Organic,N/A,1006,0
2025-08-15,Web,IN,Paid Social,N/A,565,0
2025-08-15,Web,IN,Push Notification,N/A,454,0
2025-08-15,Web,IN,Referral,N/A,231,0
2025-08-15,Web,BR,Organic,N/A,644,0
2025-08-15,Web,BR,Paid Social,N/A,334,0
2025-08-15,Web,BR,Push Notification,N/A,277,0
2025-08-15,Web,BR,Referral,N/A,156,0
2025-08-16,iOS,US,Organic,4.2,744,382
2025-08-16,iOS,US,Organic,4.1,1604,0
2025-08-16,iOS,US,Paid Social,4.2,382,196
2025-08-16,iOS,US,Paid Social,4.1,825,0
2025-08-16,iOS,US,Push Notification,4.2,318,163
2025-08-16,iOS,US,Push Notification,4.1,686,0
2025-08-16,iOS,US,Referral,4.2,155,79
2025-08-16,iOS,US,Referral,4.1,335,0
2025-08-16,iOS,UK,Organic,4.2,297,153
2025-08-16,iOS,UK,Organic,4.1,641,0
2025-08-16,iOS,UK,Paid Social,4.2,177,90
2025-08-16,iOS,UK,Paid Social,4.1,382,0
2025-08-16,iOS,UK,Push Notification,4.2,131,66
2025-08-16,iOS,UK,Push Notification,4.1,281,0
2025-08-16,iOS,UK,Referral,4.2,66,33
2025-08-16,iOS,UK,Referral,4.1,141,0
2025-08-16,iOS,DE,Organic,4.2,267,137
2025-08-16,iOS,DE,Organic,4.1,576,0
2025-08-16,iOS,DE,Paid Social,4.2,137,70
2025-08-16,iOS,DE,Paid Social,4.1,295,0
2025-08-16,iOS,DE,Push Notification,4.2,99,51
2025-08-16,iOS,DE,Push Notification,4.1,215,0
2025-08-16,iOS,DE,Referral,4.2,59,30
2025-08-16,iOS,DE,Referral,4.1,127,0
2025-08-16,iOS,IN,Organic,4.2,473,243
2025-08-16,iOS,IN,Organic,4.1,1022,0
2025-08-16,iOS,IN,Paid Social,4.2,256,131
2025-08-16,iOS,IN,Paid Social,4.1,552,0
2025-08-16,iOS,IN,Push Notification,4.2,210,108
2025-08-16,iOS,IN,Push Notification,4.1,454,0
2025-08-16,iOS,IN,Referral,4.2,100,51
2025-08-16,iOS,IN,Referral,4.1,217,0
2025-08-16,iOS,BR,Organic,4.2,306,157
2025-08-16,iOS,BR,Organic,4.1,660,0
2025-08-16,iOS,BR,Paid Social,4.2,175,89
2025-08-16,iOS,BR,Paid Social,4.1,377,0
2025-08-16,iOS,BR,Push Notification,4.2,117,60
2025-08-16,iOS,BR,Push Notification,4.1,254,0
2025-08-16,iOS,BR,Referral,4.2,66,34
2025-08-16,iOS,BR,Referral,4.1,143,0
2025-08-16,Android,US,Organic,N/A,2541,0
2025-08-16,Android,US,Paid Social,N/A,1393,0
2025-08-16,Android,US,Push Notification,N/A,1108,0
2025-08-16,Android,US,Referral,N/A,558,0
2025-08-16,Android,UK,Organic,N/A,1042,0
2025-08-16,Android,UK,Paid Social,N/A,598,0
2025-08-16,Android,UK,Push Notification,N/A,495,0
2025-08-16,Android,UK,Referral,N/A,226,0
2025-08-16,Android,DE,Organic,N/A,876,0
2025-08-16,Android,DE,Paid Social,N/A,465,0
2025-08-16,Android,DE,Push Notification,N/A,334,0
2025-08-16,Android,DE,Referral,N/A,187,0
2025-08-16,Android,IN,Organic,N/A,1689,0
2025-08-16,Android,IN,Paid Social,N/A,943,0
2025-08-16,Android,IN,Push Notification,N/A,723,0
2025-08-16,Android,IN,Referral,N/A,339,0
2025-08-16,Android,BR,Organic,N/A,1026,0
2025-08-16,Android,BR,Paid Social,N/A,606,0
2025-08-16,Android,BR,Push Notification,N/A,491,0
2025-08-16,Android,BR,Referral,N/A,257,0
2025-08-16,Web,US,Organic,N/A,1345,0
2025-08-16,Web,US,Paid Social,N/A,756,0
2025-08-16,Web,US,Push Notification,N/A,634,0
2025-08-16,Web,US,Referral,N/A,303,0
2025-08-16,Web,UK,Organic,N/A,543,0
2025-08-16,Web,UK,Paid Social,N/A,337,0
2025-08-16,Web,UK,Push Notification,N/A,265,0
2025-08-16,Web,UK,Referral,N/A,116,0
2025-08-16,Web,DE,Organic,N/A,443,0
2025-08-16,Web,DE,Paid Social,N/A,261,0
2025-08-16,Web,DE,Push Notification,N/A,194,0
2025-08-16,Web,DE,Referral,N/A,108,0
2025-08-16,Web,IN,Organic,N/A,827,0
2025-08-16,Web,IN,Paid Social,N/A,511,0
2025-08-16,Web,IN,Push Notification,N/A,372,0
2025-08-16,Web,IN,Referral,N/A,212,0
2025-08-16,Web,BR,Organic,N/A,562,0
2025-08-16,Web,BR,Paid Social,N/A,282,0
2025-08-16,Web,BR,Push Notification,N/A,227,0
2025-08-16,Web,BR,Referral,N/A,116,0
2025-08-17,iOS,US,Organic,4.2,808,416
2025-08-17,iOS,US,Organic,4.1,1320,0
2025-08-17,iOS,US,Paid Social,4.2,466,240
2025-08-17,iOS,US,Paid Social,4.1,762,0
2025-08-17,iOS,US,Push Notification,4.2,395,203
2025-08-17,iOS,US,Push Notification,4.1,646,0
2025-08-17,iOS,US,Referral,4.2,190,97
2025-08-17,iOS,US,Referral,4.1,310,0
2025-08-17,iOS,UK,Organic,4.2,354,182
2025-08-17,iOS,UK,Organic,4.1,578,0
2025-08-17,iOS,UK,Paid Social,4.2,215,110
2025-08-17,iOS,UK,Paid Social,4.1,352,0
2025-08-17,iOS,UK,Push Notification,4.2,149,76
2025-08-17,iOS,UK,Push Notification,4.1,243,0
2025-08-17,iOS,UK,Referral,4.2,84,42
2025-08-17,iOS,UK,Referral,4.1,137,0
2025-08-17,iOS,DE,Organic,4.2,305,157
2025-08-17,iOS,DE,Organic,4.1,499,0
2025-08-17,iOS,DE,Paid Social,4.2,161,82
2025-08-17,iOS,DE,Paid Social,4.1,262,0
2025-08-17,iOS,DE,Push Notification,4.2,109,55
2025-08-17,iOS,DE,Push Notification,4.1,177,0
2025-08-17,iOS,DE,Referral,4.2,61,31
2025-08-17,iOS,DE,Referral,4.1,100,0
2025-08-17,iOS,IN,Organic,4.2,525,270
2025-08-17,iOS,IN,Organic,4.1,858,0
2025-08-17,iOS,IN,Paid Social,4.2,312,160
2025-08-17,iOS,IN,Paid Social,4.1,509,0
2025-08-17,iOS,IN,Push Notification,4.2,255,131
2025-08-17,iOS,IN,Push Notification,4.1,418,0
2025-08-17,iOS,IN,Referral,4.2,124,63
2025-08-17,iOS,IN,Referral,4.1,203,0
2025-08-17,iOS,BR,Organic,4.2,343,176
2025-08-17,iOS,BR,Organic,4.1,561,0
2025-08-17,iOS,BR,Paid Social,4.2,198,102
2025-08-17,iOS,BR,Paid Social,4.1,325,0
2025-08-17,iOS,BR,Push Notification,4.2,161,82
2025-08-17,iOS,BR,Push Notification,4.1,262,0
2025-08-17,iOS,BR,Referral,4.2,85,43
2025-08-17,iOS,BR,Referral,4.1,140,0
2025-08-17,Android,US,Organic,N/A,2486,0
2025-08-17,Android,US,Paid Social,N/A,1380,0
2025-08-17,Android,US,Push Notification,N/A,1066,0
2025-08-17,Android,US,Referral,N/A,547,0
2025-08-17,Android,UK,Organic,N/A,1077,0
2025-08-17,Android,UK,Paid Social,N/A,604,0
2025-08-17,Android,UK,Push Notification,N/A,466,0
2025-08-17,Android,UK,Referral,N/A,232,0
2025-08-17,Android,DE,Organic,N/A,854,0
2025-08-17,Android,DE,Paid Social,N/A,490,0
2025-08-17,Android,DE,Push Notification,N/A,388,0
2025-08-17,Android,DE,Referral,N/A,189,0
2025-08-17,Android,IN,Organic,N/A,1630,0
2025-08-17,Android,IN,Paid Social,N/A,886,0
2025-08-17,Android,IN,Push Notification,N/A,727,0
2025-08-17,Android,IN,Referral,N/A,356,0
2025-08-17,Android,BR,Organic,N/A,1115,0
2025-08-17,Android,BR,Paid Social,N/A,592,0
2025-08-17,Android,BR,Push Notification,N/A,509,0
2025-08-17,Android,BR,Referral,N/A,231,0
2025-08-17,Web,US,Organic,N/A,1263,0
2025-08-17,Web,US,Paid Social,N/A,691,0
2025-08-17,Web,US,Push Notification,N/A,558,0
2025-08-17,Web,US,Referral,N/A,272,0
2025-08-17,Web,UK,Organic,N/A,547,0
2025-08-17,Web,UK,Paid Social,N/A,291,0
2025-08-17,Web,UK,Push Notification,N/A,226,0
2025-08-17,Web,UK,Referral,N/A,137,0
2025-08-17,Web,DE,Organic,N/A,467,0
2025-08-17,Web,DE,Paid Social,N/A,257,0
2025-08-17,Web,DE,Push Notification,N/A,199,0
2025-08-17,Web,DE,Referral,N/A,105,0
2025-08-17,Web,IN,Organic,N/A,842,0
2025-08-17,Web,IN,Paid Social,N/A,482,0
2025-08-17,Web,IN,Push Notification,N/A,363,0
2025-08-17,Web,IN,Referral,N/A,191,0
2025-08-17,Web,BR,Organic,N/A,540,0
2025-08-17,Web,BR,Paid Social,N/A,312,0
2025-08-17,Web,BR,Push Notification,N/A,247,0
2025-08-17,Web,BR,Referral,N/A,102,0
2025-08-18,iOS,US,Organic,4.2,1117,574
2025-08-18,iOS,US,Organic,4.1,1384,0
2025-08-18,iOS,US,Paid Social,4.2,612,315
2025-08-18,iOS,US,Paid Social,4.1,759,0
2025-08-18,iOS,US,Push Notification,4.2,481,247
2025-08-18,iOS,US,Push Notification,4.1,596,0
2025-08-18,iOS,US,Referral,4.2,239,122
2025-08-18,iOS,US,Referral,4.1,297,0
2025-08-18,iOS,UK,Organic,4.2,470,241
2025-08-18,iOS,UK,Organic,4.1,583,0
2025-08-18,iOS,UK,Paid Social,4.2,270,139
2025-08-18,iOS,UK,Paid Social,4.1,335,0
2025-08-18,iOS,UK,Push Notification,4.2,208,107
2025-08-18,iOS,UK,Push Notification,4.1,259,0
2025-08-18,iOS,UK,Referral,4.2,94,48
2025-08-18,iOS,UK,Referral,4.1,117,0
2025-08-18,iOS,DE,Organic,4.2,359,184
2025-08-18,iOS,DE,Organic,4.1,446,0
2025-08-18,iOS,DE,Paid Social,4.2,209,107
2025-08-18,iOS,DE,Paid Social,4.1,259,0
2025-08-18,iOS,DE,Push Notification,4.2,177,90
2025-08-18,iOS,DE,Push Notification,4.1,220,0
2025-08-18,iOS,DE,Referral,4.2,90,46
2025-08-18,iOS,DE,Referral,4.1,113,0
2025-08-18,iOS,IN,Organic,4.2,732,376
2025-08-18,iOS,IN,Organic,4.1,907,0
2025-08-18,iOS,IN,Paid Social,4.2,412,212
2025-08-18,iOS,IN,Paid Social,4.1,512,0
2025-08-18,iOS,IN,Push Notification,4.2,332,171
2025-08-18,iOS,IN,Push Notification,4.1,413,0
2025-08-18,iOS,IN,Referral,4.2,152,77
2025-08-18,iOS,IN,Referral,4.1,188,0
2025-08-18,iOS,BR,Organic,4.2,456,234
2025-08-18,iOS,BR,Organic,4.1,565,0
2025-08-18,iOS,BR,Paid Social,4.2,268,137
2025-08-18,iOS,BR,Paid Social,4.1,333,0
2025-08-18,iOS,BR,Push Notification,4.2,202,103
2025-08-18,iOS,BR,Push Notification,4.1,250,0
2025-08-18,iOS,BR,Referral,4.2,116,59
2025-08-18,iOS,BR,Referral,4.1,144,0
2025-08-18,Android,US,Organic,N/A,2786,0
2025-08-18,Android,US,Paid Social,N/A,1514,0
2025-08-18,Android,US,Push Notification,N/A,1221,0
2025-08-18,Android,US,Referral,N/A,597,0
2025-08-18,Android,UK,Organic,N/A,1236,0
2025-08-18,Android,UK,Paid Social,N/A,725,0
2025-08-18,Android,UK,Push Notification,N/A,530,0
2025-08-18,Android,UK,Referral,N/A,250,0
2025-08-18,Android,DE,Organic,N/A,929,0
2025-08-18,Android,DE,Paid Social,N/A,525,0
2025-08-18,Android,DE,Push Notification,N/A,410,0
2025-08-18,Android,DE,Referral,N/A,193,0
2025-08-18,Android,IN,Organic,N/A,1830,0
2025-08-18,Android,IN,Paid Social,N/A,955,0
2025-08-18,Android,IN,Push Notification,N/A,753,0
2025-08-18,Android,IN,Referral,N/A,397,0
2025-08-18,Android,BR,Organic,N/A,1190,0
2025-08-18,Android,BR,Paid Social,N/A,705,0
2025-08-18,Android,BR,Push Notification,N/A,536,0
2025-08-18,Android,BR,Referral,N/A,272,0
2025-08-18,Web,US,Organic,N/A,1385,0
2025-08-18,Web,US,Paid Social,N/A,812,0
2025-08-18,Web,US,Push Notification,N/A,590,0
2025-08-18,Web,US,Referral,N/A,310,0
2025-08-18,Web,UK,Organic,N/A,598,0
2025-08-18,Web,UK,Paid Social,N/A,350,0
2025-08-18,Web,UK,Push Notification,N/A,271,0
2025-08-18,Web,UK,Referral,N/A,156,0
2025-08-18,Web,DE,Organic,N/A,482,0
2025-08-18,Web,DE,Paid Social,N/A,248,0
2025-08-18,Web,DE,Push Notification,N/A,214,0
2025-08-18,Web,DE,Referral,N/A,106,0
2025-08-18,Web,IN,Organic,N/A,940,0
2025-08-18,Web,IN,Paid Social,N/A,528,0
2025-08-18,Web,IN,Push Notification,N/A,427,0
2025-08-18,Web,IN,Referral,N/A,225,0
2025-08-18,Web,BR,Organic,N/A,554,0
2025-08-18,Web,BR,Paid Social,N/A,329,0
2025-08-18,Web,BR,Push Notification,N/A,260,0
2025-08-18,Web,BR,Referral,N/A,108,0
2025-08-19,iOS,US,Organic,4.2,1159,596
2025-08-19,iOS,US,Organic,4.1,1437,0
2025-08-19,iOS,US,Paid Social,4.2,663,341
2025-08-19,iOS,US,Paid Social,4.1,822,0
2025-08-19,iOS,US,Push Notification,4.2,524,269
2025-08-19,iOS,US,Push Notification,4.1,649,0
2025-08-19,iOS,US,Referral,4.2,244,125
2025-08-19,iOS,US,Referral,4.1,303,0
2025-08-19,iOS,UK,Organic,4.2,494,254
2025-08-19,iOS,UK,Organic,4.1,612,0
2025-08-19,iOS,UK,Paid Social,4.2,291,149
2025-08-19,iOS,UK,Paid Social,4.1,360,0
2025-08-19,iOS,UK,Push Notification,4.2,226,115
2025-08-19,iOS,UK,Push Notification,4.1,280,0
2025-08-19,iOS,UK,Referral,4.2,111,57
2025-08-19,iOS,UK,Referral,4.1,138,0
2025-08-19,iOS,DE,Organic,4.2,398,204
2025-08-19,iOS,DE,Organic,4.1,494,0
2025-08-19,iOS,DE,Paid Social,4.2,217,111
2025-08-19,iOS,DE,Paid Social,4.1,269,0
2025-08-19,iOS,DE,Push Notification,4.2,187,96
2025-08-19,iOS,DE,Push Notification,4.1,233,0
2025-08-19,iOS,DE,Referral,4.2,96,48
2025-08-19,iOS,DE,Referral,4.1,118,0
2025-08-19,iOS,IN,Organic,4.2,729,375
2025-08-19,iOS,IN,Organic,4.1,905,0
2025-08-19,iOS,IN,Paid Social,4.2,424,218
2025-08-19,iOS,IN,Paid Social,4.1,527,0
2025-08-19,iOS,IN,Push Notification,4.2,313,160
2025-08-19,iOS,IN,Push Notification,4.1,388,0
2025-08-19,iOS,IN,Referral,4.2,165,85
2025-08-19,iOS,IN,Referral,4.1,205,0
2025-08-19,iOS,BR,Organic,4.2,520,267
2025-08-19,iOS,BR,Organic,4.1,645,0
2025-08-19,iOS,BR,Paid Social,4.2,280,144
2025-08-19,iOS,BR,Paid Social,4.1,348,0
2025-08-19,iOS,BR,Push Notification,4.2,216,110
2025-08-19,iOS,BR,Push Notification,4.1,268,0
2025-08-19,iOS,BR,Referral,4.2,106,54
2025-08-19,iOS,BR,Referral,4.1,132,0
2025-08-19,Android,US,Organic,N/A,2929,0
2025-08-19,Android,US,Paid Social,N/A,1526,0
2025-08-19,Android,US,Push Notification,N/A,1281,0
2025-08-19,Android,US,Referral,N/A,622,0
2025-08-19,Android,UK,Organic,N/A,1221,0
2025-08-19,Android,UK,Paid Social,N/A,708,0
2025-08-19,Android,UK,Push Notification,N/A,543,0
2025-08-19,Android,UK,Referral,N/A,272,0
2025-08-19,Android,DE,Organic,N/A,1033,0
2025-08-19,Android,DE,Paid Social,N/A,526,0
2025-08-19,Android,DE,Push Notification,N/A,449,0
2025-08-19,Android,DE,Referral,N/A,212,0
2025-08-19,Android,IN,Organic,N/A,1889,0
2025-08-19,Android,IN,Paid Social,N/A,1075,0
2025-08-19,Android,IN,Push Notification,N/A,853,0
2025-08-19,Android,IN,Referral,N/A,408,0
2025-08-19,Android,BR,Organic,N/A,1276,0
2025-08-19,Android,BR,Paid Social,N/A,670,0
2025-08-19,Android,BR,Push Notification,N/A,555,0
2025-08-19,Android,BR,Referral,N/A,256,0
2025-08-19,Web,US,Organic,N/A,1470,0
2025-08-19,Web,US,Paid Social,N/A,828,0
2025-08-19,Web,US,Push Notification,N/A,610,0
2025-08-19,Web,US,Referral,N/A,328,0
2025-08-19,Web,UK,Organic,N/A,651,0
2025-08-19,Web,UK,Paid Social,N/A,371,0
2025-08-19,Web,UK,Push Notification,N/A,286,0
2025-08-19,Web,UK,Referral,N/A,142,0
2025-08-19,Web,DE,Organic,N/A,510,0
2025-08-19,Web,DE,Paid Social,N/A,270,0
2025-08-19,Web,DE,Push Notification,N/A,245,0
2025-08-19,Web,DE,Referral,N/A,108,0
2025-08-19,Web,IN,Organic,N/A,1019,0
2025-08-19,Web,IN,Paid Social,N/A,524,0
2025-08-19,Web,IN,Push Notification,N/A,419,0
2025-08-19,Web,IN,Referral,N/A,261,0
2025-08-19,Web,BR,Organic,N/A,658,0
2025-08-19,Web,BR,Paid Social,N/A,351,0
2025-08-19,Web,BR,Push Notification,N/A,269,0
2025-08-19,Web,BR,Referral,N/A,141,0
2025-08-20,iOS,US,Organic,4.2,1105,569
2025-08-20,iOS,US,Organic,4.1,1370,0
2025-08-20,iOS,US,Paid Social,4.2,655,336
2025-08-20,iOS,US,Paid Social,4.1,811,0
2025-08-20,iOS,US,Push Notification,4.2,511,262
2025-08-20,iOS,US,Push Notification,4.1,633,0
2025-08-20,iOS,US,Referral,4.2,261,133
2025-08-20,iOS,US,Referral,4.1,324,0
2025-08-20,iOS,UK,Organic,4.2,483,248
2025-08-20,iOS,UK,Organic,4.1,599,0
2025-08-20,iOS,UK,Paid Social,4.2,274,141
2025-08-20,iOS,UK,Paid Social,4.1,340,0
2025-08-20,iOS,UK,Push Notification,4.2,211,108
2025-08-20,iOS,UK,Push Notification,4.1,261,0
2025-08-20,iOS,UK,Referral,4.2,117,59
2025-08-20,iOS,UK,Referral,4.1,145,0
2025-08-20,iOS,DE,Organic,4.2,398,205
2025-08-20,iOS,DE,Organic,4.1,494,0
2025-08-20,iOS,DE,Paid Social,4.2,206,105
2025-08-20,iOS,DE,Paid Social,4.1,255,0
2025-08-20,iOS,DE,Push Notification,4.2,169,87
2025-08-20,iOS,DE,Push Notification,4.1,210,0
2025-08-20,iOS,DE,Referral,4.2,90,45
2025-08-20,iOS,DE,Referral,4.1,111,0
2025-08-20,iOS,IN,Organic,4.2,756,388
2025-08-20,iOS,IN,Organic,4.1,936,0
2025-08-20,iOS,IN,Paid Social,4.2,420,216
2025-08-20,iOS,IN,Paid Social,4.1,522,0
2025-08-20,iOS,IN,Push Notification,4.2,334,171
2025-08-20,iOS,IN,Push Notification,4.1,414,0
2025-08-20,iOS,IN,Referral,4.2,171,88
2025-08-20,iOS,IN,Referral,4.1,212,0
2025-08-20,iOS,BR,Organic,4.2,482,247
2025-08-20,iOS,BR,Organic,4.1,598,0
2025-08-20,iOS,BR,Paid Social,4.2,271,139
2025-08-20,iOS,BR,Paid Social,4.1,337,0
2025-08-20,iOS,BR,Push Notification,4.2,222,114
2025-08-20,iOS,BR,Push Notification,4.1,275,0
2025-08-20,iOS,BR,Referral,4.2,108,55
2025-08-20,iOS,BR,Referral,4.1,134,0
2025-08-20,Android,US,Organic,N/A,2804,0
2025-08-20,Android,US,Paid Social,N/A,1579,0
2025-08-20,Android,US,Push Notification,N/A,1251,0
2025-08-20,Android,US,Referral,N/A,623,0
2025-08-20,Android,UK,Organic,N/A,1169,0
2025-08-20,Android,UK,Paid Social,N/A,662,0
2025-08-20,Android,UK,Push Notification,N/A,570,0
2025-08-20,Android,UK,Referral,N/A,282,0
2025-08-20,Android,DE,Organic,N/A,958,0
2025-08-20,Android,DE,Paid Social,N/A,555,0
2025-08-20,Android,DE,Push Notification,N/A,432,0
2025-08-20,Android,DE,Referral,N/A,221,0
2025-08-20,Android,IN,Organic,N/A,1788,0
2025-08-20,Android,IN,Paid Social,N/A,1063,0
2025-08-20,Android,IN,Push Notification,N/A,839,0
2025-08-20,Android,IN,Referral,N/A,435,0
2025-08-20,Android,BR,Organic,N/A,1178,0
2025-08-20,Android,BR,Paid Social,N/A,650,0
2025-08-20,Android,BR,Push Notification,N/A,515,0
2025-08-20,Android,BR,Referral,N/A,267,0
2025-08-20,Web,US,Organic,N/A,1451,0
2025-08-20,Web,US,Paid Social,N/A,781,0
2025-08-20,Web,US,Push Notification,N/A,680,0
2025-08-20,Web,US,Referral,N/A,292,0
2025-08-20,Web,UK,Organic,N/A,633,0
2025-08-20,Web,UK,Paid Social,N/A,392,0
2025-08-20,Web,UK,Push Notification,N/A,266,0
2025-08-20,Web,UK,Referral,N/A,148,0
2025-08-20,Web,DE,Organic,N/A,544,0
2025-08-20,Web,DE,Paid Social,N/A,276,0
2025-08-20,Web,DE,Push Notification,N/A,238,0
2025-08-20,Web,DE,Referral,N/A,120,0
2025-08-20,Web,IN,Organic,N/A,921,0
2025-08-20,Web,IN,Paid Social,N/A,536,0
2025-08-20,Web,IN,Push Notification,N/A,424,0
2025-08-20,Web,IN,Referral,N/A,205,0
2025-08-20,Web,BR,Organic,N/A,585,0
2025-08-20,Web,BR,Paid Social,N/A,322,0
2025-08-20,Web,BR,Push Notification,N/A,285,0
2025-08-20,Web,BR,Referral,N/A,116,0
2025-08-21,iOS,US,Organic,4.2,1101,566
2025-08-21,iOS,US,Organic,4.1,1365,0
2025-08-21,iOS,US,Paid Social,4.2,593,305
2025-08-21,iOS,US,Paid Social,4.1,735,0
2025-08-21,iOS,US,Push Notification,4.2,481,247
2025-08-21,iOS,US,Push Notification,4.1,597,0
2025-08-21,iOS,US,Referral,4.2,241,124
2025-08-21,iOS,US,Referral,4.1,300,0
2025-08-21,iOS,UK,Organic,4.2,474,244
2025-08-21,iOS,UK,Organic,4.1,588,0
2025-08-21,iOS,UK,Paid Social,4.2,264,136
2025-08-21,iOS,UK,Paid Social,4.1,329,0
2025-08-21,iOS,UK,Push Notification,4.2,223,114
2025-08-21,iOS,UK,Push Notification,4.1,277,0
2025-08-21,iOS,UK,Referral,4.2,103,53
2025-08-21,iOS,UK,Referral,4.1,129,0
2025-08-21,iOS,DE,Organic,4.2,395,203
2025-08-21,iOS,DE,Organic,4.1,490,0
2025-08-21,iOS,DE,Paid Social,4.2,210,108
2025-08-21,iOS,DE,Paid Social,4.1,261,0
2025-08-21,iOS,DE,Push Notification,4.2,166,85
2025-08-21,iOS,DE,Push Notification,4.1,207,0
2025-08-21,iOS,DE,Referral,4.2,84,43
2025-08-21,iOS,DE,Referral,4.1,105,0
2025-08-21,iOS,IN,Organic,4.2,712,366
2025-08-21,iOS,IN,Organic,4.1,882,0
2025-08-21,iOS,IN,Paid Social,4.2,403,207
2025-08-21,iOS,IN,Paid Social,4.1,500,0
2025-08-21,iOS,IN,Push Notification,4.2,325,166
2025-08-21,iOS,IN,Push Notification,4.1,402,0
2025-08-21,iOS,IN,Referral,4.2,162,82
2025-08-21,iOS,IN,Referral,4.1,200,0
2025-08-21,iOS,BR,Organic,4.2,491,252
2025-08-21,iOS,BR,Organic,4.1,609,0
2025-08-21,iOS,BR,Paid Social,4.2,263,134
2025-08-21,iOS,BR,Paid Social,4.1,325,0
2025-08-21,iOS,BR,Push Notification,4.2,222,114
2025-08-21,iOS,BR,Push Notification,4.1,275,0
2025-08-21,iOS,BR,Referral,4.2,102,52
2025-08-21,iOS,BR,Referral,4.1,126,0
2025-08-21,Android,US,Organic,N/A,2619,0
2025-08-21,Android,US,Paid Social,N/A,1484,0
2025-08-21,Android,US,Push Notification,N/A,1131,0
2025-08-21,Android,US,Referral,N/A,588,0
2025-08-21,Android,UK,Organic,N/A,1215,0
2025-08-21,Android,UK,Paid Social,N/A,691,0
2025-08-21,Android,UK,Push Notification,N/A,490,0
2025-08-21,Android,UK,Referral,N/A,261,0
2025-08-21,Android,DE,Organic,N/A,929,0
2025-08-21,Android,DE,Paid Social,N/A,483,0
2025-08-21,Android,DE,Push Notification,N/A,423,0
2025-08-21,Android,DE,Referral,N/A,185,0
2025-08-21,Android,IN,Organic,N/A,1745,0
2025-08-21,Android,IN,Paid Social,N/A,1009,0
2025-08-21,Android,IN,Push Notification,N/A,836,0
2025-08-21,Android,IN,Referral,N/A,389,0
2025-08-21,Android,BR,Organic,N/A,1146,0
2025-08-21,Android,BR,Paid Social,N/A,669,0
2025-08-21,Android,BR,Push Notification,N/A,509,0
2025-08-21,Android,BR,Referral,N/A,264,0
2025-08-21,Web,US,Organic,N/A,1459,0
2025-08-21,Web,US,Paid Social,N/A,819,0
2025-08-21,Web,US,Push Notification,N/A,656,0
2025-08-21,Web,US,Referral,N/A,303,0
2025-08-21,Web,UK,Organic,N/A,652,0
2025-08-21,Web,UK,Paid Social,N/A,313,0
2025-08-21,Web,UK,Push Notification,N/A,261,0
2025-08-21,Web,UK,Referral,N/A,141,0
2025-08-21,Web,DE,Organic,N/A,520,0
2025-08-21,Web,DE,Paid Social,N/A,267,0
2025-08-21,Web,DE,Push Notification,N/A,216,0
2025-08-21,Web,DE,Referral,N/A,100,0
2025-08-21,Web,IN,Organic,N/A,973,0
2025-08-21,Web,IN,Paid Social,N/A,524,0
2025-08-21,Web,IN,Push Notification,N/A,427,0
2025-08-21,Web,IN,Referral,N/A,176,0
2025-08-21,Web,BR,Organic,N/A,576,0
2025-08-21,Web,BR,Paid Social,N/A,344,0
2025-08-21,Web,BR,Push Notification,N/A,273,0
2025-08-21,Web,BR,Referral,N/A,137,0
2025-08-22,iOS,US,Organic,4.2,1159,596
2025-08-22,iOS,US,Organic,4.1,1436,0
2025-08-22,iOS,US,Paid Social,4.2,618,317
2025-08-22,iOS,US,Paid Social,4.1,765,0
2025-08-22,iOS,US,Push Notification,4.2,527,271
2025-08-22,iOS,US,Push Notification,4.1,654,0
2025-08-22,iOS,US,Referral,4.2,276,142
2025-08-22,iOS,US,Referral,4.1,342,0
2025-08-22,iOS,UK,Organic,4.2,464,239
2025-08-22,iOS,UK,Organic,4.1,576,0
2025-08-22,iOS,UK,Paid Social,4.2,273,140
2025-08-22,iOS,UK,Paid Social,4.1,339,0
2025-08-22,iOS,UK,Push Notification,4.2,210,107
2025-08-22,iOS,UK,Push Notification,4.1,261,0
2025-08-22,iOS,UK,Referral,4.2,110,56
2025-08-22,iOS,UK,Referral,4.1,137,0
2025-08-22,iOS,DE,Organic,4.2,396,203
2025-08-22,iOS,DE,Organic,4.1,491,0
2025-08-22,iOS,DE,Paid Social,4.2,196,100
2025-08-22,iOS,DE,Paid Social,4.1,243,0
2025-08-22,iOS,DE,Push Notification,4.2,162,82
2025-08-22,iOS,DE,Push Notification,4.1,200,0
2025-08-22,iOS,DE,Referral,4.2,90,45
2025-08-22,iOS,DE,Referral,4.1,112,0
2025-08-22,iOS,IN,Organic,4.2,744,382
2025-08-22,iOS,IN,Organic,4.1,923,0
2025-08-22,iOS,IN,Paid Social,4.2,430,221
2025-08-22,iOS,IN,Paid Social,4.1,534,0
2025-08-22,iOS,IN,Push Notification,4.2,334,172
2025-08-22,iOS,IN,Push Notification,4.1,414,0
2025-08-22,iOS,IN,Referral,4.2,165,85
2025-08-22,iOS,IN,Referral,4.1,205,0
2025-08-22,iOS,BR,Organic,4.2,489,251
2025-08-22,iOS,BR,Organic,4.1,606,0
2025-08-22,iOS,BR,Paid Social,4.2,281,144
2025-08-22,iOS,BR,Paid Social,4.1,348,0
2025-08-22,iOS,BR,Push Notification,4.2,212,108
2025-08-22,iOS,BR,Push Notification,4.1,262,0
2025-08-22,iOS,BR,Referral,4.2,102,52
2025-08-22,iOS,BR,Referral,4.1,127,0
2025-08-22,Android,US,Organic,N/A,2796,0
2025-08-22,Android,US,Paid Social,N/A,1636,0
2025-08-22,Android,US,Push Notification,N/A,1343,0
2025-08-22,Android,US,Referral,N/A,661,0
2025-08-22,Android,UK,Organic,N/A,1310,0
2025-08-22,Android,UK,Paid Social,N/A,675,0
2025-08-22,Android,UK,Push Notification,N/A,536,0
2025-08-22,Android,UK,Referral,N/A,314,0
2025-08-22,Android,DE,Organic,N/A,965,0
2025-08-22,Android,DE,Paid Social,N/A,599,0
2025-08-22,Android,DE,Push Notification,N/A,444,0
2025-08-22,Android,DE,Referral,N/A,206,0
2025-08-22,Android,IN,Organic,N/A,1947,0
2025-08-22,Android,IN,Paid Social,N/A,1006,0
2025-08-22,Android,IN,Push Notification,N/A,834,0
2025-08-22,Android,IN,Referral,N/A,427,0
2025-08-22,Android,BR,Organic,N/A,1302,0
2025-08-22,Android,BR,Paid Social,N/A,705,0
2025-08-22,Android,BR,Push Notification,N/A,533,0
2025-08-22,Android,BR,Referral,N/A,301,0
2025-08-22,Web,US,Organic,N/A,1422,0
2025-08-22,Web,US,Paid Social,N/A,799,0
2025-08-22,Web,US,Push Notification,N/A,626,0
2025-08-22,Web,US,Referral,N/A,338,0
2025-08-22,Web,UK,Organic,N/A,624,0
2025-08-22,Web,UK,Paid Social,N/A,320,0
2025-08-22,Web,UK,Push Notification,N/A,270,0
2025-08-22,Web,UK,Referral,N/A,108,0
2025-08-22,Web,DE,Organic,N/A,499,0
2025-08-22,Web,DE,Paid Social,N/A,234,0
2025-08-22,Web,DE,Push Notification,N/A,233,0
2025-08-22,Web,DE,Referral,N/A,107,0
2025-08-22,Web,IN,Organic,N/A,928,0
2025-08-22,Web,IN,Paid Social,N/A,507,0
2025-08-22,Web,IN,Push Notification,N/A,411,0
2025-08-22,Web,IN,Referral,N/A,222,0
2025-08-22,Web,BR,Organic,N/A,610,0
2025-08-22,Web,BR,Paid Social,N/A,322,0
2025-08-22,Web,BR,Push Notification,N/A,283,0
2025-08-22,Web,BR,Referral,N/A,151,0
2025-08-23,iOS,US,Organic,4.2,1069,550
2025-08-23,iOS,US,Organic,4.1,1325,0
2025-08-23,iOS,US,Paid Social,4.2,554,285
2025-08-23,iOS,US,Paid Social,4.1,687,0
2025-08-23,iOS,US,Push Notification,4.2,448,230
2025-08-23,iOS,US,Push Notification,4.1,556,0
2025-08-23,iOS,US,Referral,4.2,233,119
2025-08-23,iOS,US,Referral,4.1,289,0
2025-08-23,iOS,UK,Organic,4.2,434,223
2025-08-23,iOS,UK,Organic,4.1,539,0
2025-08-23,iOS,UK,Paid Social,4.2,252,129
2025-08-23,iOS,UK,Paid Social,4.1,313,0
2025-08-23,iOS,UK,Push Notification,4.2,210,108
2025-08-23,iOS,UK,Push Notification,4.1,261,0
2025-08-23,iOS,UK,Referral,4.2,99,50
2025-08-23,iOS,UK,Referral,4.1,122,0
2025-08-23,iOS,DE,Organic,4.2,348,179
2025-08-23,iOS,DE,Organic,4.1,432,0
2025-08-23,iOS,DE,Paid Social,4.2,199,102
2025-08-23,iOS,DE,Paid Social,4.1,248,0
2025-08-23,iOS,DE,Push Notification,4.2,157,80
2025-08-23,iOS,DE,Push Notification,4.1,195,0
2025-08-23,iOS,DE,Referral,4.2,72,36
2025-08-23,iOS,DE,Referral,4.1,90,0
2025-08-23,iOS,IN,Organic,4.2,695,358
2025-08-23,iOS,IN,Organic,4.1,862,0
2025-08-23,iOS,IN,Paid Social,4.2,376,193
2025-08-23,iOS,IN,Paid Social,4.1,466,0
2025-08-23,iOS,IN,Push Notification,4.2,299,153
2025-08-23,iOS,IN,Push Notification,4.1,370,0
2025-08-23,iOS,IN,Referral,4.2,147,75
2025-08-23,iOS,IN,Referral,4.1,183,0
2025-08-23,iOS,BR,Organic,4.2,428,219
2025-08-23,iOS,BR,Organic,4.1,530,0
2025-08-23,iOS,BR,Paid Social,4.2,233,119
2025-08-23,iOS,BR,Paid Social,4.1,289,0
2025-08-23,iOS,BR,Push Notification,4.2,191,97
2025-08-23,iOS,BR,Push Notification,4.1,236,0
2025-08-23,iOS,BR,Referral,4.2,111,56
2025-08-23,iOS,BR,Referral,4.1,138,0
2025-08-23,Android,US,Organic,N/A,2354,0
2025-08-23,Android,US,Paid Social,N/A,1337,0
2025-08-23,Android,US,Push Notification,N/A,1000,0
2025-08-23,Android,US,Referral,N/A,512,0
2025-08-23,Android,UK,Organic,N/A,1015,0
2025-08-23,Android,UK,Paid Social,N/A,585,0
2025-08-23,Android,UK,Push Notification,N/A,451,0
2025-08-23,Android,UK,Referral,N/A,249,0
2025-08-23,Android,DE,Organic,N/A,781,0
2025-08-23,Android,DE,Paid Social,N/A,488,0
2025-08-23,Android,DE,Push Notification,N/A,368,0
2025-08-23,Android,DE,Referral,N/A,177,0
2025-08-23,Android,IN,Organic,N/A,1612,0
2025-08-23,Android,IN,Paid Social,N/A,923,0
2025-08-23,Android,IN,Push Notification,N/A,711,0
2025-08-23,Android,IN,Referral,N/A,359,0
2025-08-23,Android,BR,Organic,N/A,1060,0
2025-08-23,Android,BR,Paid Social,N/A,611,0
2025-08-23,Android,BR,Push Notification,N/A,472,0
2025-08-23,Android,BR,Referral,N/A,212,0
2025-08-23,Web,US,Organic,N/A,1317,0
2025-08-23,Web,US,Paid Social,N/A,744,0
2025-08-23,Web,US,Push Notification,N/A,565,0
2025-08-23,Web,US,Referral,N/A,308,0
2025-08-23,Web,UK,Organic,N/A,540,0
2025-08-23,Web,UK,Paid Social,N/A,326,0
2025-08-23,Web,UK,Push Notification,N/A,243,0
2025-08-23,Web,UK,Referral,N/A,114,0
2025-08-23,Web,DE,Organic,N/A,413,0
2025-08-23,Web,DE,Paid Social,N/A,245,0
2025-08-23,Web,DE,Push Notification,N/A,223,0
2025-08-23,Web,DE,Referral,N/A,87,0
2025-08-23,Web,IN,Organic,N/A,876,0
2025-08-23,Web,IN,Paid Social,N/A,500,0
2025-08-23,Web,IN,Push Notification,N/A,373,0
2025-08-23,Web,IN,Referral,N/A,194,0
2025-08-23,Web,BR,Organic,N/A,611,0
2025-08-23,Web,BR,Paid Social,N/A,280,0
2025-08-23,Web,BR,Push Notification,N/A,229,0
2025-08-23,Web,BR,Referral,N/A,130,0
2025-08-24,iOS,US,Organic,4.2,992,510
2025-08-24,iOS,US,Organic,4.1,1229,0
2025-08-24,iOS,US,Paid Social,4.2,563,290
2025-08-24,iOS,US,Paid Social,4.1,699,0
2025-08-24,iOS,US,Push Notification,4.2,466,240
2025-08-24,iOS,US,Push Notification,4.1,579,0
2025-08-24,iOS,US,Referral,4.2,224,114
2025-08-24,iOS,US,Referral,4.1,278,0
2025-08-24,iOS,UK,Organic,4.2,449,230
2025-08-24,iOS,UK,Organic,4.1,556,0
2025-08-24,iOS,UK,Paid Social,4.2,243,124
2025-08-24,iOS,UK,Paid Social,4.1,301,0
2025-08-24,iOS,UK,Push Notification,4.2,214,109
2025-08-24,iOS,UK,Push Notification,4.1,265,0
2025-08-24,iOS,UK,Referral,4.2,96,48
2025-08-24,iOS,UK,Referral,4.1,119,0
2025-08-24,iOS,DE,Organic,4.2,342,176
2025-08-24,iOS,DE,Organic,4.1,425,0
2025-08-24,iOS,DE,Paid Social,4.2,193,99
2025-08-24,iOS,DE,Paid Social,4.1,239,0
2025-08-24,iOS,DE,Push Notification,4.2,145,74
2025-08-24,iOS,DE,Push Notification,4.1,180,0
2025-08-24,iOS,DE,Referral,4.2,77,39
2025-08-24,iOS,DE,Referral,4.1,96,0
2025-08-24,iOS,IN,Organic,4.2,678,349
2025-08-24,iOS,IN,Organic,4.1,842,0
2025-08-24,iOS,IN,Paid Social,4.2,380,195
2025-08-24,iOS,IN,Paid Social,4.1,472,0
2025-08-24,iOS,IN,Push Notification,4.2,299,153
2025-08-24,iOS,IN,Push Notification,4.1,371,0
2025-08-24,iOS,IN,Referral,4.2,158,81
2025-08-24,iOS,IN,Referral,4.1,197,0
2025-08-24,iOS,BR,Organic,4.2,437,225
2025-08-24,iOS,BR,Organic,4.1,542,0
2025-08-24,iOS,BR,Paid Social,4.2,255,131
2025-08-24,iOS,BR,Paid Social,4.1,316,0
2025-08-24,iOS,BR,Push Notification,4.2,189,97
2025-08-24,iOS,BR,Push Notification,4.1,234,0
2025-08-24,iOS,BR,Referral,4.2,90,46
2025-08-24,iOS,BR,Referral,4.1,113,0
2025-08-24,Android,US,Organic,N/A,2547,0
2025-08-24,Android,US,Paid Social,N/A,1433,0
2025-08-24,Android,US,Push Notification,N/A,1119,0
2025-08-24,Android,US,Referral,N/A,551,0
2025-08-24,Android,UK,Organic,N/A,1077,0
2025-08-24,Android,UK,Paid Social,N/A,604,0
2025-08-24,Android,UK,Push Notification,N/A,529,0
2025-08-24,Android,UK,Referral,N/A,254,0
2025-08-24,Android,DE,Organic,N/A,933,0
2025-08-24,Android,DE,Paid Social,N/A,509,0
2025-08-24,Android,DE,Push Notification,N/A,424,0
2025-08-24,Android,DE,Referral,N/A,199,0
2025-08-24,Android,IN,Organic,N/A,1712,0
2025-08-24,Android,IN,Paid Social,N/A,905,0
2025-08-24,Android,IN,Push Notification,N/A,764,0
2025-08-24,Android,IN,Referral,N/A,375,0
2025-08-24,Android,BR,Organic,N/A,1118,0
2025-08-24,Android,BR,Paid Social,N/A,623,0
2025-08-24,Android,BR,Push Notification,N/A,471,0
2025-08-24,Android,BR,Referral,N/A,239,0
2025-08-24,Web,US,Organic,N/A,1370,0
2025-08-24,Web,US,Paid Social,N/A,806,0
2025-08-24,Web,US,Push Notification,N/A,623,0
2025-08-24,Web,US,Referral,N/A,264,0
2025-08-24,Web,UK,Organic,N/A,570,0
2025-08-24,Web,UK,Paid Social,N/A,318,0
2025-08-24,Web,UK,Push Notification,N/A,256,0
2025-08-24,Web,UK,Referral,N/A,131,0
2025-08-24,Web,DE,Organic,N/A,504,0
2025-08-24,Web,DE,Paid Social,N/A,280,0
2025-08-24,Web,DE,Push Notification,N/A,184,0
2025-08-24,Web,DE,Referral,N/A,106,0
2025-08-24,Web,IN,Organic,N/A,901,0
2025-08-24,Web,IN,Paid Social,N/A,502,0
2025-08-24,Web,IN,Push Notification,N/A,424,0
2025-08-24,Web,IN,Referral,N/A,201,0
2025-08-24,Web,BR,Organic,N/A,560,0
2025-08-24,Web,BR,Paid Social,N/A,313,0
2025-08-24,Web,BR,Push Notification,N/A,277,0
2025-08-24,Web,BR,Referral,N/A,121,0
2025-08-25,iOS,US,Organic,4.2,1120,576
2025-08-25,iOS,US,Organic,4.1,1388,0
2025-08-25,iOS,US,Paid Social,4.2,591,304
2025-08-25,iOS,US,Paid Social,4.1,733,0
2025-08-25,iOS,US,Push Notification,4.2,490,252
2025-08-25,iOS,US,Push Notification,4.1,608,0
2025-08-25,iOS,US,Referral,4.2,233,120
2025-08-25,iOS,US,Referral,4.1,289,0
2025-08-25,iOS,UK,Organic,4.2,504,259
2025-08-25,iOS,UK,Organic,4.1,625,0
2025-08-25,iOS,UK,Paid Social,4.2,276,142
2025-08-25,iOS,UK,Paid Social,4.1,343,0
2025-08-25,iOS,UK,Push Notification,4.2,204,105
2025-08-25,iOS,UK,Push Notification,4.1,254,0
2025-08-25,iOS,UK,Referral,4.2,104,53
2025-08-25,iOS,UK,Referral,4.1,130,0
2025-08-25,iOS,DE,Organic,4.2,376,193
2025-08-25,iOS,DE,Organic,4.1,466,0
2025-08-25,iOS,DE,Paid Social,4.2,209,107
2025-08-25,iOS,DE,Paid Social,4.1,259,0
2025-08-25,iOS,DE,Push Notification,4.2,158,80
2025-08-25,iOS,DE,Push Notification,4.1,196,0
2025-08-25,iOS,DE,Referral,4.2,80,40
2025-08-25,iOS,DE,Referral,4.1,99,0
2025-08-25,iOS,IN,Organic,4.2,721,371
2025-08-25,iOS,IN,Organic,4.1,894,0
2025-08-25,iOS,IN,Paid Social,4.2,388,199
2025-08-25,iOS,IN,Paid Social,4.1,481,0
2025-08-25,iOS,IN,Push Notification,4.2,324,166
2025-08-25,iOS,IN,Push Notification,4.1,402,0
2025-08-25,iOS,IN,Referral,4.2,185,94
2025-08-25,iOS,IN,Referral,4.1,229,0
2025-08-25,iOS,BR,Organic,4.2,465,239
2025-08-25,iOS,BR,Organic,4.1,576,0
2025-08-25,iOS,BR,Paid Social,4.2,280,143
2025-08-25,iOS,BR,Paid Social,4.1,347,0
2025-08-25,iOS,BR,Push Notification,4.2,202,104
2025-08-25,iOS,BR,Push Notification,4.1,251,0
2025-08-25,iOS,BR,Referral,4.2,104,53
2025-08-25,iOS,BR,Referral,4.1,130,0
2025-08-25,Android,US,Organic,N/A,2848,0
2025-08-25,Android,US,Paid Social,N/A,1580,0
2025-08-25,Android,US,Push Notification,N/A,1288,0
2025-08-25,Android,US,Referral,N/A,651,0
2025-08-25,Android,UK,Organic,N/A,1190,0
2025-08-25,Android,UK,Paid Social,N/A,709,0
2025-08-25,Android,UK,Push Notification,N/A,522,0
2025-08-25,Android,UK,Referral,N/A,262,0
2025-08-25,Android,DE,Organic,N/A,964,0
2025-08-25,Android,DE,Paid Social,N/A,528,0
2025-08-25,Android,DE,Push Notification,N/A,422,0
2025-08-25,Android,DE,Referral,N/A,216,0
2025-08-25,Android,IN,Organic,N/A,1868,0
2025-08-25,Android,IN,Paid Social,N/A,1042,0
2025-08-25,Android,IN,Push Notification,N/A,849,0
2025-08-25,Android,IN,Referral,N/A,419,0
2025-08-25,Android,BR,Organic,N/A,1187,0
2025-08-25,Android,BR,Paid Social,N/A,606,0
2025-08-25,Android,BR,Push Notification,N/A,541,0
2025-08-25,Android,BR,Referral,N/A,262,0
2025-08-25,Web,US,Organic,N/A,1532,0
2025-08-25,Web,US,Paid Social,N/A,860,0
2025-08-25,Web,US,Push Notification,N/A,732,0
2025-08-25,Web,US,Referral,N/A,331,0
2025-08-25,Web,UK,Organic,N/A,657,0
2025-08-25,Web,UK,Paid Social,N/A,360,0
2025-08-25,Web,UK,Push Notification,N/A,293,0
2025-08-25,Web,UK,Referral,N/A,161,0
2025-08-25,Web,DE,Organic,N/A,544,0
2025-08-25,Web,DE,Paid Social,N/A,277,0
2025-08-25,Web,DE,Push Notification,N/A,234,0
2025-08-25,Web,DE,Referral,N/A,119,0
2025-08-25,Web,IN,Organic,N/A,1075,0
2025-08-25,Web,IN,Paid Social,N/A,561,0
2025-08-25,Web,IN,Push Notification,N/A,457,0
2025-08-25,Web,IN,Referral,N/A,231,0
2025-08-25,Web,BR,Organic,N/A,655,0
2025-08-25,Web,BR,Paid Social,N/A,402,0
2025-08-25,Web,BR,Push Notification,N/A,281,0
2025-08-25,Web,BR,Referral,N/A,150,0
2025-08-26,iOS,US,Organic,4.2,1135,584
2025-08-26,iOS,US,Organic,4.1,1407,0
2025-08-26,iOS,US,Paid Social,4.2,655,337
2025-08-26,iOS,US,Paid Social,4.1,812,0
2025-08-26,iOS,US,Push Notification,4.2,504,259
2025-08-26,iOS,US,Push Notification,4.1,626,0
2025-08-26,iOS,US,Referral,4.2,248,127
2025-08-26,iOS,US,Referral,4.1,308,0
2025-08-26,iOS,UK,Organic,4.2,468,241
2025-08-26,iOS,UK,Organic,4.1,581,0
2025-08-26,iOS,UK,Paid Social,4.2,284,145
2025-08-26,iOS,UK,Paid Social,4.1,352,0
2025-08-26,iOS,UK,Push Notification,4.2,224,115
2025-08-26,iOS,UK,Push Notification,4.1,278,0
2025-08-26,iOS,UK,Referral,4.2,111,57
2025-08-26,iOS,UK,Referral,4.1,139,0
2025-08-26,iOS,DE,Organic,4.2,383,196
2025-08-26,iOS,DE,Organic,4.1,475,0
2025-08-26,iOS,DE,Paid Social,4.2,216,111
2025-08-26,iOS,DE,Paid Social,4.1,269,0
2025-08-26,iOS,DE,Push Notification,4.2,177,90
2025-08-26,iOS,DE,Push Notification,4.1,219,0
2025-08-26,iOS,DE,Referral,4.2,90,46
2025-08-26,iOS,DE,Referral,4.1,112,0
2025-08-26,iOS,IN,Organic,4.2,758,389
2025-08-26,iOS,IN,Organic,4.1,940,0
2025-08-26,iOS,IN,Paid Social,4.2,429,221
2025-08-26,iOS,IN,Paid Social,4.1,532,0
2025-08-26,iOS,IN,Push Notification,4.2,348,178
2025-08-26,iOS,IN,Push Notification,4.1,431,0
2025-08-26,iOS,IN,Referral,4.2,171,88
2025-08-26,iOS,IN,Referral,4.1,212,0
2025-08-26,iOS,BR,Organic,4.2,478,245
2025-08-26,iOS,BR,Organic,4.1,592,0
2025-08-26,iOS,BR,Paid Social,4.2,277,142
2025-08-26,iOS,BR,Paid Social,4.1,343,0
2025-08-26,iOS,BR,Push Notification,4.2,228,116
2025-08-26,iOS,BR,Push Notification,4.1,283,0
2025-08-26,iOS,BR,Referral,4.2,105,53
2025-08-26,iOS,BR,Referral,4.1,130,0
2025-08-26,Android,US,Organic,N/A,2698,0
2025-08-26,Android,US,Paid Social,N/A,1499,0
2025-08-26,Android,US,Push Notification,N/A,1307,0
2025-08-26,Android,US,Referral,N/A,615,0
2025-08-26,Android,UK,Organic,N/A,1196,0
2025-08-26,Android,UK,Paid Social,N/A,656,0
2025-08-26,Android,UK,Push Notification,N/A,515,0
2025-08-26,Android,UK,Referral,N/A,272,0
2025-08-26,Android,DE,Organic,N/A,993,0
2025-08-26,Android,DE,Paid Social,N/A,538,0
2025-08-26,Android,DE,Push Notification,N/A,367,0
2025-08-26,Android,DE,Referral,N/A,213,0
2025-08-26,Android,IN,Organic,N/A,1833,0
2025-08-26,Android,IN,Paid Social,N/A,966,0
2025-08-26,Android,IN,Push Notification,N/A,841,0
2025-08-26,Android,IN,Referral,N/A,365,0
2025-08-26,Android,BR,Organic,N/A,1252,0
2025-08-26,Android,BR,Paid Social,N/A,695,0
2025-08-26,Android,BR,Push Notification,N/A,505,0
2025-08-26,Android,BR,Referral,N/A,264,0
2025-08-26,Web,US,Organic,N/A,1453,0
2025-08-26,Web,US,Paid Social,N/A,823,0
2025-08-26,Web,US,Push Notification,N/A,667,0
2025-08-26,Web,US,Referral,N/A,338,0
2025-08-26,Web,UK,Organic,N/A,597,0
2025-08-26,Web,UK,Paid Social,N/A,353,0
2025-08-26,Web,UK,Push Notification,N/A,281,0
2025-08-26,Web,UK,Referral,N/A,153,0
2025-08-26,Web,DE,Organic,N/A,548,0
2025-08-26,Web,DE,Paid Social,N/A,295,0
2025-08-26,Web,DE,Push Notification,N/A,231,0
2025-08-26,Web,DE,Referral,N/A,115,0
2025-08-26,Web,IN,Organic,N/A,931,0
2025-08-26,Web,IN,Paid Social,N/A,519,0
2025-08-26,Web,IN,Push Notification,N/A,477,0
2025-08-26,Web,IN,Referral,N/A,195,0
2025-08-26,Web,BR,Organic,N/A,670,0
2025-08-26,Web,BR,Paid Social,N/A,339,0
2025-08-26,Web,BR,Push Notification,N/A,292,0
2025-08-26,Web,BR,Referral,N/A,151,0
2025-08-27,iOS,US,Organic,4.2,1182,608
2025-08-27,iOS,US,Organic,4.1,1466,0
2025-08-27,iOS,US,Paid Social,4.2,637,327
2025-08-27,iOS,US,Paid Social,4.1,789,0
2025-08-27,iOS,US,Push Notification,4.2,496,255
2025-08-27,iOS,US,Push Notification,4.1,616,0
2025-08-27,iOS,US,Referral,4.2,256,131
2025-08-27,iOS,US,Referral,4.1,317,0
2025-08-27,iOS,UK,Organic,4.2,513,263
2025-08-27,iOS,UK,Organic,4.1,636,0
2025-08-27,iOS,UK,Paid Social,4.2,275,141
2025-08-27,iOS,UK,Paid Social,4.1,341,0
2025-08-27,iOS,UK,Push Notification,4.2,211,108
2025-08-27,iOS,UK,Push Notification,4.1,261,0
2025-08-27,iOS,UK,Referral,4.2,112,57
2025-08-27,iOS,UK,Referral,4.1,139,0
2025-08-27,iOS,DE,Organic,4.2,404,207
2025-08-27,iOS,DE,Organic,4.1,500,0
2025-08-27,iOS,DE,Paid Social,4.2,214,109
2025-08-27,iOS,DE,Paid Social,4.1,265,0
2025-08-27,iOS,DE,Push Notification,4.2,183,93
2025-08-27,iOS,DE,Push Notification,4.1,227,0
2025-08-27,iOS,DE,Referral,4.2,92,47
2025-08-27,iOS,DE,Referral,4.1,114,0
2025-08-27,iOS,IN,Organic,4.2,756,389
2025-08-27,iOS,IN,Organic,4.1,938,0
2025-08-27,iOS,IN,Paid Social,4.2,430,221
2025-08-27,iOS,IN,Paid Social,4.1,533,0
2025-08-27,iOS,IN,Push Notification,4.2,338,174
2025-08-27,iOS,IN,Push Notification,4.1,420,0
2025-08-27,iOS,IN,Referral,4.2,175,90
2025-08-27,iOS,IN,Referral,4.1,218,0
2025-08-27,iOS,BR,Organic,4.2,480,246
2025-08-27,iOS,BR,Organic,4.1,594,0
2025-08-27,iOS,BR,Paid Social,4.2,263,134
2025-08-27,iOS,BR,Paid Social,4.1,326,0
2025-08-27,iOS,BR,Push Notification,4.2,223,114
2025-08-27,iOS,BR,Push Notification,4.1,277,0
2025-08-27,iOS,BR,Referral,4.2,101,51
2025-08-27,iOS,BR,Referral,4.1,126,0
2025-08-27,Android,US,Organic,N/A,3054,0
2025-08-27,Android,US,Paid Social,N/A,1693,0
2025-08-27,Android,US,Push Notification,N/A,1374,0
2025-08-27,Android,US,Referral,N/A,649,0
2025-08-27,Android,UK,Organic,N/A,1314,0
2025-08-27,Android,UK,Paid Social,N/A,729,0
2025-08-27,Android,UK,Push Notification,N/A,541,0
2025-08-27,Android,UK,Referral,N/A,283,0
2025-08-27,Android,DE,Organic,N/A,1007,0
2025-08-27,Android,DE,Paid Social,N/A,553,0
2025-08-27,Android,DE,Push Notification,N/A,464,0
2025-08-27,Android,DE,Referral,N/A,220,0
2025-08-27,Android,IN,Organic,N/A,1951,0
2025-08-27,Android,IN,Paid Social,N/A,1085,0
2025-08-27,Android,IN,Push Notification,N/A,846,0
2025-08-27,Android,IN,Referral,N/A,436,0
2025-08-27,Android,BR,Organic,N/A,1358,0
2025-08-27,Android,BR,Paid Social,N/A,765,0
2025-08-27,Android,BR,Push Notification,N/A,544,0
2025-08-27,Android,BR,Referral,N/A,299,0
2025-08-27,Web,US,Organic,N/A,1404,0
2025-08-27,Web,US,Paid Social,N/A,793,0
2025-08-27,Web,US,Push Notification,N/A,629,0
2025-08-27,Web,US,Referral,N/A,285,0
2025-08-27,Web,UK,Organic,N/A,615,0
2025-08-27,Web,UK,Paid Social,N/A,340,0
2025-08-27,Web,UK,Push Notification,N/A,285,0
2025-08-27,Web,UK,Referral,N/A,147,0
2025-08-27,Web,DE,Organic,N/A,491,0
2025-08-27,Web,DE,Paid Social,N/A,252,0
2025-08-27,Web,DE,Push Notification,N/A,230,0
2025-08-27,Web,DE,Referral,N/A,107,0
2025-08-27,Web,IN,Organic,N/A,919,0
2025-08-27,Web,IN,Paid Social,N/A,522,0
2025-08-27,Web,IN,Push Notification,N/A,425,0
2025-08-27,Web,IN,Referral,N/A,201,0
2025-08-27,Web,BR,Organic,N/A,590,0
2025-08-27,Web,BR,Paid Social,N/A,346,0
2025-08-27,Web,BR,Push Notification,N/A,287,0
2025-08-27,Web,BR,Referral,N/A,121,0
2025-08-28,iOS,US,Organic,4.2,1133,583
2025-08-28,iOS,US,Organic,4.1,1404,0
2025-08-28,iOS,US,Paid Social,4.2,647,332
2025-08-28,iOS,US,Paid Social,4.1,802,0
2025-08-28,iOS,US,Push Notification,4.2,503,259
2025-08-28,iOS,US,Push Notification,4.1,624,0
2025-08-28,iOS,US,Referral,4.2,244,125
2025-08-28,iOS,US,Referral,4.1,303,0
2025-08-28,iOS,UK,Organic,4.2,496,255
2025-08-28,iOS,UK,Organic,4.1,615,0
2025-08-28,iOS,UK,Paid Social,4.2,264,135
2025-08-28,iOS,UK,Paid Social,4.1,328,0
2025-08-28,iOS,UK,Push Notification,4.2,228,117
2025-08-28,iOS,UK,Push Notification,4.1,283,0
2025-08-28,iOS,UK,Referral,4.2,101,52
2025-08-28,iOS,UK,Referral,4.1,126,0
2025-08-28,iOS,DE,Organic,4.2,400,206
2025-08-28,iOS,DE,Organic,4.1,497,0
2025-08-28,iOS,DE,Paid Social,4.2,212,109
2025-08-28,iOS,DE,Paid Social,4.1,263,0
2025-08-28,iOS,DE,Push Notification,4.2,190,97
2025-08-28,iOS,DE,Push Notification,4.1,235,0
2025-08-28,iOS,DE,Referral,4.2,89,45
2025-08-28,iOS,DE,Referral,4.1,111,0
2025-08-28,iOS,IN,Organic,4.2,737,379
2025-08-28,iOS,IN,Organic,4.1,914,0
2025-08-28,iOS,IN,Paid Social,4.2,412,212
2025-08-28,iOS,IN,Paid Social,4.1,512,0
2025-08-28,iOS,IN,Push Notification,4.2,340,174
2025-08-28,iOS,IN,Push Notification,4.1,421,0
2025-08-28,iOS,IN,Referral,4.2,167,86
2025-08-28,iOS,IN,Referral,4.1,208,0
2025-08-28,iOS,BR,Organic,4.2,484,249
2025-08-28,iOS,BR,Organic,4.1,601,0
2025-08-28,iOS,BR,Paid Social,4.2,280,144
2025-08-28,iOS,BR,Paid Social,4.1,347,0
2025-08-28,iOS,BR,Push Notification,4.2,212,108
2025-08-28,iOS,BR,Push Notification,4.1,263,0
2025-08-28,iOS,BR,Referral,4.2,114,58
2025-08-28,iOS,BR,Referral,4.1,142,0
2025-08-28,Android,US,Organic,N/A,2728,0
2025-08-28,Android,US,Paid Social,N/A,1512,0
2025-08-28,Android,US,Push Notification,N/A,1295,0
2025-08-28,Android,US,Referral,N/A,600,0
2025-08-28,Android,UK,Organic,N/A,1152,0
2025-08-28,Android,UK,Paid Social,N/A,643,0
2025-08-28,Android,UK,Push Notification,N/A,468,0
2025-08-28,Android,UK,Referral,N/A,226,0
2025-08-28,Android,DE,Organic,N/A,933,0
2025-08-28,Android,DE,Paid Social,N/A,509,0
2025-08-28,Android,DE,Push Notification,N/A,380,0
2025-08-28,Android,DE,Referral,N/A,223,0
2025-08-28,Android,IN,Organic,N/A,1761,0
2025-08-28,Android,IN,Paid Social,N/A,1026,0
2025-08-28,Android,IN,Push Notification,N/A,858,0
2025-08-28,Android,IN,Referral,N/A,384,0
2025-08-28,Android,BR,Organic,N/A,1127,0
2025-08-28,Android,BR,Paid Social,N/A,640,0
2025-08-28,Android,BR,Push Notification,N/A,504,0
2025-08-28,Android,BR,Referral,N/A,232,0
2025-08-28,Web,US,Organic,N/A,1554,0
2025-08-28,Web,US,Paid Social,N/A,822,0
2025-08-28,Web,US,Push Notification,N/A,692,0
2025-08-28,Web,US,Referral,N/A,325,0
2025-08-28,Web,UK,Organic,N/A,669,0
2025-08-28,Web,UK,Paid Social,N/A,362,0
2025-08-28,Web,UK,Push Notification,N/A,291,0
2025-08-28,Web,UK,Referral,N/A,132,0
2025-08-28,Web,DE,Organic,N/A,507,0
2025-08-28,Web,DE,Paid Social,N/A,284,0
2025-08-28,Web,DE,Push Notification,N/A,208,0
2025-08-28,Web,DE,Referral,N/A,112,0
2025-08-28,Web,IN,Organic,N/A,955,0
2025-08-28,Web,IN,Paid Social,N/A,544,0
2025-08-28,Web,IN,Push Notification,N/A,383,0
2025-08-28,Web,IN,Referral,N/A,204,0
2025-08-28,Web,BR,Organic,N/A,624,0
2025-08-28,Web,BR,Paid Social,N/A,351,0
2025-08-28,Web,BR,Push Notification,N/A,299,0
2025-08-28,Web,BR,Referral,N/A,131,0
2025-08-29,iOS,US,Organic,4.2,1162,598
2025-08-29,iOS,US,Organic,4.1,1440,0
2025-08-29,iOS,US,Paid Social,4.2,616,317
2025-08-29,iOS,US,Paid Social,4.1,764,0
2025-08-29,iOS,US,Push Notification,4.2,489,251
2025-08-29,iOS,US,Push Notification,4.1,606,0
2025-08-29,iOS,US,Referral,4.2,258,132
2025-08-29,iOS,US,Referral,4.1,320,0
2025-08-29,iOS,UK,Organic,4.2,482,247
2025-08-29,iOS,UK,Organic,4.1,598,0
2025-08-29,iOS,UK,Paid Social,4.2,282,144
2025-08-29,iOS,UK,Paid Social,4.1,349,0
2025-08-29,iOS,UK,Push Notification,4.2,226,116
2025-08-29,iOS,UK,Push Notification,4.1,281,0
2025-08-29,iOS,UK,Referral,4.2,107,55
2025-08-29,iOS,UK,Referral,4.1,134,0
2025-08-29,iOS,DE,Organic,4.2,383,197
2025-08-29,iOS,DE,Organic,4.1,476,0
2025-08-29,iOS,DE,Paid Social,4.2,220,112
2025-08-29,iOS,DE,Paid Social,4.1,272,0
2025-08-29,iOS,DE,Push Notification,4.2,170,87
2025-08-29,iOS,DE,Push Notification,4.1,211,0
2025-08-29,iOS,DE,Referral,4.2,84,43
2025-08-29,iOS,DE,Referral,4.1,105,0
2025-08-29,iOS,IN,Organic,4.2,703,361
2025-08-29,iOS,IN,Organic,4.1,871,0
2025-08-29,iOS,IN,Paid Social,4.2,428,219
2025-08-29,iOS,IN,Paid Social,4.1,531,0
2025-08-29,iOS,IN,Push Notification,4.2,332,170
2025-08-29,iOS,IN,Push Notification,4.1,411,0
2025-08-29,iOS,IN,Referral,4.2,173,88
2025-08-29,iOS,IN,Referral,4.1,214,0
2025-08-29,iOS,BR,Organic,4.2,488,250
2025-08-29,iOS,BR,Organic,4.1,604,0
2025-08-29,iOS,BR,Paid Social,4.2,252,129
2025-08-29,iOS,BR,Paid Social,4.1,312,0
2025-08-29,iOS,BR,Push Notification,4.2,211,108
2025-08-29,iOS,BR,Push Notification,4.1,261,0
2025-08-29,iOS,BR,Referral,4.2,107,55
2025-08-29,iOS,BR,Referral,4.1,133,0
2025-08-29,Android,US,Organic,N/A,2877,0
2025-08-29,Android,US,Paid Social,N/A,1624,0
2025-08-29,Android,US,Push Notification,N/A,1204,0
2025-08-29,Android,US,Referral,N/A,670,0
2025-08-29,Android,UK,Organic,N/A,1234,0
2025-08-29,Android,UK,Paid Social,N/A,689,0
2025-08-29,Android,UK,Push Notification,N/A,561,0
2025-08-29,Android,UK,Referral,N/A,287,0
2025-08-29,Android,DE,Organic,N/A,1071,0
2025-08-29,Android,DE,Paid Social,N/A,559,0
2025-08-29,Android,DE,Push Notification,N/A,456,0
2025-08-29,Android,DE,Referral,N/A,235,0
2025-08-29,Android,IN,Organic,N/A,1948,0
2025-08-29,Android,IN,Paid Social,N/A,1095,0
2025-08-29,Android,IN,Push Notification,N/A,846,0
2025-08-29,Android,IN,Referral,N/A,469,0
2025-08-29,Android,BR,Organic,N/A,1211,0
2025-08-29,Android,BR,Paid Social,N/A,678,0
2025-08-29,Android,BR,Push Notification,N/A,569,0
2025-08-29,Android,BR,Referral,N/A,258,0
2025-08-29,Web,US,Organic,N/A,1535,0
2025-08-29,Web,US,Paid Social,N/A,808,0
2025-08-29,Web,US,Push Notification,N/A,674,0
2025-08-29,Web,US,Referral,N/A,350,0
2025-08-29,Web,UK,Organic,N/A,633,0
2025-08-29,Web,UK,Paid Social,N/A,330,0
2025-08-29,Web,UK,Push Notification,N/A,299,0
2025-08-29,Web,UK,Referral,N/A,170,0
2025-08-29,Web,DE,Organic,N/A,539,0
2025-08-29,Web,DE,Paid Social,N/A,283,0
2025-08-29,Web,DE,Push Notification,N/A,214,0
2025-08-29,Web,DE,Referral,N/A,123,0
2025-08-29,Web,IN,Organic,N/A,992,0
2025-08-29,Web,IN,Paid Social,N/A,552,0
2025-08-29,Web,IN,Push Notification,N/A,416,0
2025-08-29,Web,IN,Referral,N/A,231,0
2025-08-29,Web,BR,Organic,N/A,689,0
2025-08-29,Web,BR,Paid Social,N/A,352,0
2025-08-29,Web,BR,Push Notification,N/A,314,0
2025-08-29,Web,BR,Referral,N/A,157,0
2025-08-30,iOS,US,Organic,4.2,1056,543
2025-08-30,iOS,US,Organic,4.1,1309,0
2025-08-30,iOS,US,Paid Social,4.2,582,299
2025-08-30,iOS,US,Paid Social,4.1,722,0
2025-08-30,iOS,US,Push Notification,4.2,480,246
2025-08-30,iOS,US,Push Notification,4.1,594,0
2025-08-30,iOS,US,Referral,4.2,242,124
2025-08-30,iOS,US,Referral,4.1,301,0
2025-08-30,iOS,UK,Organic,4.2,484,249
2025-08-30,iOS,UK,Organic,4.1,600,0
2025-08-30,iOS,UK,Paid Social,4.2,249,128
2025-08-30,iOS,UK,Paid Social,4.1,310,0
2025-08-30,iOS,UK,Push Notification,4.2,195,99
2025-08-30,iOS,UK,Push Notification,4.1,241,0
2025-08-30,iOS,UK,Referral,4.2,90,45
2025-08-30,iOS,UK,Referral,4.1,112,0
2025-08-30,iOS,DE,Organic,4.2,363,186
2025-08-30,iOS,DE,Organic,4.1,450,0
2025-08-30,iOS,DE,Paid Social,4.2,201,103
2025-08-30,iOS,DE,Paid Social,4.1,249,0
2025-08-30,iOS,DE,Push Notification,4.2,159,81
2025-08-30,iOS,DE,Push Notification,4.1,197,0
2025-08-30,iOS,DE,Referral,4.2,80,40
2025-08-30,iOS,DE,Referral,4.1,99,0
2025-08-30,iOS,IN,Organic,4.2,709,365
2025-08-30,iOS,IN,Organic,4.1,880,0
2025-08-30,iOS,IN,Paid Social,4.2,410,210
2025-08-30,iOS,IN,Paid Social,4.1,508,0
2025-08-30,iOS,IN,Push Notification,4.2,323,165
2025-08-30,iOS,IN,Push Notification,4.1,401,0
2025-08-30,iOS,IN,Referral,4.2,163,83
2025-08-30,iOS,IN,Referral,4.1,203,0
2025-08-30,iOS,BR,Organic,4.2,442,227
2025-08-30,iOS,BR,Organic,4.1,549,0
2025-08-30,iOS,BR,Paid Social,4.2,254,130
2025-08-30,iOS,BR,Paid Social,4.1,315,0
2025-08-30,iOS,BR,Push Notification,4.2,202,104
2025-08-30,iOS,BR,Push Notification,4.1,252,0
2025-08-30,iOS,BR,Referral,4.2,90,46
2025-08-30,iOS,BR,Referral,4.1,112,0
2025-08-30,Android,US,Organic,N/A,2522,0
2025-08-30,Android,US,Paid Social,N/A,1352,0
2025-08-30,Android,US,Push Notification,N/A,1130,0
2025-08-30,Android,US,Referral,N/A,561,0
2025-08-30,Android,UK,Organic,N/A,1094,0
2025-08-30,Android,UK,Paid Social,N/A,583,0
2025-08-30,Android,UK,Push Notification,N/A,492,0
2025-08-30,Android,UK,Referral,N/A,234,0
2025-08-30,Android,DE,Organic,N/A,892,0
2025-08-30,Android,DE,Paid Social,N/A,474,0
2025-08-30,Android,DE,Push Notification,N/A,355,0
2025-08-30,Android,DE,Referral,N/A,195,0
2025-08-30,Android,IN,Organic,N/A,1682,0
2025-08-30,Android,IN,Paid Social,N/A,877,0
2025-08-30,Android,IN,Push Notification,N/A,738,0
2025-08-30,Android,IN,Referral,N/A,365,0
2025-08-30,Android,BR,Organic,N/A,1107,0
2025-08-30,Android,BR,Paid Social,N/A,615,0
2025-08-30,Android,BR,Push Notification,N/A,471,0
2025-08-30,Android,BR,Referral,N/A,233,0
2025-08-30,Web,US,Organic,N/A,1360,0
2025-08-30,Web,US,Paid Social,N/A,766,0
2025-08-30,Web,US,Push Notification,N/A,657,0
2025-08-30,Web,US,Referral,N/A,291,0
2025-08-30,Web,UK,Organic,N/A,587,0
2025-08-30,Web,UK,Paid Social,N/A,320,0
2025-08-30,Web,UK,Push Notification,N/A,264,0
2025-08-30,Web,UK,Referral,N/A,113,0
2025-08-30,Web,DE,Organic,N/A,441,0
2025-08-30,Web,DE,Paid Social,N/A,253,0
2025-08-30,Web,DE,Push Notification,N/A,193,0
2025-08-30,Web,DE,Referral,N/A,107,0
2025-08-30,Web,IN,Organic,N/A,969,0
2025-08-30,Web,IN,Paid Social,N/A,534,0
2025-08-30,Web,IN,Push Notification,N/A,431,0
2025-08-30,Web,IN,Referral,N/A,191,0
2025-08-30,Web,BR,Organic,N/A,609,0
2025-08-30,Web,BR,Paid Social,N/A,347,0
2025-08-30,Web,BR,Push Notification,N/A,273,0
2025-08-30,Web,BR,Referral,N/A,122,0
2025-08-31,iOS,US,Organic,4.2,987,507
2025-08-31,iOS,US,Organic,4.1,1224,0
2025-08-31,iOS,US,Paid Social,4.2,582,299
2025-08-31,iOS,US,Paid Social,4.1,722,0
2025-08-31,iOS,US,Push Notification,4.2,467,240
2025-08-31,iOS,US,Push Notification,4.1,579,0
2025-08-31,iOS,US,Referral,4.2,226,115
2025-08-31,iOS,US,Referral,4.1,279,0
2025-08-31,iOS,UK,Organic,4.2,436,224
2025-08-31,iOS,UK,Organic,4.1,540,0
2025-08-31,iOS,UK,Paid Social,4.2,255,130
2025-08-31,iOS,UK,Paid Social,4.1,315,0
2025-08-31,iOS,UK,Push Notification,4.2,201,103
2025-08-31,iOS,UK,Push Notification,4.1,249,0
2025-08-31,iOS,UK,Referral,4.2,99,51
2025-08-31,iOS,UK,Referral,4.1,123,0
2025-08-31,iOS,DE,Organic,4.2,359,184
2025-08-31,iOS,DE,Organic,4.1,445,0
2025-08-31,iOS,DE,Paid Social,4.2,208,107
2025-08-31,iOS,DE,Paid Social,4.1,258,0
2025-08-31,iOS,DE,Push Notification,4.2,156,79
2025-08-31,iOS,DE,Push Notification,4.1,193,0
2025-08-31,iOS,DE,Referral,4.2,85,43
2025-08-31,iOS,DE,Referral,4.1,106,0
2025-08-31,iOS,IN,Organic,4.2,687,353
2025-08-31,iOS,IN,Organic,4.1,852,0
2025-08-31,iOS,IN,Paid Social,4.2,369,189
2025-08-31,iOS,IN,Paid Social,4.1,457,0
2025-08-31,iOS,IN,Push Notification,4.2,281,144
2025-08-31,iOS,IN,Push Notification,4.1,349,0
2025-08-31,iOS,IN,Referral,4.2,158,80
2025-08-31,iOS,IN,Referral,4.1,195,0
2025-08-31,iOS,BR,Organic,4.2,435,223
2025-08-31,iOS,BR,Organic,4.1,539,0
2025-08-31,iOS,BR,Paid Social,4.2,263,134
2025-08-31,iOS,BR,Paid Social,4.1,325,0
2025-08-31,iOS,BR,Push Notification,4.2,195,100
2025-08-31,iOS,BR,Push Notification,4.1,243,0
2025-08-31,iOS,BR,Referral,4.2,88,44
2025-08-31,iOS,BR,Referral,4.1,108,0
2025-08-31,Android,US,Organic,N/A,2574,0
2025-08-31,Android,US,Paid Social,N/A,1410,0
2025-08-31,Android,US,Push Notification,N/A,1161,0
2025-08-31,Android,US,Referral,N/A,598,0
2025-08-31,Android,UK,Organic,N/A,1109,0
2025-08-31,Android,UK,Paid Social,N/A,571,0
2025-08-31,Android,UK,Push Notification,N/A,479,0
2025-08-31,Android,UK,Referral,N/A,245,0
2025-08-31,Android,DE,Organic,N/A,880,0
2025-08-31,Android,DE,Paid Social,N/A,536,0
2025-08-31,Android,DE,Push Notification,N/A,397,0
2025-08-31,Android,DE,Referral,N/A,193,0
2025-08-31,Android,IN,Organic,N/A,1660,0
2025-08-31,Android,IN,Paid Social,N/A,916,0
2025-08-31,Android,IN,Push Notification,N/A,740,0
2025-08-31,Android,IN,Referral,N/A,376,0
2025-08-31,Android,BR,Organic,N/A,1118,0
2025-08-31,Android,BR,Paid Social,N/A,586,0
2025-08-31,Android,BR,Push Notification,N/A,494,0
2025-08-31,Android,BR,Referral,N/A,270,0
2025-08-31,Web,US,Organic,N/A,1403,0
2025-08-31,Web,US,Paid Social,N/A,811,0
2025-08-31,Web,US,Push Notification,N/A,626,0
2025-08-31,Web,US,Referral,N/A,311,0
2025-08-31,Web,UK,Organic,N/A,603,0
2025-08-31,Web,UK,Paid Social,N/A,324,0
2025-08-31,Web,UK,Push Notification,N/A,251,0
2025-08-31,Web,UK,Referral,N/A,142,0
2025-08-31,Web,DE,Organic,N/A,476,0
2025-08-31,Web,DE,Paid Social,N/A,256,0
2025-08-31,Web,DE,Push Notification,N/A,200,0
2025-08-31,Web,DE,Referral,N/A,105,0
2025-08-31,Web,IN,Organic,N/A,959,0
2025-08-31,Web,IN,Paid Social,N/A,521,0
2025-08-31,Web,IN,Push Notification,N/A,385,0
2025-08-31,Web,IN,Referral,N/A,238,0
2025-08-31,Web,BR,Organic,N/A,596,0
2025-08-31,Web,BR,Paid Social,N/A,350,0
2025-08-31,Web,BR,Push Notification,N/A,279,0
2025-08-31,Web,BR,Referral,N/A,133,0
2025-09-01,iOS,US,Organic,4.2,1128,581
2025-09-01,iOS,US,Organic,4.1,1400,0
2025-09-01,iOS,US,Paid Social,4.2,657,338
2025-09-01,iOS,US,Paid Social,4.1,815,0
2025-09-01,iOS,US,Push Notification,4.2,534,275
2025-09-01,iOS,US,Push Notification,4.1,662,0
2025-09-01,iOS,US,Referral,4.2,244,125
2025-09-01,iOS,US,Referral,4.1,303,0
2025-09-01,iOS,UK,Organic,4.2,511,262
2025-09-01,iOS,UK,Organic,4.1,633,0
2025-09-01,iOS,UK,Paid Social,4.2,261,133
2025-09-01,iOS,UK,Paid Social,4.1,323,0
2025-09-01,iOS,UK,Push Notification,4.2,230,118
2025-09-01,iOS,UK,Push Notification,4.1,286,0
2025-09-01,iOS,UK,Referral,4.2,107,54
2025-09-01,iOS,UK,Referral,4.1,132,0
2025-09-01,iOS,DE,Organic,4.2,380,195
2025-09-01,iOS,DE,Organic,4.1,472,0
2025-09-01,iOS,DE,Paid Social,4.2,209,107
2025-09-01,iOS,DE,Paid Social,4.1,260,0
2025-09-01,iOS,DE,Push Notification,4.2,169,87
2025-09-01,iOS,DE,Push Notification,4.1,210,0
2025-09-01,iOS,DE,Referral,4.2,88,44
2025-09-01,iOS,DE,Referral,4.1,108,0
2025-09-01,iOS,IN,Organic,4.2,739,380
2025-09-01,iOS,IN,Organic,4.1,916,0
2025-09-01,iOS,IN,Paid Social,4.2,408,210
2025-09-01,iOS,IN,Paid Social,4.1,507,0
2025-09-01,iOS,IN,Push Notification,4.2,338,173
2025-09-01,iOS,IN,Push Notification,4.1,419,0
2025-09-01,iOS,IN,Referral,4.2,172,88
2025-09-01,iOS,IN,Referral,4.1,213,0
2025-09-01,iOS,BR,Organic,4.2,500,257
2025-09-01,iOS,BR,Organic,4.1,621,0
2025-09-01,iOS,BR,Paid Social,4.2,271,139
2025-09-01,iOS,BR,Paid Social,4.1,336,0
2025-09-01,iOS,BR,Push Notification,4.2,224,114
2025-09-01,iOS,BR,Push Notification,4.1,278,0
2025-09-01,iOS,BR,Referral,4.2,110,56
2025-09-01,iOS,BR,Referral,4.1,136,0
2025-09-01,Android,US,Organic,N/A,3003,0
2025-09-01,Android,US,Paid Social,N/A,1669,0
2025-09-01,Android,US,Push Notification,N/A,1343,0
2025-09-01,Android,US,Referral,N/A,680,0
2025-09-01,Android,UK,Organic,N/A,1247,0
2025-09-01,Android,UK,Paid Social,N/A,752,0
2025-09-01,Android,UK,Push Notification,N/A,610,0
2025-09-01,Android,UK,Referral,N/A,287,0
2025-09-01,Android,DE,Organic,N/A,966,0
2025-09-01,Android,DE,Paid Social,N/A,573,0
2025-09-01,Android,DE,Push Notification,N/A,493,0
2025-09-01,Android,DE,Referral,N/A,219,0
2025-09-01,Android,IN,Organic,N/A,1961,0
2025-09-01,Android,IN,Paid Social,N/A,1056,0
2025-09-01,Android,IN,Push Notification,N/A,846,0
2025-09-01,Android,IN,Referral,N/A,421,0
2025-09-01,Android,BR,Organic,N/A,1340,0
2025-09-01,Android,BR,Paid Social,N/A,718,0
2025-09-01,Android,BR,Push Notification,N/A,580,0
2025-09-01,Android,BR,Referral,N/A,271,0
2025-09-01,Web,US,Organic,N/A,1498,0
2025-09-01,Web,US,Paid Social,N/A,856,0
2025-09-01,Web,US,Push Notification,N/A,632,0
2025-09-01,Web,US,Referral,N/A,340,0
2025-09-01,Web,UK,Organic,N/A,657,0
2025-09-01,Web,UK,Paid Social,N/A,335,0
2025-09-01,Web,UK,Push Notification,N/A,301,0
2025-09-01,Web,UK,Referral,N/A,140,0
2025-09-01,Web,DE,Organic,N/A,522,0
2025-09-01,Web,DE,Paid Social,N/A,282,0
2025-09-01,Web,DE,Push Notification,N/A,209,0
2025-09-01,Web,DE,Referral,N/A,122,0
2025-09-01,Web,IN,Organic,N/A,959,0
2025-09-01,Web,IN,Paid Social,N/A,571,0
2025-09-01,Web,IN,Push Notification,N/A,458,0
2025-09-01,Web,IN,Referral,N/A,237,0
2025-09-01,Web,BR,Organic,N/A,623,0
2025-09-01,Web,BR,Paid Social,N/A,356,0
2025-09-01,Web,BR,Push Notification,N/A,265,0
2025-09-01,Web,BR,Referral,N/A,153,0
2025-09-02,iOS,US,Organic,4.2,1105,568
2025-09-02,iOS,US,Organic,4.1,1370,0
2025-09-02,iOS,US,Paid Social,4.2,617,317
2025-09-02,iOS,US,Paid Social,4.1,765,0
2025-09-02,iOS,US,Push Notification,4.2,502,258
2025-09-02,iOS,US,Push Notification,4.1,623,0
2025-09-02,iOS,US,Referral,4.2,246,126
2025-09-02,iOS,US,Referral,4.1,305,0
2025-09-02,iOS,UK,Organic,4.2,484,248
2025-09-02,iOS,UK,Organic,4.1,600,0
2025-09-02,iOS,UK,Paid Social,4.2,261,134
2025-09-02,iOS,UK,Paid Social,4.1,324,0
2025-09-02,iOS,UK,Push Notification,4.2,211,108
2025-09-02,iOS,UK,Push Notification,4.1,261,0
2025-09-02,iOS,UK,Referral,4.2,108,55
2025-09-02,iOS,UK,Referral,4.1,134,0
2025-09-02,iOS,DE,Organic,4.2,365,187
2025-09-02,iOS,DE,Organic,4.1,452,0
2025-09-02,iOS,DE,Paid Social,4.2,216,110
2025-09-02,iOS,DE,Paid Social,4.1,267,0
2025-09-02,iOS,DE,Push Notification,4.2,180,92
2025-09-02,iOS,DE,Push Notification,4.1,223,0
2025-09-02,iOS,DE,Referral,4.2,83,42
2025-09-02,iOS,DE,Referral,4.1,104,0
2025-09-02,iOS,IN,Organic,4.2,748,384
2025-09-02,iOS,IN,Organic,4.1,927,0
2025-09-02,iOS,IN,Paid Social,4.2,398,205
2025-09-02,iOS,IN,Paid Social,4.1,495,0
2025-09-02,iOS,IN,Push Notification,4.2,325,167
2025-09-02,iOS,IN,Push Notification,4.1,404,0
2025-09-02,iOS,IN,Referral,4.2,164,84
2025-09-02,iOS,IN,Referral,4.1,203,0
2025-09-02,iOS,BR,Organic,4.2,474,243
2025-09-02,iOS,BR,Organic,4.1,587,0
2025-09-02,iOS,BR,Paid Social,4.2,282,144
2025-09-02,iOS,BR,Paid Social,4.1,350,0
2025-09-02,iOS,BR,Push Notification,4.2,221,113
2025-09-02,iOS,BR,Push Notification,4.1,274,0
2025-09-02,iOS,BR,Referral,4.2,107,54
2025-09-02,iOS,BR,Referral,4.1,133,0
2025-09-02,Android,US,Organic,N/A,2797,0
2025-09-02,Android,US,Paid Social,N/A,1528,0
2025-09-02,Android,US,Push Notification,N/A,1280,0
2025-09-02,Android,US,Referral,N/A,637,0
2025-09-02,Android,UK,Organic,N/A,1128,0
2025-09-02,Android,UK,Paid Social,N/A,671,0
2025-09-02,Android,UK,Push Notification,N/A,563,0
2025-09-02,Android,UK,Referral,N/A,263,0
2025-09-02,Android,DE,Organic,N/A,877,0
2025-09-02,Android,DE,Paid Social,N/A,512,0
2025-09-02,Android,DE,Push Notification,N/A,416,0
2025-09-02,Android,DE,Referral,N/A,216,0
2025-09-02,Android,IN,Organic,N/A,1775,0
2025-09-02,Android,IN,Paid Social,N/A,994,0
2025-09-02,Android,IN,Push Notification,N/A,756,0
2025-09-02,Android,IN,Referral,N/A,385,0
2025-09-02,Android,BR,Organic,N/A,1258,0
2025-09-02,Android,BR,Paid Social,N/A,619,0
2025-09-02,Android,BR,Push Notification,N/A,525,0
2025-09-02,Android,BR,Referral,N/A,254,0
2025-09-02,Web,US,Organic,N/A,1474,0
2025-09-02,Web,US,Paid Social,N/A,871,0
2025-09-02,Web,US,Push Notification,N/A,720,0
2025-09-02,Web,US,Referral,N/A,338,0
2025-09-02,Web,UK,Organic,N/A,603,0
2025-09-02,Web,UK,Paid Social,N/A,402,0
2025-09-02,Web,UK,Push Notification,N/A,307,0
2025-09-02,Web,UK,Referral,N/A,134,0
2025-09-02,Web,DE,Organic,N/A,535,0
2025-09-02,Web,DE,Paid Social,N/A,288,0
2025-09-02,Web,DE,Push Notification,N/A,273,0
2025-09-02,Web,DE,Referral,N/A,128,0
2025-09-02,Web,IN,Organic,N/A,1065,0
2025-09-02,Web,IN,Paid Social,N/A,548,0
2025-09-02,Web,IN,Push Notification,N/A,444,0
2025-09-02,Web,IN,Referral,N/A,207,0
2025-09-02,Web,BR,Organic,N/A,655,0
2025-09-02,Web,BR,Paid Social,N/A,409,0
2025-09-02,Web,BR,Push Notification,N/A,310,0
2025-09-02,Web,BR,Referral,N/A,153,0
2025-09-03,iOS,US,Organic,4.2,1189,612
2025-09-03,iOS,US,Organic,4.1,1475,0
2025-09-03,iOS,US,Paid Social,4.2,640,329
2025-09-03,iOS,US,Paid Social,4.1,794,0
2025-09-03,iOS,US,Push Notification,4.2,510,262
2025-09-03,iOS,US,Push Notification,4.1,633,0
2025-09-03,iOS,US,Referral,4.2,240,123
2025-09-03,iOS,US,Referral,4.1,297,0
2025-09-03,iOS,UK,Organic,4.2,506,260
2025-09-03,iOS,UK,Organic,4.1,628,0
2025-09-03,iOS,UK,Paid Social,4.2,277,142
2025-09-03,iOS,UK,Paid Social,4.1,343,0
2025-09-03,iOS,UK,Push Notification,4.2,205,105
2025-09-03,iOS,UK,Push Notification,4.1,255,0
2025-09-03,iOS,UK,Referral,4.2,117,60
2025-09-03,iOS,UK,Referral,4.1,146,0
2025-09-03,iOS,DE,Organic,4.2,393,201
2025-09-03,iOS,DE,Organic,4.1,487,0
2025-09-03,iOS,DE,Paid Social,4.2,219,112
2025-09-03,iOS,DE,Paid Social,4.1,272,0
2025-09-03,iOS,DE,Push Notification,4.2,178,91
2025-09-03,iOS,DE,Push Notification,4.1,221,0
2025-09-03,iOS,DE,Referral,4.2,85,43
2025-09-03,iOS,DE,Referral,4.1,106,0
2025-09-03,iOS,IN,Organic,4.2,761,392
2025-09-03,iOS,IN,Organic,4.1,945,0
2025-09-03,iOS,IN,Paid Social,4.2,408,209
2025-09-03,iOS,IN,Paid Social,4.1,505,0
2025-09-03,iOS,IN,Push Notification,4.2,335,172
2025-09-03,iOS,IN,Push Notification,4.1,416,0
2025-09-03,iOS,IN,Referral,4.2,179,92
2025-09-03,iOS,IN,Referral,4.1,223,0
2025-09-03,iOS,BR,Organic,4.2,486,249
2025-09-03,iOS,BR,Organic,4.1,602,0
2025-09-03,iOS,BR,Paid Social,4.2,269,138
2025-09-03,iOS,BR,Paid Social,4.1,334,0
2025-09-03,iOS,BR,Push Notification,4.2,215,110
2025-09-03,iOS,BR,Push Notification,4.1,267,0
2025-09-03,iOS,BR,Referral,4.2,107,55
2025-09-03,iOS,BR,Referral,4.1,133,0
2025-09-03,Android,US,Organic,N/A,2795,0
2025-09-03,Android,US,Paid Social,N/A,1555,0
2025-09-03,Android,US,Push Notification,N/A,1247,0
2025-09-03,Android,US,Referral,N/A,622,0
2025-09-03,Android,UK,Organic,N/A,1211,0
2025-09-03,Android,UK,Paid Social,N/A,677,0
2025-09-03,Android,UK,Push Notification,N/A,543,0
2025-09-03,Android,UK,Referral,N/A,282,0
2025-09-03,Android,DE,Organic,N/A,986,0
2025-09-03,Android,DE,Paid Social,N/A,545,0
2025-09-03,Android,DE,Push Notification,N/A,398,0
2025-09-03,Android,DE,Referral,N/A,199,0
2025-09-03,Android,IN,Organic,N/A,1883,0
2025-09-03,Android,IN,Paid Social,N/A,1099,0
2025-09-03,Android,IN,Push Notification,N/A,790,0
2025-09-03,Android,IN,Referral,N/A,470,0
2025-09-03,Android,BR,Organic,N/A,1200,0
2025-09-03,Android,BR,Paid Social,N/A,686,0
2025-09-03,Android,BR,Push Notification,N/A,529,0
2025-09-03,Android,BR,Referral,N/A,274,0
2025-09-03,Web,US,Organic,N/A,1570,0
2025-09-03,Web,US,Paid Social,N/A,811,0
2025-09-03,Web,US,Push Notification,N/A,681,0
2025-09-03,Web,US,Referral,N/A,361,0
2025-09-03,Web,UK,Organic,N/A,688,0
2025-09-03,Web,UK,Paid Social,N/A,360,0
2025-09-03,Web,UK,Push Notification,N/A,291,0
2025-09-03,Web,UK,Referral,N/A,130,0
2025-09-03,Web,DE,Organic,N/A,530,0
2025-09-03,Web,DE,Paid Social,N/A,297,0
2025-09-03,Web,DE,Push Notification,N/A,238,0
2025-09-03,Web,DE,Referral,N/A,121,0
2025-09-03,Web,IN,Organic,N/A,1048,0
2025-09-03,Web,IN,Paid Social,N/A,565,0
2025-09-03,Web,IN,Push Notification,N/A,443,0
2025-09-03,Web,IN,Referral,N/A,205,0
2025-09-03,Web,BR,Organic,N/A,665,0
2025-09-03,Web,BR,Paid Social,N/A,355,0
2025-09-03,Web,BR,Push Notification,N/A,299,0
2025-09-03,Web,BR,Referral,N/A,150,0
2025-09-04,iOS,US,Organic,4.2,1113,573
2025-09-04,iOS,US,Organic,4.1,1380,0
2025-09-04,iOS,US,Paid Social,4.2,630,324
2025-09-04,iOS,US,Paid Social,4.1,781,0
2025-09-04,iOS,US,Push Notification,4.2,485,249
2025-09-04,iOS,US,Push Notification,4.1,601,0
2025-09-04,iOS,US,Referral,4.2,251,128
2025-09-04,iOS,US,Referral,4.1,311,0
2025-09-04,iOS,UK,Organic,4.2,517,266
2025-09-04,iOS,UK,Organic,4.1,642,0
2025-09-04,iOS,UK,Paid Social,4.2,263,134
2025-09-04,iOS,UK,Paid Social,4.1,326,0
2025-09-04,iOS,UK,Push Notification,4.2,223,114
2025-09-04,iOS,UK,Push Notification,4.1,276,0
2025-09-04,iOS,UK,Referral,4.2,100,51
2025-09-04,iOS,UK,Referral,4.1,125,0
2025-09-04,iOS,DE,Organic,4.2,412,212
2025-09-04,iOS,DE,Organic,4.1,511,0
2025-09-04,iOS,DE,Paid Social,4.2,213,109
2025-09-04,iOS,DE,Paid Social,4.1,264,0
2025-09-04,iOS,DE,Push Notification,4.2,171,88
2025-09-04,iOS,DE,Push Notification,4.1,213,0
2025-09-04,iOS,DE,Referral,4.2,76,38
2025-09-04,iOS,DE,Referral,4.1,94,0
2025-09-04,iOS,IN,Organic,4.2,736,378
2025-09-04,iOS,IN,Organic,4.1,913,0
2025-09-04,iOS,IN,Paid Social,4.2,412,212
2025-09-04,iOS,IN,Paid Social,4.1,512,0
2025-09-04,iOS,IN,Push Notification,4.2,346,178
2025-09-04,iOS,IN,Push Notification,4.1,430,0
2025-09-04,iOS,IN,Referral,4.2,175,90
2025-09-04,iOS,IN,Referral,4.1,217,0
2025-09-04,iOS,BR,Organic,4.2,491,252
2025-09-04,iOS,BR,Organic,4.1,609,0
2025-09-04,iOS,BR,Paid Social,4.2,276,142
2025-09-04,iOS,BR,Paid Social,4.1,343,0
2025-09-04,iOS,BR,Push Notification,4.2,208,106
2025-09-04,iOS,BR,Push Notification,4.1,258,0
2025-09-04,iOS,BR,Referral,4.2,113,58
2025-09-04,iOS,BR,Referral,4.1,141,0
2025-09-04,Android,US,Organic,N/A,2838,0
2025-09-04,Android,US,Paid Social,N/A,1563,0
2025-09-04,Android,US,Push Notification,N/A,1240,0
2025-09-04,Android,US,Referral,N/A,602,0
2025-09-04,Android,UK,Organic,N/A,1171,0
2025-09-04,Android,UK,Paid Social,N/A,658,0
2025-09-04,Android,UK,Push Notification,N/A,522,0
2025-09-04,Android,UK,Referral,N/A,275,0
2025-09-04,Android,DE,Organic,N/A,959,0
2025-09-04,Android,DE,Paid Social,N/A,517,0
2025-09-04,Android,DE,Push Notification,N/A,439,0
2025-09-04,Android,DE,Referral,N/A,210,0
2025-09-04,Android,IN,Organic,N/A,1769,0
2025-09-04,Android,IN,Paid Social,N/A,1054,0
2025-09-04,Android,IN,Push Notification,N/A,840,0
2025-09-04,Android,IN,Referral,N/A,380,0
2025-09-04,Android,BR,Organic,N/A,1146,0
2025-09-04,Android,BR,Paid Social,N/A,677,0
2025-09-04,Android,BR,Push Notification,N/A,532,0
2025-09-04,Android,BR,Referral,N/A,252,0
2025-09-04,Web,US,Organic,N/A,1474,0
2025-09-04,Web,US,Paid Social,N/A,772,0
2025-09-04,Web,US,Push Notification,N/A,641,0
2025-09-04,Web,US,Referral,N/A,326,0
2025-09-04,Web,UK,Organic,N/A,614,0
2025-09-04,Web,UK,Paid Social,N/A,348,0
2025-09-04,Web,UK,Push Notification,N/A,290,0
2025-09-04,Web,UK,Referral,N/A,139,0
2025-09-04,Web,DE,Organic,N/A,484,0
2025-09-04,Web,DE,Paid Social,N/A,263,0
2025-09-04,Web,DE,Push Notification,N/A,232,0
2025-09-04,Web,DE,Referral,N/A,118,0
2025-09-04,Web,IN,Organic,N/A,929,0
2025-09-04,Web,IN,Paid Social,N/A,569,0
2025-09-04,Web,IN,Push Notification,N/A,442,0
2025-09-04,Web,IN,Referral,N/A,207,0
2025-09-04,Web,BR,Organic,N/A,659,0
2025-09-04,Web,BR,Paid Social,N/A,358,0
2025-09-04,Web,BR,Push Notification,N/A,262,0
2025-09-04,Web,BR,Referral,N/A,141,0
2025-09-05,iOS,US,Organic,4.2,1139,586
2025-09-05,iOS,US,Organic,4.1,1413,0
2025-09-05,iOS,US,Paid Social,4.2,637,327
2025-09-05,iOS,US,Paid Social,4.1,790,0
2025-09-05,iOS,US,Push Notification,4.2,506,260
2025-09-05,iOS,US,Push Notification,4.1,628,0
2025-09-05,iOS,US,Referral,4.2,277,142
2025-09-05,iOS,US,Referral,4.1,343,0
2025-09-05,iOS,UK,Organic,4.2,478,245
2025-09-05,iOS,UK,Organic,4.1,592,0
2025-09-05,iOS,UK,Paid Social,4.2,282,145
2025-09-05,iOS,UK,Paid Social,4.1,351,0
2025-09-05,iOS,UK,Push Notification,4.2,213,109
2025-09-05,iOS,UK,Push Notification,4.1,264,0
2025-09-05,iOS,UK,Referral,4.2,103,52
2025-09-05,iOS,UK,Referral,4.1,127,0
2025-09-05,iOS,DE,Organic,4.2,374,192
2025-09-05,iOS,DE,Organic,4.1,464,0
2025-09-05,iOS,DE,Paid Social,4.2,205,105
2025-09-05,iOS,DE,Paid Social,4.1,254,0
2025-09-05,iOS,DE,Push Notification,4.2,168,86
2025-09-05,iOS,DE,Push Notification,4.1,208,0
2025-09-05,iOS,DE,Referral,4.2,76,38
2025-09-05,iOS,DE,Referral,4.1,94,0
2025-09-05,iOS,IN,Organic,4.2,721,371
2025-09-05,iOS,IN,Organic,4.1,894,0
2025-09-05,iOS,IN,Paid Social,4.2,392,201
2025-09-05,iOS,IN,Paid Social,4.1,486,0
2025-09-05,iOS,IN,Push Notification,4.2,353,181
2025-09-05,iOS,IN,Push Notification,4.1,437,0
2025-09-05,iOS,IN,Referral,4.2,171,87
2025-09-05,iOS,IN,Referral,4.1,212,0
2025-09-05,iOS,BR,Organic,4.2,474,243
2025-09-05,iOS,BR,Organic,4.1,588,0
2025-09-05,iOS,BR,Paid Social,4.2,274,140
2025-09-05,iOS,BR,Paid Social,4.1,340,0
2025-09-05,iOS,BR,Push Notification,4.2,216,111
2025-09-05,iOS,BR,Push Notification,4.1,269,0
2025-09-05,iOS,BR,Referral,4.2,103,53
2025-09-05,iOS,BR,Referral,4.1,128,0
2025-09-05,Android,US,Organic,N/A,2785,0
2025-09-05,Android,US,Paid Social,N/A,1411,0
2025-09-05,Android,US,Push Notification,N/A,1214,0
2025-09-05,Android,US,Referral,N/A,663,0
2025-09-05,Android,UK,Organic,N/A,1195,0
2025-09-05,Android,UK,Paid Social,N/A,630,0
2025-09-05,Android,UK,Push Notification,N/A,531,0
2025-09-05,Android,UK,Referral,N/A,275,0
2025-09-05,Android,DE,Organic,N/A,963,0
2025-09-05,Android,DE,Paid Social,N/A,519,0
2025-09-05,Android,DE,Push Notification,N/A,417,0
2025-09-05,Android,DE,Referral,N/A,172,0
2025-09-05,Android,IN,Organic,N/A,1845,0
2025-09-05,Android,IN,Paid Social,N/A,966,0
2025-09-05,Android,IN,Push Notification,N/A,817,0
2025-09-05,Android,IN,Referral,N/A,408,0
2025-09-05,Android,BR,Organic,N/A,1242,0
2025-09-05,Android,BR,Paid Social,N/A,700,0
2025-09-05,Android,BR,Push Notification,N/A,520,0
2025-09-05,Android,BR,Referral,N/A,272,0
2025-09-05,Web,US,Organic,N/A,1469,0
2025-09-05,Web,US,Paid Social,N/A,835,0
2025-09-05,Web,US,Push Notification,N/A,623,0
2025-09-05,Web,US,Referral,N/A,340,0
2025-09-05,Web,UK,Organic,N/A,639,0
2025-09-05,Web,UK,Paid Social,N/A,374,0
2025-09-05,Web,UK,Push Notification,N/A,291,0
2025-09-05,Web,UK,Referral,N/A,149,0
2025-09-05,Web,DE,Organic,N/A,464,0
2025-09-05,Web,DE,Paid Social,N/A,285,0
2025-09-05,Web,DE,Push Notification,N/A,241,0
2025-09-05,Web,DE,Referral,N/A,102,0
2025-09-05,Web,IN,Organic,N/A,967,0
2025-09-05,Web,IN,Paid Social,N/A,552,0
2025-09-05,Web,IN,Push Notification,N/A,430,0
2025-09-05,Web,IN,Referral,N/A,213,0
2025-09-05,Web,BR,Organic,N/A,623,0
2025-09-05,Web,BR,Paid Social,N/A,338,0
2025-09-05,Web,BR,Push Notification,N/A,266,0
2025-09-05,Web,BR,Referral,N/A,151,0
2025-09-06,iOS,US,Organic,4.2,1070,550
2025-09-06,iOS,US,Organic,4.1,1326,0
2025-09-06,iOS,US,Paid Social,4.2,618,318
2025-09-06,iOS,US,Paid Social,4.1,767,0
2025-09-06,iOS,US,Push Notification,4.2,477,245
2025-09-06,iOS,US,Push Notification,4.1,592,0
2025-09-06,iOS,US,Referral,4.2,229,117
2025-09-06,iOS,US,Referral,4.1,284,0
2025-09-06,iOS,UK,Organic,4.2,472,243
2025-09-06,iOS,UK,Organic,4.1,585,0
2025-09-06,iOS,UK,Paid Social,4.2,261,133
2025-09-06,iOS,UK,Paid Social,4.1,323,0
2025-09-06,iOS,UK,Push Notification,4.2,209,107
2025-09-06,iOS,UK,Push Notification,4.1,259,0
2025-09-06,iOS,UK,Referral,4.2,121,62
2025-09-06,iOS,UK,Referral,4.1,150,0
2025-09-06,iOS,DE,Organic,4.2,362,186
2025-09-06,iOS,DE,Organic,4.1,450,0
2025-09-06,iOS,DE,Paid Social,4.2,197,101
2025-09-06,iOS,DE,Paid Social,4.1,245,0
2025-09-06,iOS,DE,Push Notification,4.2,171,88
2025-09-06,iOS,DE,Push Notification,4.1,213,0
2025-09-06,iOS,DE,Referral,4.2,80,40
2025-09-06,iOS,DE,Referral,4.1,99,0
2025-09-06,iOS,IN,Organic,4.2,721,371
2025-09-06,iOS,IN,Organic,4.1,894,0
2025-09-06,iOS,IN,Paid Social,4.2,391,201
2025-09-06,iOS,IN,Paid Social,4.1,486,0
2025-09-06,iOS,IN,Push Notification,4.2,309,158
2025-09-06,iOS,IN,Push Notification,4.1,383,0
2025-09-06,iOS,IN,Referral,4.2,153,78
2025-09-06,iOS,IN,Referral,4.1,189,0
2025-09-06,iOS,BR,Organic,4.2,478,245
2025-09-06,iOS,BR,Organic,4.1,592,0
2025-09-06,iOS,BR,Paid Social,4.2,253,130
2025-09-06,iOS,BR,Paid Social,4.1,314,0
2025-09-06,iOS,BR,Push Notification,4.2,209,107
2025-09-06,iOS,BR,Push Notification,4.1,259,0
2025-09-06,iOS,BR,Referral,4.2,103,53
2025-09-06,iOS,BR,Referral,4.1,129,0
2025-09-06,Android,US,Organic,N/A,2502,0
2025-09-06,Android,US,Paid Social,N/A,1294,0
2025-09-06,Android,US,Push Notification,N/A,1099,0
2025-09-06,Android,US,Referral,N/A,567,0
2025-09-06,Android,UK,Organic,N/A,1054,0
2025-09-06,Android,UK,Paid Social,N/A,584,0
2025-09-06,Android,UK,Push Notification,N/A,441,0
2025-09-06,Android,UK,Referral,N/A,249,0
2025-09-06,Android,DE,Organic,N/A,811,0
2025-09-06,Android,DE,Paid Social,N/A,492,0
2025-09-06,Android,DE,Push Notification,N/A,339,0
2025-09-06,Android,DE,Referral,N/A,174,0
2025-09-06,Android,IN,Organic,N/A,1611,0
2025-09-06,Android,IN,Paid Social,N/A,881,0
2025-09-06,Android,IN,Push Notification,N/A,726,0
2025-09-06,Android,IN,Referral,N/A,355,0
2025-09-06,Android,BR,Organic,N/A,1024,0
2025-09-06,Android,BR,Paid Social,N/A,626,0
2025-09-06,Android,BR,Push Notification,N/A,458,0
2025-09-06,Android,BR,Referral,N/A,220,0
2025-09-06,Web,US,Organic,N/A,1352,0
2025-09-06,Web,US,Paid Social,N/A,766,0
2025-09-06,Web,US,Push Notification,N/A,534,0
2025-09-06,Web,US,Referral,N/A,305,0
2025-09-06,Web,UK,Organic,N/A,610,0
2025-09-06,Web,UK,Paid Social,N/A,312,0
2025-09-06,Web,UK,Push Notification,N/A,280,0
2025-09-06,Web,UK,Referral,N/A,133,0
2025-09-06,Web,DE,Organic,N/A,454,0
2025-09-06,Web,DE,Paid Social,N/A,259,0
2025-09-06,Web,DE,Push Notification,N/A,175,0
2025-09-06,Web,DE,Referral,N/A,107,0
2025-09-06,Web,IN,Organic,N/A,911,0
2025-09-06,Web,IN,Paid Social,N/A,470,0
2025-09-06,Web,IN,Push Notification,N/A,400,0
2025-09-06,Web,IN,Referral,N/A,194,0
2025-09-06,Web,BR,Organic,N/A,620,0
2025-09-06,Web,BR,Paid Social,N/A,348,0
2025-09-06,Web,BR,Push Notification,N/A,257,0
2025-09-06,Web,BR,Referral,N/A,129,0
2025-09-07,iOS,US,Organic,4.2,1020,524
2025-09-07,iOS,US,Organic,4.1,1265,0
2025-09-07,iOS,US,Paid Social,4.2,577,297
2025-09-07,iOS,US,Paid Social,4.1,716,0
2025-09-07,iOS,US,Push Notification,4.2,479,246
2025-09-07,iOS,US,Push Notification,4.1,594,0
2025-09-07,iOS,US,Referral,4.2,234,120
2025-09-07,iOS,US,Referral,4.1,291,0
2025-09-07,iOS,UK,Organic,4.2,478,245
2025-09-07,iOS,UK,Organic,4.1,592,0
2025-09-07,iOS,UK,Paid Social,4.2,255,130
2025-09-07,iOS,UK,Paid Social,4.1,315,0
2025-09-07,iOS,UK,Push Notification,4.2,194,99
2025-09-07,iOS,UK,Push Notification,4.1,240,0
2025-09-07,iOS,UK,Referral,4.2,107,55
2025-09-07,iOS,UK,Referral,4.1,133,0
2025-09-07,iOS,DE,Organic,4.2,354,182
2025-09-07,iOS,DE,Organic,4.1,440,0
2025-09-07,iOS,DE,Paid Social,4.2,199,102
2025-09-07,iOS,DE,Paid Social,4.1,247,0
2025-09-07,iOS,DE,Push Notification,4.2,151,77
2025-09-07,iOS,DE,Push Notification,4.1,188,0
2025-09-07,iOS,DE,Referral,4.2,74,38
2025-09-07,iOS,DE,Referral,4.1,93,0
2025-09-07,iOS,IN,Organic,4.2,684,352
2025-09-07,iOS,IN,Organic,4.1,848,0
2025-09-07,iOS,IN,Paid Social,4.2,383,196
2025-09-07,iOS,IN,Paid Social,4.1,475,0
2025-09-07,iOS,IN,Push Notification,4.2,311,159
2025-09-07,iOS,IN,Push Notification,4.1,385,0
2025-09-07,iOS,IN,Referral,4.2,152,77
2025-09-07,iOS,IN,Referral,4.1,189,0
2025-09-07,iOS,BR,Organic,4.2,449,230
2025-09-07,iOS,BR,Organic,4.1,556,0
2025-09-07,iOS,BR,Paid Social,4.2,247,127
2025-09-07,iOS,BR,Paid Social,4.1,307,0
2025-09-07,iOS,BR,Push Notification,4.2,212,109
2025-09-07,iOS,BR,Push Notification,4.1,264,0
2025-09-07,iOS,BR,Referral,4.2,103,52
2025-09-07,iOS,BR,Referral,4.1,127,0
2025-09-07,Android,US,Organic,N/A,2633,0
2025-09-07,Android,US,Paid Social,N/A,1422,0
2025-09-07,Android,US,Push Notification,N/A,1170,0
2025-09-07,Android,US,Referral,N/A,580,0
2025-09-07,Android,UK,Organic,N/A,1116,0
2025-09-07,Android,UK,Paid Social,N/A,595,0
2025-09-07,Android,UK,Push Notification,N/A,465,0
2025-09-07,Android,UK,Referral,N/A,219,0
2025-09-07,Android,DE,Organic,N/A,900,0
2025-09-07,Android,DE,Paid Social,N/A,518,0
2025-09-07,Android,DE,Push Notification,N/A,401,0
2025-09-07,Android,DE,Referral,N/A,202,0
2025-09-07,Android,IN,Organic,N/A,1710,0
2025-09-07,Android,IN,Paid Social,N/A,985,0
2025-09-07,Android,IN,Push Notification,N/A,791,0
2025-09-07,Android,IN,Referral,N/A,413,0
2025-09-07,Android,BR,Organic,N/A,1124,0
2025-09-07,Android,BR,Paid Social,N/A,615,0
2025-09-07,Android,BR,Push Notification,N/A,460,0
2025-09-07,Android,BR,Referral,N/A,274,0
2025-09-07,Web,US,Organic,N/A,1346,0
2025-09-07,Web,US,Paid Social,N/A,709,0
2025-09-07,Web,US,Push Notification,N/A,607,0
2025-09-07,Web,US,Referral,N/A,315,0
2025-09-07,Web,UK,Organic,N/A,566,0
2025-09-07,Web,UK,Paid Social,N/A,301,0
2025-09-07,Web,UK,Push Notification,N/A,269,0
2025-09-07,Web,UK,Referral,N/A,137,0
2025-09-07,Web,DE,Organic,N/A,437,0
2025-09-07,Web,DE,Paid Social,N/A,239,0
2025-09-07,Web,DE,Push Notification,N/A,195,0
2025-09-07,Web,DE,Referral,N/A,102,0
2025-09-07,Web,IN,Organic,N/A,801,0
2025-09-07,Web,IN,Paid Social,N/A,442,0
2025-09-07,Web,IN,Push Notification,N/A,401,0
2025-09-07,Web,IN,Referral,N/A,173,0
2025-09-07,Web,BR,Organic,N/A,580,0
2025-09-07,Web,BR,Paid Social,N/A,338,0
2025-09-07,Web,BR,Push Notification,N/A,248,0
2025-09-07,Web,BR,Referral,N/A,122,0
2025-09-08,iOS,US,Organic,4.2,1103,567
2025-09-08,iOS,US,Organic,4.1,1368,0
2025-09-08,iOS,US,Paid Social,4.2,631,324
2025-09-08,iOS,US,Paid Social,4.1,782,0
2025-09-08,iOS,US,Push Notification,4.2,490,251
2025-09-08,iOS,US,Push Notification,4.1,607,0
2025-09-08,iOS,US,Referral,4.2,244,125
2025-09-08,iOS,US,Referral,4.1,302,0
2025-09-08,iOS,UK,Organic,4.2,490,252
2025-09-08,iOS,UK,Organic,4.1,608,0
2025-09-08,iOS,UK,Paid Social,4.2,266,136
2025-09-08,iOS,UK,Paid Social,4.1,329,0
2025-09-08,iOS,UK,Push Notification,4.2,223,114
2025-09-08,iOS,UK,Push Notification,4.1,277,0
2025-09-08,iOS,UK,Referral,4.2,113,58
2025-09-08,iOS,UK,Referral,4.1,141,0
2025-09-08,iOS,DE,Organic,4.2,401,206
2025-09-08,iOS,DE,Organic,4.1,497,0
2025-09-08,iOS,DE,Paid Social,4.2,206,105
2025-09-08,iOS,DE,Paid Social,4.1,256,0
2025-09-08,iOS,DE,Push Notification,4.2,156,80
2025-09-08,iOS,DE,Push Notification,4.1,194,0
2025-09-08,iOS,DE,Referral,4.2,91,46
2025-09-08,iOS,DE,Referral,4.1,113,0
2025-09-08,iOS,IN,Organic,4.2,731,376
2025-09-08,iOS,IN,Organic,4.1,906,0
2025-09-08,iOS,IN,Paid Social,4.2,400,205
2025-09-08,iOS,IN,Paid Social,4.1,496,0
2025-09-08,iOS,IN,Push Notification,4.2,312,160
2025-09-08,iOS,IN,Push Notification,4.1,387,0
2025-09-08,iOS,IN,Referral,4.2,158,80
2025-09-08,iOS,IN,Referral,4.1,195,0
2025-09-08,iOS,BR,Organic,4.2,480,246
2025-09-08,iOS,BR,Organic,4.1,595,0
2025-09-08,iOS,BR,Paid Social,4.2,264,136
2025-09-08,iOS,BR,Paid Social,4.1,329,0
2025-09-08,iOS,BR,Push Notification,4.2,208,106
2025-09-08,iOS,BR,Push Notification,4.1,258,0
2025-09-08,iOS,BR,Referral,4.2,113,58
2025-09-08,iOS,BR,Referral,4.1,141,0
2025-09-08,Android,US,Organic,N/A,3034,0
2025-09-08,Android,US,Paid Social,N/A,1669,0
2025-09-08,Android,US,Push Notification,N/A,1263,0
2025-09-08,Android,US,Referral,N/A,620,0
2025-09-08,Android,UK,Organic,N/A,1202,0
2025-09-08,Android,UK,Paid Social,N/A,697,0
2025-09-08,Android,UK,Push Notification,N/A,552,0
2025-09-08,Android,UK,Referral,N/A,285,0
2025-09-08,Android,DE,Organic,N/A,976,0
2025-09-08,Android,DE,Paid Social,N/A,547,0
2025-09-08,Android,DE,Push Notification,N/A,421,0
2025-09-08,Android,DE,Referral,N/A,218,0
2025-09-08,Android,IN,Organic,N/A,1935,0
2025-09-08,Android,IN,Paid Social,N/A,1062,0
2025-09-08,Android,IN,Push Notification,N/A,885,0
2025-09-08,Android,IN,Referral,N/A,438,0
2025-09-08,Android,BR,Organic,N/A,1209,0
2025-09-08,Android,BR,Paid Social,N/A,686,0
2025-09-08,Android,BR,Push Notification,N/A,537,0
2025-09-08,Android,BR,Referral,N/A,273,0
2025-09-08,Web,US,Organic,N/A,1528,0
2025-09-08,Web,US,Paid Social,N/A,775,0
2025-09-08,Web,US,Push Notification,N/A,651,0
2025-09-08,Web,US,Referral,N/A,344,0
2025-09-08,Web,UK,Organic,N/A,654,0
2025-09-08,Web,UK,Paid Social,N/A,372,0
2025-09-08,Web,UK,Push Notification,N/A,296,0
2025-09-08,Web,UK,Referral,N/A,147,0
2025-09-08,Web,DE,Organic,N/A,514,0
2025-09-08,Web,DE,Paid Social,N/A,287,0
2025-09-08,Web,DE,Push Notification,N/A,231,0
2025-09-08,Web,DE,Referral,N/A,102,0
2025-09-08,Web,IN,Organic,N/A,1024,0
2025-09-08,Web,IN,Paid Social,N/A,517,0
2025-09-08,Web,IN,Push Notification,N/A,415,0
2025-09-08,Web,IN,Referral,N/A,205,0
2025-09-08,Web,BR,Organic,N/A,657,0
2025-09-08,Web,BR,Paid Social,N/A,342,0
2025-09-08,Web,BR,Push Notification,N/A,272,0
2025-09-08,Web,BR,Referral,N/A,151,0
2025-09-09,iOS,US,Organic,4.2,1126,580
2025-09-09,iOS,US,Organic,4.1,1396,0
2025-09-09,iOS,US,Paid Social,4.2,657,338
2025-09-09,iOS,US,Paid Social,4.1,815,0
2025-09-09,iOS,US,Push Notification,4.2,525,269
2025-09-09,iOS,US,Push Notification,4.1,651,0
2025-09-09,iOS,US,Referral,4.2,261,134
2025-09-09,iOS,US,Referral,4.1,324,0
2025-09-09,iOS,UK,Organic,4.2,501,258
2025-09-09,iOS,UK,Organic,4.1,621,0
2025-09-09,iOS,UK,Paid Social,4.2,275,141
2025-09-09,iOS,UK,Paid Social,4.1,342,0
2025-09-09,iOS,UK,Push Notification,4.2,230,117
2025-09-09,iOS,UK,Push Notification,4.1,284,0
2025-09-09,iOS,UK,Referral,4.2,117,60
2025-09-09,iOS,UK,Referral,4.1,145,0
2025-09-09,iOS,DE,Organic,4.2,427,219
2025-09-09,iOS,DE,Organic,4.1,529,0
2025-09-09,iOS,DE,Paid Social,4.2,219,112
2025-09-09,iOS,DE,Paid Social,4.1,272,0
2025-09-09,iOS,DE,Push Notification,4.2,183,93
2025-09-09,iOS,DE,Push Notification,4.1,227,0
2025-09-09,iOS,DE,Referral,4.2,89,45
2025-09-09,iOS,DE,Referral,4.1,110,0
2025-09-09,iOS,IN,Organic,4.2,763,392
2025-09-09,iOS,IN,Organic,4.1,945,0
2025-09-09,iOS,IN,Paid Social,4.2,427,219
2025-09-09,iOS,IN,Paid Social,4.1,529,0
2025-09-09,iOS,IN,Push Notification,4.2,338,173
2025-09-09,iOS,IN,Push Notification,4.1,419,0
2025-09-09,iOS,IN,Referral,4.2,173,88
2025-09-09,iOS,IN,Referral,4.1,214,0
2025-09-09,iOS,BR,Organic,4.2,507,260
2025-09-09,iOS,BR,Organic,4.1,629,0
2025-09-09,iOS,BR,Paid Social,4.2,278,143
2025-09-09,iOS,BR,Paid Social,4.1,345,0
2025-09-09,iOS,BR,Push Notification,4.2,224,114
2025-09-09,iOS,BR,Push Notification,4.1,277,0
2025-09-09,iOS,BR,Referral,4.2,105,53
2025-09-09,iOS,BR,Referral,4.1,130,0
2025-09-09,Android,US,Organic,N/A,2885,0
2025-09-09,Android,US,Paid Social,N/A,1659,0
2025-09-09,Android,US,Push Notification,N/A,1264,0
2025-09-09,Android,US,Referral,N/A,597,0
2025-09-09,Android,UK,Organic,N/A,1262,0
2025-09-09,Android,UK,Paid Social,N/A,653,0
2025-09-09,Android,UK,Push Notification,N/A,552,0
2025-09-09,Android,UK,Referral,N/A,303,0
2025-09-09,Android,DE,Organic,N/A,977,0
2025-09-09,Android,DE,Paid Social,N/A,568,0
2025-09-09,Android,DE,Push Notification,N/A,444,0
2025-09-09,Android,DE,Referral,N/A,216,0
2025-09-09,Android,IN,Organic,N/A,1894,0
2025-09-09,Android,IN,Paid Social,N/A,1046,0
2025-09-09,Android,IN,Push Notification,N/A,839,0
2025-09-09,Android,IN,Referral,N/A,426,0
2025-09-09,Android,BR,Organic,N/A,1266,0
2025-09-09,Android,BR,Paid Social,N/A,703,0
2025-09-09,Android,BR,Push Notification,N/A,537,0
2025-09-09,Android,BR,Referral,N/A,277,0
2025-09-09,Web,US,Organic,N/A,1468,0
2025-09-09,Web,US,Paid Social,N/A,863,0
2025-09-09,Web,US,Push Notification,N/A,625,0
2025-09-09,Web,US,Referral,N/A,310,0
2025-09-09,Web,UK,Organic,N/A,663,0
2025-09-09,Web,UK,Paid Social,N/A,398,0
2025-09-09,Web,UK,Push Notification,N/A,299,0
2025-09-09,Web,UK,Referral,N/A,174,0
2025-09-09,Web,DE,Organic,N/A,525,0
2025-09-09,Web,DE,Paid Social,N/A,280,0
2025-09-09,Web,DE,Push Notification,N/A,242,0
2025-09-09,Web,DE,Referral,N/A,111,0
2025-09-09,Web,IN,Organic,N/A,976,0
2025-09-09,Web,IN,Paid Social,N/A,501,0
2025-09-09,Web,IN,Push Notification,N/A,437,0
2025-09-09,Web,IN,Referral,N/A,200,0
2025-09-09,Web,BR,Organic,N/A,625,0
2025-09-09,Web,BR,Paid Social,N/A,345,0
2025-09-09,Web,BR,Push Notification,N/A,310,0
2025-09-09,Web,BR,Referral,N/A,138,0
2025-09-10,iOS,US,Organic,4.2,1222,629
2025-09-10,iOS,US,Organic,4.1,1515,0
2025-09-10,iOS,US,Paid Social,4.2,680,349
2025-09-10,iOS,US,Paid Social,4.1,842,0
2025-09-10,iOS,US,Push Notification,4.2,547,281
2025-09-10,iOS,US,Push Notification,4.1,679,0
2025-09-10,iOS,US,Referral,4.2,272,140
2025-09-10,iOS,US,Referral,4.1,338,0
2025-09-10,iOS,UK,Organic,4.2,534,275
2025-09-10,iOS,UK,Organic,4.1,662,0
2025-09-10,iOS,UK,Paid Social,4.2,272,140
2025-09-10,iOS,UK,Paid Social,4.1,338,0
2025-09-10,iOS,UK,Push Notification,4.2,233,120
2025-09-10,iOS,UK,Push Notification,4.1,289,0
2025-09-10,iOS,UK,Referral,4.2,107,54
2025-09-10,iOS,UK,Referral,4.1,133,0
2025-09-10,iOS,DE,Organic,4.2,422,216
2025-09-10,iOS,DE,Organic,4.1,523,0
2025-09-10,iOS,DE,Paid Social,4.2,222,114
2025-09-10,iOS,DE,Paid Social,4.1,276,0
2025-09-10,iOS,DE,Push Notification,4.2,193,98
2025-09-10,iOS,DE,Push Notification,4.1,239,0
2025-09-10,iOS,DE,Referral,4.2,101,51
2025-09-10,iOS,DE,Referral,4.1,125,0
2025-09-10,iOS,IN,Organic,4.2,793,408
2025-09-10,iOS,IN,Organic,4.1,983,0
2025-09-10,iOS,IN,Paid Social,4.2,437,225
2025-09-10,iOS,IN,Paid Social,4.1,543,0
2025-09-10,iOS,IN,Push Notification,4.2,369,189
2025-09-10,iOS,IN,Push Notification,4.1,458,0
2025-09-10,iOS,IN,Referral,4.2,171,88
2025-09-10,iOS,IN,Referral,4.1,213,0
2025-09-10,iOS,BR,Organic,4.2,507,261
2025-09-10,iOS,BR,Organic,4.1,629,0
2025-09-10,iOS,BR,Paid Social,4.2,282,144
2025-09-10,iOS,BR,Paid Social,4.1,349,0
2025-09-10,iOS,BR,Push Notification,4.2,226,116
2025-09-10,iOS,BR,Push Notification,4.1,281,0
2025-09-10,iOS,BR,Referral,4.2,119,60
2025-09-10,iOS,BR,Referral,4.1,148,0
2025-09-10,Android,US,Organic,N/A,2970,0
2025-09-10,Android,US,Paid Social,N/A,1690,0
2025-09-10,Android,US,Push Notification,N/A,1404,0
2025-09-10,Android,US,Referral,N/A,623,0
2025-09-10,Android,UK,Organic,N/A,1248,0
2025-09-10,Android,UK,Paid Social,N/A,688,0
2025-09-10,Android,UK,Push Notification,N/A,583,0
2025-09-10,Android,UK,Referral,N/A,275,0
2025-09-10,Android,DE,Organic,N/A,998,0
2025-09-10,Android,DE,Paid Social,N/A,539,0
2025-09-10,Android,DE,Push Notification,N/A,420,0
2025-09-10,Android,DE,Referral,N/A,197,0
2025-09-10,Android,IN,Organic,N/A,1946,0
2025-09-10,Android,IN,Paid Social,N/A,1059,0
2025-09-10,Android,IN,Push Notification,N/A,883,0
2025-09-10,Android,IN,Referral,N/A,416,0
2025-09-10,Android,BR,Organic,N/A,1302,0
2025-09-10,Android,BR,Paid Social,N/A,695,0
2025-09-10,Android,BR,Push Notification,N/A,524,0
2025-09-10,Android,BR,Referral,N/A,311,0
2025-09-10,Web,US,Organic,N/A,1514,0
2025-09-10,Web,US,Paid Social,N/A,862,0
2025-09-10,Web,US,Push Notification,N/A,713,0
2025-09-10,Web,US,Referral,N/A,322,0
2025-09-10,Web,UK,Organic,N/A,703,0
2025-09-10,Web,UK,Paid Social,N/A,340,0
2025-09-10,Web,UK,Push Notification,N/A,310,0
2025-09-10,Web,UK,Referral,N/A,149,0
2025-09-10,Web,DE,Organic,N/A,534,0
2025-09-10,Web,DE,Paid Social,N/A,288,0
2025-09-10,Web,DE,Push Notification,N/A,232,0
2025-09-10,Web,DE,Referral,N/A,119,0
2025-09-10,Web,IN,Organic,N/A,1032,0
2025-09-10,Web,IN,Paid Social,N/A,645,0
2025-09-10,Web,IN,Push Notification,N/A,453,0
2025-09-10,Web,IN,Referral,N/A,230,0
2025-09-10,Web,BR,Organic,N/A,679,0
2025-09-10,Web,BR,Paid Social,N/A,349,0
2025-09-10,Web,BR,Push Notification,N/A,299,0
2025-09-10,Web,BR,Referral,N/A,141,0
2025-09-11,iOS,US,Organic,4.2,1154,593
2025-09-11,iOS,US,Organic,4.1,1430,0
2025-09-11,iOS,US,Paid Social,4.2,639,329
2025-09-11,iOS,US,Paid Social,4.1,792,0
2025-09-11,iOS,US,Push Notification,4.2,511,262
2025-09-11,iOS,US,Push Notification,4.1,634,0
2025-09-11,iOS,US,Referral,4.2,252,129
2025-09-11,iOS,US,Referral,4.1,313,0
2025-09-11,iOS,UK,Organic,4.2,495,254
2025-09-11,iOS,UK,Organic,4.1,614,0
2025-09-11,iOS,UK,Paid Social,4.2,270,139
2025-09-11,iOS,UK,Paid Social,4.1,335,0
2025-09-11,iOS,UK,Push Notification,4.2,218,112
2025-09-11,iOS,UK,Push Notification,4.1,271,0
2025-09-11,iOS,UK,Referral,4.2,116,59
2025-09-11,iOS,UK,Referral,4.1,144,0
2025-09-11,iOS,DE,Organic,4.2,412,212
2025-09-11,iOS,DE,Organic,4.1,512,0
2025-09-11,iOS,DE,Paid Social,4.2,207,106
2025-09-11,iOS,DE,Paid Social,4.1,257,0
2025-09-11,iOS,DE,Push Notification,4.2,158,81
2025-09-11,iOS,DE,Push Notification,4.1,197,0
2025-09-11,iOS,DE,Referral,4.2,80,41
2025-09-11,iOS,DE,Referral,4.1,100,0
2025-09-11,iOS,IN,Organic,4.2,772,397
2025-09-11,iOS,IN,Organic,4.1,957,0
2025-09-11,iOS,IN,Paid Social,4.2,422,217
2025-09-11,iOS,IN,Paid Social,4.1,523,0
2025-09-11,iOS,IN,Push Notification,4.2,327,167
2025-09-11,iOS,IN,Push Notification,4.1,405,0
2025-09-11,iOS,IN,Referral,4.2,173,89
2025-09-11,iOS,IN,Referral,4.1,215,0
2025-09-11,iOS,BR,Organic,4.2,474,244
2025-09-11,iOS,BR,Organic,4.1,588,0
2025-09-11,iOS,BR,Paid Social,4.2,267,137
2025-09-11,iOS,BR,Paid Social,4.1,331,0
2025-09-11,iOS,BR,Push Notification,4.2,217,111
2025-09-11,iOS,BR,Push Notification,4.1,270,0
2025-09-11,iOS,BR,Referral,4.2,103,53
2025-09-11,iOS,BR,Referral,4.1,129,0
2025-09-11,Android,US,Organic,N/A,2979,0
2025-09-11,Android,US,Paid Social,N/A,1548,0
2025-09-11,Android,US,Push Notification,N/A,1251,0
2025-09-11,Android,US,Referral,N/A,646,0
2025-09-11,Android,UK,Organic,N/A,1208,0
2025-09-11,Android,UK,Paid Social,N/A,661,0
2025-09-11,Android,UK,Push Notification,N/A,543,0
2025-09-11,Android,UK,Referral,N/A,258,0
2025-09-11,Android,DE,Organic,N/A,1005,0
2025-09-11,Android,DE,Paid Social,N/A,613,0
2025-09-11,Android,DE,Push Notification,N/A,422,0
2025-09-11,Android,DE,Referral,N/A,210,0
2025-09-11,Android,IN,Organic,N/A,1924,0
2025-09-11,Android,IN,Paid Social,N/A,1039,0
2025-09-11,Android,IN,Push Notification,N/A,851,0
2025-09-11,Android,IN,Referral,N/A,455,0
2025-09-11,Android,BR,Organic,N/A,1241,0
2025-09-11,Android,BR,Paid Social,N/A,645,0
2025-09-11,Android,BR,Push Notification,N/A,566,0
2025-09-11,Android,BR,Referral,N/A,262,0
2025-09-11,Web,US,Organic,N/A,1600,0
2025-09-11,Web,US,Paid Social,N/A,862,0
2025-09-11,Web,US,Push Notification,N/A,674,0
2025-09-11,Web,US,Referral,N/A,361,0
2025-09-11,Web,UK,Organic,N/A,688,0
2025-09-11,Web,UK,Paid Social,N/A,375,0
2025-09-11,Web,UK,Push Notification,N/A,286,0
2025-09-11,Web,UK,Referral,N/A,151,0
2025-09-11,Web,DE,Organic,N/A,527,0
2025-09-11,Web,DE,Paid Social,N/A,265,0
2025-09-11,Web,DE,Push Notification,N/A,227,0
2025-09-11,Web,DE,Referral,N/A,113,0
2025-09-11,Web,IN,Organic,N/A,991,0
2025-09-11,Web,IN,Paid Social,N/A,533,0
2025-09-11,Web,IN,Push Notification,N/A,454,0
2025-09-11,Web,IN,Referral,N/A,234,0
2025-09-11,Web,BR,Organic,N/A,684,0
2025-09-11,Web,BR,Paid Social,N/A,330,0
2025-09-11,Web,BR,Push Notification,N/A,283,0
2025-09-11,Web,BR,Referral,N/A,165,0
2025-09-12,iOS,US,Organic,4.2,1155,595
2025-09-12,iOS,US,Organic,4.1,1433,0
2025-09-12,iOS,US,Paid Social,4.2,667,343
2025-09-12,iOS,US,Paid Social,4.1,827,0
2025-09-12,iOS,US,Push Notification,4.2,536,276
2025-09-12,iOS,US,Push Notification,4.1,665,0
2025-09-12,iOS,US,Referral,4.2,255,131
2025-09-12,iOS,US,Referral,4.1,317,0
2025-09-12,iOS,UK,Organic,4.2,488,250
2025-09-12,iOS,UK,Organic,4.1,605,0
2025-09-12,iOS,UK,Paid Social,4.2,292,150
2025-09-12,iOS,UK,Paid Social,4.1,362,0
2025-09-12,iOS,UK,Push Notification,4.2,218,111
2025-09-12,iOS,UK,Push Notification,4.1,270,0
2025-09-12,iOS,UK,Referral,4.2,98,49
2025-09-12,iOS,UK,Referral,4.1,122,0
2025-09-12,iOS,DE,Organic,4.2,391,200
2025-09-12,iOS,DE,Organic,4.1,484,0
2025-09-12,iOS,DE,Paid Social,4.2,226,116
2025-09-12,iOS,DE,Paid Social,4.1,280,0
2025-09-12,iOS,DE,Push Notification,4.2,186,95
2025-09-12,iOS,DE,Push Notification,4.1,230,0
2025-09-12,iOS,DE,Referral,4.2,82,41
2025-09-12,iOS,DE,Referral,4.1,102,0
2025-09-12,iOS,IN,Organic,4.2,767,395
2025-09-12,iOS,IN,Organic,4.1,952,0
2025-09-12,iOS,IN,Paid Social,4.2,415,213
2025-09-12,iOS,IN,Paid Social,4.1,515,0
2025-09-12,iOS,IN,Push Notification,4.2,355,182
2025-09-12,iOS,IN,Push Notification,4.1,441,0
2025-09-12,iOS,IN,Referral,4.2,160,82
2025-09-12,iOS,IN,Referral,4.1,199,0
2025-09-12,iOS,BR,Organic,4.2,493,253
2025-09-12,iOS,BR,Organic,4.1,612,0
2025-09-12,iOS,BR,Paid Social,4.2,257,131
2025-09-12,iOS,BR,Paid Social,4.1,319,0
2025-09-12,iOS,BR,Push Notification,4.2,220,113
2025-09-12,iOS,BR,Push Notification,4.1,273,0
2025-09-12,iOS,BR,Referral,4.2,117,60
2025-09-12,iOS,BR,Referral,4.1,146,0
2025-09-12,Android,US,Organic,N/A,2833,0
2025-09-12,Android,US,Paid Social,N/A,1545,0
2025-09-12,Android,US,Push Notification,N/A,1280,0
2025-09-12,Android,US,Referral,N/A,636,0
2025-09-12,Android,UK,Organic,N/A,1250,0
2025-09-12,Android,UK,Paid Social,N/A,670,0
2025-09-12,Android,UK,Push Notification,N/A,518,0
2025-09-12,Android,UK,Referral,N/A,245,0
2025-09-12,Android,DE,Organic,N/A,972,0
2025-09-12,Android,DE,Paid Social,N/A,540,0
2025-09-12,Android,DE,Push Notification,N/A,452,0
2025-09-12,Android,DE,Referral,N/A,189,0
2025-09-12,Android,IN,Organic,N/A,1893,0
2025-09-12,Android,IN,Paid Social,N/A,1041,0
2025-09-12,Android,IN,Push Notification,N/A,833,0
2025-09-12,Android,IN,Referral,N/A,439,0
2025-09-12,Android,BR,Organic,N/A,1247,0
2025-09-12,Android,BR,Paid Social,N/A,664,0
2025-09-12,Android,BR,Push Notification,N/A,557,0
2025-09-12,Android,BR,Referral,N/A,275,0
2025-09-12,Web,US,Organic,N/A,1560,0
2025-09-12,Web,US,Paid Social,N/A,871,0
2025-09-12,Web,US,Push Notification,N/A,672,0
2025-09-12,Web,US,Referral,N/A,336,0
2025-09-12,Web,UK,Organic,N/A,662,0
2025-09-12,Web,UK,Paid Social,N/A,362,0
2025-09-12,Web,UK,Push Notification,N/A,302,0
2025-09-12,Web,UK,Referral,N/A,158,0
2025-09-12,Web,DE,Organic,N/A,527,0
2025-09-12,Web,DE,Paid Social,N/A,297,0
2025-09-12,Web,DE,Push Notification,N/A,254,0
2025-09-12,Web,DE,Referral,N/A,110,0
2025-09-12,Web,IN,Organic,N/A,1036,0
2025-09-12,Web,IN,Paid Social,N/A,533,0
2025-09-12,Web,IN,Push Notification,N/A,431,0
2025-09-12,Web,IN,Referral,N/A,212,0
2025-09-12,Web,BR,Organic,N/A,644,0
2025-09-12,Web,BR,Paid Social,N/A,384,0
2025-09-12,Web,BR,Push Notification,N/A,286,0
2025-09-12,Web,BR,Referral,N/A,134,0
2025-09-13,iOS,US,Organic,4.2,1101,567
2025-09-13,iOS,US,Organic,4.1,1366,0
2025-09-13,iOS,US,Paid Social,4.2,588,302
2025-09-13,iOS,US,Paid Social,4.1,729,0
2025-09-13,iOS,US,Push Notification,4.2,480,247
2025-09-13,iOS,US,Push Notification,4.1,596,0
2025-09-13,iOS,US,Referral,4.2,268,137
2025-09-13,iOS,US,Referral,4.1,332,0
2025-09-13,iOS,UK,Organic,4.2,494,253
2025-09-13,iOS,UK,Organic,4.1,612,0
2025-09-13,iOS,UK,Paid Social,4.2,282,144
2025-09-13,iOS,UK,Paid Social,4.1,350,0
2025-09-13,iOS,UK,Push Notification,4.2,211,108
2025-09-13,iOS,UK,Push Notification,4.1,262,0
2025-09-13,iOS,UK,Referral,4.2,110,56
2025-09-13,iOS,UK,Referral,4.1,137,0
2025-09-13,iOS,DE,Organic,4.2,388,199
2025-09-13,iOS,DE,Organic,4.1,482,0
2025-09-13,iOS,DE,Paid Social,4.2,217,111
2025-09-13,iOS,DE,Paid Social,4.1,270,0
2025-09-13,iOS,DE,Push Notification,4.2,161,82
2025-09-13,iOS,DE,Push Notification,4.1,199,0
2025-09-13,iOS,DE,Referral,4.2,76,38
2025-09-13,iOS,DE,Referral,4.1,95,0
2025-09-13,iOS,IN,Organic,4.2,704,362
2025-09-13,iOS,IN,Organic,4.1,873,0
2025-09-13,iOS,IN,Paid Social,4.2,391,200
2025-09-13,iOS,IN,Paid Social,4.1,485,0
2025-09-13,iOS,IN,Push Notification,4.2,330,169
2025-09-13,iOS,IN,Push Notification,4.1,410,0
2025-09-13,iOS,IN,Referral,4.2,155,79
2025-09-13,iOS,IN,Referral,4.1,193,0
2025-09-13,iOS,BR,Organic,4.2,466,239
2025-09-13,iOS,BR,Organic,4.1,578,0
2025-09-13,iOS,BR,Paid Social,4.2,284,146
2025-09-13,iOS,BR,Paid Social,4.1,353,0
2025-09-13,iOS,BR,Push Notification,4.2,208,106
2025-09-13,iOS,BR,Push Notification,4.1,258,0
2025-09-13,iOS,BR,Referral,4.2,124,63
2025-09-13,iOS,BR,Referral,4.1,153,0
2025-09-13,Android,US,Organic,N/A,2596,0
2025-09-13,Android,US,Paid Social,N/A,1411,0
2025-09-13,Android,US,Push Notification,N/A,1166,0
2025-09-13,Android,US,Referral,N/A,599,0
2025-09-13,Android,UK,Organic,N/A,1089,0
2025-09-13,Android,UK,Paid Social,N/A,595,0
2025-09-13,Android,UK,Push Notification,N/A,490,0
2025-09-13,Android,UK,Referral,N/A,261,0
2025-09-13,Android,DE,Organic,N/A,923,0
2025-09-13,Android,DE,Paid Social,N/A,478,0
2025-09-13,Android,DE,Push Notification,N/A,393,0
2025-09-13,Android,DE,Referral,N/A,178,0
2025-09-13,Android,IN,Organic,N/A,1664,0
2025-09-13,Android,IN,Paid Social,N/A,905,0
2025-09-13,Android,IN,Push Notification,N/A,751,0
2025-09-13,Android,IN,Referral,N/A,357,0
2025-09-13,Android,BR,Organic,N/A,1133,0
2025-09-13,Android,BR,Paid Social,N/A,629,0
2025-09-13,Android,BR,Push Notification,N/A,494,0
2025-09-13,Android,BR,Referral,N/A,253,0
2025-09-13,Web,US,Organic,N/A,1423,0
2025-09-13,Web,US,Paid Social,N/A,784,0
2025-09-13,Web,US,Push Notification,N/A,669,0
2025-09-13,Web,US,Referral,N/A,327,0
2025-09-13,Web,UK,Organic,N/A,578,0
2025-09-13,Web,UK,Paid Social,N/A,350,0
2025-09-13,Web,UK,Push Notification,N/A,261,0
2025-09-13,Web,UK,Referral,N/A,133,0
2025-09-13,Web,DE,Organic,N/A,537,0
2025-09-13,Web,DE,Paid Social,N/A,297,0
2025-09-13,Web,DE,Push Notification,N/A,200,0
2025-09-13,Web,DE,Referral,N/A,130,0
2025-09-13,Web,IN,Organic,N/A,936,0
2025-09-13,Web,IN,Paid Social,N/A,522,0
2025-09-13,Web,IN,Push Notification,N/A,440,0
2025-09-13,Web,IN,Referral,N/A,224,0
2025-09-13,Web,BR,Organic,N/A,580,0
2025-09-13,Web,BR,Paid Social,N/A,353,0
2025-09-13,Web,BR,Push Notification,N/A,263,0
2025-09-13,Web,BR,Referral,N/A,127,0
2025-09-14,iOS,US,Organic,4.2,1035,532
2025-09-14,iOS,US,Organic,4.1,1283,0
2025-09-14,iOS,US,Paid Social,4.2,567,291
2025-09-14,iOS,US,Paid Social,4.1,703,0
2025-09-14,iOS,US,Push Notification,4.2,470,242
2025-09-14,iOS,US,Push Notification,4.1,583,0
2025-09-14,iOS,US,Referral,4.2,235,120
2025-09-14,iOS,US,Referral,4.1,292,0
2025-09-14,iOS,UK,Organic,4.2,460,236
2025-09-14,iOS,UK,Organic,4.1,570,0
2025-09-14,iOS,UK,Paid Social,4.2,241,123
2025-09-14,iOS,UK,Paid Social,4.1,298,0
2025-09-14,iOS,UK,Push Notification,4.2,211,108
2025-09-14,iOS,UK,Push Notification,4.1,261,0
2025-09-14,iOS,UK,Referral,4.2,110,56
2025-09-14,iOS,UK,Referral,4.1,137,0
2025-09-14,iOS,DE,Organic,4.2,363,186
2025-09-14,iOS,DE,Organic,4.1,450,0
2025-09-14,iOS,DE,Paid Social,4.2,205,105
2025-09-14,iOS,DE,Paid Social,4.1,255,0
2025-09-14,iOS,DE,Push Notification,4.2,164,83
2025-09-14,iOS,DE,Push Notification,4.1,203,0
2025-09-14,iOS,DE,Referral,4.2,80,41
2025-09-14,iOS,DE,Referral,4.1,100,0
2025-09-14,iOS,IN,Organic,4.2,695,357
2025-09-14,iOS,IN,Organic,4.1,861,0
2025-09-14,iOS,IN,Paid Social,4.2,386,198
2025-09-14,iOS,IN,Paid Social,4.1,478,0
2025-09-14,iOS,IN,Push Notification,4.2,299,153
2025-09-14,iOS,IN,Push Notification,4.1,371,0
2025-09-14,iOS,IN,Referral,4.2,171,88
2025-09-14,iOS,IN,Referral,4.1,213,0
2025-09-14,iOS,BR,Organic,4.2,441,226
2025-09-14,iOS,BR,Organic,4.1,546,0
2025-09-14,iOS,BR,Paid Social,4.2,240,123
2025-09-14,iOS,BR,Paid Social,4.1,298,0
2025-09-14,iOS,BR,Push Notification,4.2,208,106
2025-09-14,iOS,BR,Push Notification,4.1,258,0
2025-09-14,iOS,BR,Referral,4.2,103,52
2025-09-14,iOS,BR,Referral,4.1,127,0
2025-09-14,Android,US,Organic,N/A,2705,0
2025-09-14,Android,US,Paid Social,N/A,1390,0
2025-09-14,Android,US,Push Notification,N/A,1188,0
2025-09-14,Android,US,Referral,N/A,557,0
2025-09-14,Android,UK,Organic,N/A,1073,0
2025-09-14,Android,UK,Paid Social,N/A,612,0
2025-09-14,Android,UK,Push Notification,N/A,487,0
2025-09-14,Android,UK,Referral,N/A,245,0
2025-09-14,Android,DE,Organic,N/A,912,0
2025-09-14,Android,DE,Paid Social,N/A,510,0
2025-09-14,Android,DE,Push Notification,N/A,352,0
2025-09-14,Android,DE,Referral,N/A,197,0
2025-09-14,Android,IN,Organic,N/A,1733,0
2025-09-14,Android,IN,Paid Social,N/A,978,0
2025-09-14,Android,IN,Push Notification,N/A,763,0
2025-09-14,Android,IN,Referral,N/A,354,0
2025-09-14,Android,BR,Organic,N/A,1061,0
2025-09-14,Android,BR,Paid Social,N/A,611,0
2025-09-14,Android,BR,Push Notification,N/A,498,0
2025-09-14,Android,BR,Referral,N/A,248,0
2025-09-14,Web,US,Organic,N/A,1417,0
2025-09-14,Web,US,Paid Social,N/A,761,0
2025-09-14,Web,US,Push Notification,N/A,589,0
2025-09-14,Web,US,Referral,N/A,310,0
2025-09-14,Web,UK,Organic,N/A,614,0
2025-09-14,Web,UK,Paid Social,N/A,295,0
2025-09-14,Web,UK,Push Notification,N/A,283,0
2025-09-14,Web,UK,Referral,N/A,117,0
2025-09-14,Web,DE,Organic,N/A,463,0
2025-09-14,Web,DE,Paid Social,N/A,225,0
2025-09-14,Web,DE,Push Notification,N/A,220,0
2025-09-14,Web,DE,Referral,N/A,110,0
2025-09-14,Web,IN,Organic,N/A,912,0
2025-09-14,Web,IN,Paid Social,N/A,460,0
2025-09-14,Web,IN,Push Notification,N/A,416,0
2025-09-14,Web,IN,Referral,N/A,208,0
2025-09-14,Web,BR,Organic,N/A,603,0
2025-09-14,Web,BR,Paid Social,N/A,296,0
2025-09-14,Web,BR,Push Notification,N/A,243,0
2025-09-14,Web,BR,Referral,N/A,138,0
2025-09-15,iOS,US,Organic,4.2,1272,655
2025-09-15,iOS,US,Organic,4.1,1577,0
2025-09-15,iOS,US,Paid Social,4.2,668,343
2025-09-15,iOS,US,Paid Social,4.1,828,0
2025-09-15,iOS,US,Push Notification,4.2,574,295
2025-09-15,iOS,US,Push Notification,4.1,712,0
2025-09-15,iOS,US,Referral,4.2,282,145
2025-09-15,iOS,US,Referral,4.1,351,0
2025-09-15,iOS,UK,Organic,4.2,545,280
2025-09-15,iOS,UK,Organic,4.1,675,0
2025-09-15,iOS,UK,Paid Social,4.2,316,162
2025-09-15,iOS,UK,Paid Social,4.1,392,0
2025-09-15,iOS,UK,Push Notification,4.2,238,122
2025-09-15,iOS,UK,Push Notification,4.1,296,0
2025-09-15,iOS,UK,Referral,4.2,117,60
2025-09-15,iOS,UK,Referral,4.1,145,0
2025-09-15,iOS,DE,Organic,4.2,413,212
2025-09-15,iOS,DE,Organic,4.1,512,0
2025-09-15,iOS,DE,Paid Social,4.2,233,119
2025-09-15,iOS,DE,Paid Social,4.1,288,0
2025-09-15,iOS,DE,Push Notification,4.2,185,95
2025-09-15,iOS,DE,Push Notification,4.1,230,0
2025-09-15,iOS,DE,Referral,4.2,100,51
2025-09-15,iOS,DE,Referral,4.1,125,0
2025-09-15,iOS,IN,Organic,4.2,829,426
2025-09-15,iOS,IN,Organic,4.1,1027,0
2025-09-15,iOS,IN,Paid Social,4.2,488,251
2025-09-15,iOS,IN,Paid Social,4.1,605,0
2025-09-15,iOS,IN,Push Notification,4.2,368,189
2025-09-15,iOS,IN,Push Notification,4.1,456,0
2025-09-15,iOS,IN,Referral,4.2,181,92
2025-09-15,iOS,IN,Referral,4.1,224,0
2025-09-15,iOS,BR,Organic,4.2,564,290
2025-09-15,iOS,BR,Organic,4.1,700,0
2025-09-15,iOS,BR,Paid Social,4.2,279,143
2025-09-15,iOS,BR,Paid Social,4.1,346,0
2025-09-15,iOS,BR,Push Notification,4.2,236,121
2025-09-15,iOS,BR,Push Notification,4.1,293,0
2025-09-15,iOS,BR,Referral,4.2,124,63
2025-09-15,iOS,BR,Referral,4.1,153,0
2025-09-15,Android,US,Organic,N/A,2922,0
2025-09-15,Android,US,Paid Social,N/A,1673,0
2025-09-15,Android,US,Push Notification,N/A,1325,0
2025-09-15,Android,US,Referral,N/A,703,0
2025-09-15,Android,UK,Organic,N/A,1265,0
2025-09-15,Android,UK,Paid Social,N/A,714,0
2025-09-15,Android,UK,Push Notification,N/A,607,0
2025-09-15,Android,UK,Referral,N/A,288,0
2025-09-15,Android,DE,Organic,N/A,986,0
2025-09-15,Android,DE,Paid Social,N/A,594,0
2025-09-15,Android,DE,Push Notification,N/A,491,0
2025-09-15,Android,DE,Referral,N/A,243,0
2025-09-15,Android,IN,Organic,N/A,2006,0
2025-09-15,Android,IN,Paid Social,N/A,1120,0
2025-09-15,Android,IN,Push Notification,N/A,865,0
2025-09-15,Android,IN,Referral,N/A,479,0
2025-09-15,Android,BR,Organic,N/A,1331,0
2025-09-15,Android,BR,Paid Social,N/A,747,0
2025-09-15,Android,BR,Push Notification,N/A,561,0
2025-09-15,Android,BR,Referral,N/A,283,0
2025-09-15,Web,US,Organic,N/A,1527,0
2025-09-15,Web,US,Paid Social,N/A,814,0
2025-09-15,Web,US,Push Notification,N/A,634,0
2025-09-15,Web,US,Referral,N/A,325,0
2025-09-15,Web,UK,Organic,N/A,677,0
2025-09-15,Web,UK,Paid Social,N/A,355,0
2025-09-15,Web,UK,Push Notification,N/A,294,0
2025-09-15,Web,UK,Referral,N/A,156,0
2025-09-15,Web,DE,Organic,N/A,545,0
2025-09-15,Web,DE,Paid Social,N/A,285,0
2025-09-15,Web,DE,Push Notification,N/A,233,0
2025-09-15,Web,DE,Referral,N/A,116,0
2025-09-15,Web,IN,Organic,N/A,939,0
2025-09-15,Web,IN,Paid Social,N/A,537,0
2025-09-15,Web,IN,Push Notification,N/A,472,0
2025-09-15,Web,IN,Referral,N/A,214,0
2025-09-15,Web,BR,Organic,N/A,615,0
2025-09-15,Web,BR,Paid Social,N/A,391,0
2025-09-15,Web,BR,Push Notification,N/A,314,0
2025-09-15,Web,BR,Referral,N/A,140,0
2025-09-16,iOS,US,Organic,4.2,1250,643
2025-09-16,iOS,US,Organic,4.1,1549,0
2025-09-16,iOS,US,Paid Social,4.2,680,350
2025-09-16,iOS,US,Paid Social,4.1,844,0
2025-09-16,iOS,US,Push Notification,4.2,528,272
2025-09-16,iOS,US,Push Notification,4.1,655,0
2025-09-16,iOS,US,Referral,4.2,262,134
2025-09-16,iOS,US,Referral,4.1,325,0
2025-09-16,iOS,UK,Organic,4.2,513,264
2025-09-16,iOS,UK,Organic,4.1,637,0
2025-09-16,iOS,UK,Paid Social,4.2,290,148
2025-09-16,iOS,UK,Paid Social,4.1,359,0
2025-09-16,iOS,UK,Push Notification,4.2,234,120
2025-09-16,iOS,UK,Push Notification,4.1,291,0
2025-09-16,iOS,UK,Referral,4.2,99,51
2025-09-16,iOS,UK,Referral,4.1,124,0
2025-09-16,iOS,DE,Organic,4.2,435,224
2025-09-16,iOS,DE,Organic,4.1,540,0
2025-09-16,iOS,DE,Paid Social,4.2,235,121
2025-09-16,iOS,DE,Paid Social,4.1,292,0
2025-09-16,iOS,DE,Push Notification,4.2,188,96
2025-09-16,iOS,DE,Push Notification,4.1,233,0
2025-09-16,iOS,DE,Referral,4.2,90,45
2025-09-16,iOS,DE,Referral,4.1,111,0
2025-09-16,iOS,IN,Organic,4.2,808,415
2025-09-16,iOS,IN,Organic,4.1,1001,0
2025-09-16,iOS,IN,Paid Social,4.2,448,230
2025-09-16,iOS,IN,Paid Social,4.1,555,0
2025-09-16,iOS,IN,Push Notification,4.2,351,180
2025-09-16,iOS,IN,Push Notification,4.1,435,0
2025-09-16,iOS,IN,Referral,4.2,165,84
2025-09-16,iOS,IN,Referral,4.1,205,0
2025-09-16,iOS,BR,Organic,4.2,501,258
2025-09-16,iOS,BR,Organic,4.1,621,0
2025-09-16,iOS,BR,Paid Social,4.2,290,148
2025-09-16,iOS,BR,Paid Social,4.1,359,0
2025-09-16,iOS,BR,Push Notification,4.2,248,127
2025-09-16,iOS,BR,Push Notification,4.1,308,0
2025-09-16,iOS,BR,Referral,4.2,115,59
2025-09-16,iOS,BR,Referral,4.1,144,0
2025-09-16,Android,US,Organic,N/A,2823,0
2025-09-16,Android,US,Paid Social,N/A,1579,0
2025-09-16,Android,US,Push Notification,N/A,1233,0
2025-09-16,Android,US,Referral,N/A,631,0
2025-09-16,Android,UK,Organic,N/A,1261,0
2025-09-16,Android,UK,Paid Social,N/A,668,0
2025-09-16,Android,UK,Push Notification,N/A,561,0
2025-09-16,Android,UK,Referral,N/A,276,0
2025-09-16,Android,DE,Organic,N/A,968,0
2025-09-16,Android,DE,Paid Social,N/A,518,0
2025-09-16,Android,DE,Push Notification,N/A,434,0
2025-09-16,Android,DE,Referral,N/A,226,0
2025-09-16,Android,IN,Organic,N/A,1787,0
2025-09-16,Android,IN,Paid Social,N/A,998,0
2025-09-16,Android,IN,Push Notification,N/A,819,0
2025-09-16,Android,IN,Referral,N/A,365,0
2025-09-16,Android,BR,Organic,N/A,1225,0
2025-09-16,Android,BR,Paid Social,N/A,680,0
2025-09-16,Android,BR,Push Notification,N/A,553,0
2025-09-16,Android,BR,Referral,N/A,263,0
2025-09-16,Web,US,Organic,N/A,1591,0
2025-09-16,Web,US,Paid Social,N/A,914,0
2025-09-16,Web,US,Push Notification,N/A,675,0
2025-09-16,Web,US,Referral,N/A,376,0
2025-09-16,Web,UK,Organic,N/A,703,0
2025-09-16,Web,UK,Paid Social,N/A,383,0
2025-09-16,Web,UK,Push Notification,N/A,301,0
2025-09-16,Web,UK,Referral,N/A,143,0
2025-09-16,Web,DE,Organic,N/A,561,0
2025-09-16,Web,DE,Paid Social,N/A,304,0
2025-09-16,Web,DE,Push Notification,N/A,233,0
2025-09-16,Web,DE,Referral,N/A,137,0
2025-09-16,Web,IN,Organic,N/A,1053,0
2025-09-16,Web,IN,Paid Social,N/A,588,0
2025-09-16,Web,IN,Push Notification,N/A,423,0
2025-09-16,Web,IN,Referral,N/A,250,0
2025-09-16,Web,BR,Organic,N/A,663,0
2025-09-16,Web,BR,Paid Social,N/A,397,0
2025-09-16,Web,BR,Push Notification,N/A,283,0
2025-09-16,Web,BR,Referral,N/A,153,0
2025-09-17,iOS,US,Organic,4.2,1237,637
2025-09-17,iOS,US,Organic,4.1,1534,0
2025-09-17,iOS,US,Paid Social,4.2,676,347
2025-09-17,iOS,US,Paid Social,4.1,838,0
2025-09-17,iOS,US,Push Notification,4.2,546,281
2025-09-17,iOS,US,Push Notification,4.1,677,0
2025-09-17,iOS,US,Referral,4.2,281,144
2025-09-17,iOS,US,Referral,4.1,348,0
2025-09-17,iOS,UK,Organic,4.2,506,260
2025-09-17,iOS,UK,Organic,4.1,628,0
2025-09-17,iOS,UK,Paid Social,4.2,296,152
2025-09-17,iOS,UK,Paid Social,4.1,367,0
2025-09-17,iOS,UK,Push Notification,4.2,243,124
2025-09-17,iOS,UK,Push Notification,4.1,302,0
2025-09-17,iOS,UK,Referral,4.2,123,63
2025-09-17,iOS,UK,Referral,4.1,153,0
2025-09-17,iOS,DE,Organic,4.2,429,221
2025-09-17,iOS,DE,Organic,4.1,533,0
2025-09-17,iOS,DE,Paid Social,4.2,242,124
2025-09-17,iOS,DE,Paid Social,4.1,300,0
2025-09-17,iOS,DE,Push Notification,4.2,194,99
2025-09-17,iOS,DE,Push Notification,4.1,240,0
2025-09-17,iOS,DE,Referral,4.2,99,50
2025-09-17,iOS,DE,Referral,4.1,122,0
2025-09-17,iOS,IN,Organic,4.2,809,416
2025-09-17,iOS,IN,Organic,4.1,1003,0
2025-09-17,iOS,IN,Paid Social,4.2,453,233
2025-09-17,iOS,IN,Paid Social,4.1,563,0
2025-09-17,iOS,IN,Push Notification,4.2,345,177
2025-09-17,iOS,IN,Push Notification,4.1,428,0
2025-09-17,iOS,IN,Referral,4.2,173,89
2025-09-17,iOS,IN,Referral,4.1,215,0
2025-09-17,iOS,BR,Organic,4.2,504,259
2025-09-17,iOS,BR,Organic,4.1,625,0
2025-09-17,iOS,BR,Paid Social,4.2,302,155
2025-09-17,iOS,BR,Paid Social,4.1,374,0
2025-09-17,iOS,BR,Push Notification,4.2,228,117
2025-09-17,iOS,BR,Push Notification,4.1,284,0
2025-09-17,iOS,BR,Referral,4.2,106,54
2025-09-17,iOS,BR,Referral,4.1,132,0
2025-09-17,Android,US,Organic,N/A,2961,0
2025-09-17,Android,US,Paid Social,N/A,1753,0
2025-09-17,Android,US,Push Notification,N/A,1371,0
2025-09-17,Android,US,Referral,N/A,648,0
2025-09-17,Android,UK,Organic,N/A,1346,0
2025-09-17,Android,UK,Paid Social,N/A,783,0
2025-09-17,Android,UK,Push Notification,N/A,567,0
2025-09-17,Android,UK,Referral,N/A,256,0
2025-09-17,Android,DE,Organic,N/A,1046,0
2025-09-17,Android,DE,Paid Social,N/A,600,0
2025-09-17,Android,DE,Push Notification,N/A,488,0
2025-09-17,Android,DE,Referral,N/A,226,0
2025-09-17,Android,IN,Organic,N/A,2084,0
2025-09-17,Android,IN,Paid Social,N/A,1103,0
2025-09-17,Android,IN,Push Notification,N/A,889,0
2025-09-17,Android,IN,Referral,N/A,481,0
2025-09-17,Android,BR,Organic,N/A,1326,0
2025-09-17,Android,BR,Paid Social,N/A,754,0
2025-09-17,Android,BR,Push Notification,N/A,632,0
2025-09-17,Android,BR,Referral,N/A,302,0
2025-09-17,Web,US,Organic,N/A,1392,0
2025-09-17,Web,US,Paid Social,N/A,815,0
2025-09-17,Web,US,Push Notification,N/A,627,0
2025-09-17,Web,US,Referral,N/A,325,0
2025-09-17,Web,UK,Organic,N/A,604,0
2025-09-17,Web,UK,Paid Social,N/A,375,0
2025-09-17,Web,UK,Push Notification,N/A,276,0
2025-09-17,Web,UK,Referral,N/A,141,0
2025-09-17,Web,DE,Organic,N/A,506,0
2025-09-17,Web,DE,Paid Social,N/A,318,0
2025-09-17,Web,DE,Push Notification,N/A,220,0
2025-09-17,Web,DE,Referral,N/A,129,0
2025-09-17,Web,IN,Organic,N/A,974,0
2025-09-17,Web,IN,Paid Social,N/A,521,0
2025-09-17,Web,IN,Push Notification,N/A,430,0
2025-09-17,Web,IN,Referral,N/A,201,0
2025-09-17,Web,BR,Organic,N/A,641,0
2025-09-17,Web,BR,Paid Social,N/A,344,0
2025-09-17,Web,BR,Push Notification,N/A,301,0
2025-09-17,Web,BR,Referral,N/A,127,0
2025-09-18,iOS,US,Organic,4.2,1200,617
2025-09-18,iOS,US,Organic,4.1,1488,0
2025-09-18,iOS,US,Paid Social,4.2,685,352
2025-09-18,iOS,US,Paid Social,4.1,850,0
2025-09-18,iOS,US,Push Notification,4.2,542,278
2025-09-18,iOS,US,Push Notification,4.1,672,0
2025-09-18,iOS,US,Referral,4.2,272,139
2025-09-18,iOS,US,Referral,4.1,338,0
2025-09-18,iOS,UK,Organic,4.2,525,269
2025-09-18,iOS,UK,Organic,4.1,651,0
2025-09-18,iOS,UK,Paid Social,4.2,270,139
2025-09-18,iOS,UK,Paid Social,4.1,336,0
2025-09-18,iOS,UK,Push Notification,4.2,229,117
2025-09-18,iOS,UK,Push Notification,4.1,284,0
2025-09-18,iOS,UK,Referral,4.2,121,61
2025-09-18,iOS,UK,Referral,4.1,150,0
2025-09-18,iOS,DE,Organic,4.2,418,214
2025-09-18,iOS,DE,Organic,4.1,518,0
2025-09-18,iOS,DE,Paid Social,4.2,233,119
2025-09-18,iOS,DE,Paid Social,4.1,289,0
2025-09-18,iOS,DE,Push Notification,4.2,177,91
2025-09-18,iOS,DE,Push Notification,4.1,221,0
2025-09-18,iOS,DE,Referral,4.2,94,47
2025-09-18,iOS,DE,Referral,4.1,117,0
2025-09-18,iOS,IN,Organic,4.2,811,417
2025-09-18,iOS,IN,Organic,4.1,1005,0
2025-09-18,iOS,IN,Paid Social,4.2,444,228
2025-09-18,iOS,IN,Paid Social,4.1,551,0
2025-09-18,iOS,IN,Push Notification,4.2,358,184
2025-09-18,iOS,IN,Push Notification,4.1,445,0
2025-09-18,iOS,IN,Referral,4.2,182,93
2025-09-18,iOS,IN,Referral,4.1,226,0
2025-09-18,iOS,BR,Organic,4.2,507,260
2025-09-18,iOS,BR,Organic,4.1,628,0
2025-09-18,iOS,BR,Paid Social,4.2,284,145
2025-09-18,iOS,BR,Paid Social,4.1,352,0
2025-09-18,iOS,BR,Push Notification,4.2,235,121
2025-09-18,iOS,BR,Push Notification,4.1,292,0
2025-09-18,iOS,BR,Referral,4.2,114,58
2025-09-18,iOS,BR,Referral,4.1,142,0
2025-09-18,Android,US,Organic,N/A,2964,0
2025-09-18,Android,US,Paid Social,N/A,1611,0
2025-09-18,Android,US,Push Notification,N/A,1289,0
2025-09-18,Android,US,Referral,N/A,690,0
2025-09-18,Android,UK,Organic,N/A,1241,0
2025-09-18,Android,UK,Paid Social,N/A,714,0
2025-09-18,Android,UK,Push Notification,N/A,541,0
2025-09-18,Android,UK,Referral,N/A,260,0
2025-09-18,Android,DE,Organic,N/A,966,0
2025-09-18,Android,DE,Paid Social,N/A,571,0
2025-09-18,Android,DE,Push Notification,N/A,440,0
2025-09-18,Android,DE,Referral,N/A,224,0
2025-09-18,Android,IN,Organic,N/A,1943,0
2025-09-18,Android,IN,Paid Social,N/A,1026,0
2025-09-18,Android,IN,Push Notification,N/A,861,0
2025-09-18,Android,IN,Referral,N/A,396,0
2025-09-18,Android,BR,Organic,N/A,1275,0
2025-09-18,Android,BR,Paid Social,N/A,705,0
2025-09-18,Android,BR,Push Notification,N/A,580,0
2025-09-18,Android,BR,Referral,N/A,265,0
2025-09-18,Web,US,Organic,N/A,1554,0
2025-09-18,Web,US,Paid Social,N/A,809,0
2025-09-18,Web,US,Push Notification,N/A,669,0
2025-09-18,Web,US,Referral,N/A,344,0
2025-09-18,Web,UK,Organic,N/A,640,0
2025-09-18,Web,UK,Paid Social,N/A,377,0
2025-09-18,Web,UK,Push Notification,N/A,284,0
2025-09-18,Web,UK,Referral,N/A,121,0
2025-09-18,Web,DE,Organic,N/A,549,0
2025-09-18,Web,DE,Paid Social,N/A,276,0
2025-09-18,Web,DE,Push Notification,N/A,226,0
2025-09-18,Web,DE,Referral,N/A,122,0
2025-09-18,Web,IN,Organic,N/A,962,0
2025-09-18,Web,IN,Paid Social,N/A,562,0
2025-09-18,Web,IN,Push Notification,N/A,422,0
2025-09-18,Web,IN,Referral,N/A,238,0
2025-09-18,Web,BR,Organic,N/A,710,0
2025-09-18,Web,BR,Paid Social,N/A,355,0
2025-09-18,Web,BR,Push Notification,N/A,282,0
2025-09-18,Web,BR,Referral,N/A,144,0
2025-09-19,iOS,US,Organic,4.2,1171,602
2025-09-19,iOS,US,Organic,4.1,1452,0
2025-09-19,iOS,US,Paid Social,4.2,645,331
2025-09-19,iOS,US,Paid Social,4.1,799,0
2025-09-19,iOS,US,Push Notification,4.2,511,262
2025-09-19,iOS,US,Push Notification,4.1,634,0
2025-09-19,iOS,US,Referral,4.2,274,141
2025-09-19,iOS,US,Referral,4.1,341,0
2025-09-19,iOS,UK,Organic,4.2,482,247
2025-09-19,iOS,UK,Organic,4.1,598,0
2025-09-19,iOS,UK,Paid Social,4.2,271,139
2025-09-19,iOS,UK,Paid Social,4.1,337,0
2025-09-19,iOS,UK,Push Notification,4.2,214,109
2025-09-19,iOS,UK,Push Notification,4.1,266,0
2025-09-19,iOS,UK,Referral,4.2,118,60
2025-09-19,iOS,UK,Referral,4.1,146,0
2025-09-19,iOS,DE,Organic,4.2,394,202
2025-09-19,iOS,DE,Organic,4.1,488,0
2025-09-19,iOS,DE,Paid Social,4.2,243,124
2025-09-19,iOS,DE,Paid Social,4.1,302,0
2025-09-19,iOS,DE,Push Notification,4.2,173,88
2025-09-19,iOS,DE,Push Notification,4.1,214,0
2025-09-19,iOS,DE,Referral,4.2,101,52
2025-09-19,iOS,DE,Referral,4.1,126,0
2025-09-19,iOS,IN,Organic,4.2,777,399
2025-09-19,iOS,IN,Organic,4.1,963,0
2025-09-19,iOS,IN,Paid Social,4.2,431,221
2025-09-19,iOS,IN,Paid Social,4.1,534,0
2025-09-19,iOS,IN,Push Notification,4.2,331,170
2025-09-19,iOS,IN,Push Notification,4.1,410,0
2025-09-19,iOS,IN,Referral,4.2,171,87
2025-09-19,iOS,IN,Referral,4.1,212,0
2025-09-19,iOS,BR,Organic,4.2,515,265
2025-09-19,iOS,BR,Organic,4.1,639,0
2025-09-19,iOS,BR,Paid Social,4.2,282,145
2025-09-19,iOS,BR,Paid Social,4.1,350,0
2025-09-19,iOS,BR,Push Notification,4.2,237,121
2025-09-19,iOS,BR,Push Notification,4.1,293,0
2025-09-19,iOS,BR,Referral,4.2,111,56
2025-09-19,iOS,BR,Referral,4.1,137,0
2025-09-19,Android,US,Organic,N/A,2920,0
2025-09-19,Android,US,Paid Social,N/A,1562,0
2025-09-19,Android,US,Push Notification,N/A,1366,0
2025-09-19,Android,US,Referral,N/A,616,0
2025-09-19,Android,UK,Organic,N/A,1251,0
2025-09-19,Android,UK,Paid Social,N/A,710,0
2025-09-19,Android,UK,Push Notification,N/A,561,0
2025-09-19,Android,UK,Referral,N/A,305,0
2025-09-19,Android,DE,Organic,N/A,1017,0
2025-09-19,Android,DE,Paid Social,N/A,558,0
2025-09-19,Android,DE,Push Notification,N/A,424,0
2025-09-19,Android,DE,Referral,N/A,210,0
2025-09-19,Android,IN,Organic,N/A,1938,0
2025-09-19,Android,IN,Paid Social,N/A,1033,0
2025-09-19,Android,IN,Push Notification,N/A,877,0
2025-09-19,Android,IN,Referral,N/A,402,0
2025-09-19,Android,BR,Organic,N/A,1251,0
2025-09-19,Android,BR,Paid Social,N/A,672,0
2025-09-19,Android,BR,Push Notification,N/A,586,0
2025-09-19,Android,BR,Referral,N/A,303,0
2025-09-19,Web,US,Organic,N/A,1616,0
2025-09-19,Web,US,Paid Social,N/A,844,0
2025-09-19,Web,US,Push Notification,N/A,728,0
2025-09-19,Web,US,Referral,N/A,339,0
2025-09-19,Web,UK,Organic,N/A,689,0
2025-09-19,Web,UK,Paid Social,N/A,381,0
2025-09-19,Web,UK,Push Notification,N/A,308,0
2025-09-19,Web,UK,Referral,N/A,143,0
2025-09-19,Web,DE,Organic,N/A,542,0
2025-09-19,Web,DE,Paid Social,N/A,311,0
2025-09-19,Web,DE,Push Notification,N/A,232,0
2025-09-19,Web,DE,Referral,N/A,126,0
2025-09-19,Web,IN,Organic,N/A,1010,0
2025-09-19,Web,IN,Paid Social,N/A,593,0
2025-09-19,Web,IN,Push Notification,N/A,467,0
2025-09-19,Web,IN,Referral,N/A,210,0
2025-09-19,Web,BR,Organic,N/A,655,0
2025-09-19,Web,BR,Paid Social,N/A,341,0
2025-09-19,Web,BR,Push Notification,N/A,295,0
2025-09-19,Web,BR,Referral,N/A,173,0
2025-09-20,iOS,US,Organic,4.2,1067,549
2025-09-20,iOS,US,Organic,4.1,1323,0
2025-09-20,iOS,US,Paid Social,4.2,565,291
2025-09-20,iOS,US,Paid Social,4.1,701,0
2025-09-20,iOS,US,Push Notification,4.2,467,240
2025-09-20,iOS,US,Push Notification,4.1,580,0
2025-09-20,iOS,US,Referral,4.2,223,114
2025-09-20,iOS,US,Referral,4.1,276,0
2025-09-20,iOS,UK,Organic,4.2,451,232
2025-09-20,iOS,UK,Organic,4.1,559,0
2025-09-20,iOS,UK,Paid Social,4.2,239,123
2025-09-20,iOS,UK,Paid Social,4.1,297,0
2025-09-20,iOS,UK,Push Notification,4.2,210,107
2025-09-20,iOS,UK,Push Notification,4.1,261,0
2025-09-20,iOS,UK,Referral,4.2,96,48
2025-09-20,iOS,UK,Referral,4.1,119,0
2025-09-20,iOS,DE,Organic,4.2,353,181
2025-09-20,iOS,DE,Organic,4.1,438,0
2025-09-20,iOS,DE,Paid Social,4.2,181,92
2025-09-20,iOS,DE,Paid Social,4.1,225,0
2025-09-20,iOS,DE,Push Notification,4.2,160,81
2025-09-20,iOS,DE,Push Notification,4.1,198,0
2025-09-20,iOS,DE,Referral,4.2,79,40
2025-09-20,iOS,DE,Referral,4.1,99,0
2025-09-20,iOS,IN,Organic,4.2,664,341
2025-09-20,iOS,IN,Organic,4.1,823,0
2025-09-20,iOS,IN,Paid Social,4.2,389,199
2025-09-20,iOS,IN,Paid Social,4.1,482,0
2025-09-20,iOS,IN,Push Notification,4.2,299,153
2025-09-20,iOS,IN,Push Notification,4.1,371,0
2025-09-20,iOS,IN,Referral,4.2,152,77
2025-09-20,iOS,IN,Referral,4.1,189,0
2025-09-20,iOS,BR,Organic,4.2,438,225
2025-09-20,iOS,BR,Organic,4.1,543,0
2025-09-20,iOS,BR,Paid Social,4.2,241,124
2025-09-20,iOS,BR,Paid Social,4.1,300,0
2025-09-20,iOS,BR,Push Notification,4.2,190,97
2025-09-20,iOS,BR,Push Notification,4.1,236,0
2025-09-20,iOS,BR,Referral,4.2,113,58
2025-09-20,iOS,BR,Referral,4.1,140,0
2025-09-20,Android,US,Organic,N/A,2712,0
2025-09-20,Android,US,Paid Social,N/A,1539,0
2025-09-20,Android,US,Push Notification,N/A,1234,0
2025-09-20,Android,US,Referral,N/A,660,0
2025-09-20,Android,UK,Organic,N/A,1188,0
2025-09-20,Android,UK,Paid Social,N/A,613,0
2025-09-20,Android,UK,Push Notification,N/A,536,0
2025-09-20,Android,UK,Referral,N/A,295,0
2025-09-20,Android,DE,Organic,N/A,933,0
2025-09-20,Android,DE,Paid Social,N/A,494,0
2025-09-20,Android,DE,Push Notification,N/A,438,0
2025-09-20,Android,DE,Referral,N/A,241,0
2025-09-20,Android,IN,Organic,N/A,1799,0
2025-09-20,Android,IN,Paid Social,N/A,1027,0
2025-09-20,Android,IN,Push Notification,N/A,820,0
2025-09-20,Android,IN,Referral,N/A,399,0
2025-09-20,Android,BR,Organic,N/A,1132,0
2025-09-20,Android,BR,Paid Social,N/A,629,0
2025-09-20,Android,BR,Push Notification,N/A,465,0
2025-09-20,Android,BR,Referral,N/A,265,0
2025-09-20,Web,US,Organic,N/A,1424,0
2025-09-20,Web,US,Paid Social,N/A,776,0
2025-09-20,Web,US,Push Notification,N/A,614,0
2025-09-20,Web,US,Referral,N/A,322,0
2025-09-20,Web,UK,Organic,N/A,600,0
2025-09-20,Web,UK,Paid Social,N/A,364,0
2025-09-20,Web,UK,Push Notification,N/A,289,0
2025-09-20,Web,UK,Referral,N/A,142,0
2025-09-20,Web,DE,Organic,N/A,491,0
2025-09-20,Web,DE,Paid Social,N/A,267,0
2025-09-20,Web,DE,Push Notification,N/A,210,0
2025-09-20,Web,DE,Referral,N/A,126,0
2025-09-20,Web,IN,Organic,N/A,890,0
2025-09-20,Web,IN,Paid Social,N/A,476,0
2025-09-20,Web,IN,Push Notification,N/A,415,0
2025-09-20,Web,IN,Referral,N/A,218,0
2025-09-20,Web,BR,Organic,N/A,597,0
2025-09-20,Web,BR,Paid Social,N/A,331,0
2025-09-20,Web,BR,Push Notification,N/A,277,0
2025-09-20,Web,BR,Referral,N/A,151,0
2025-09-21,iOS,US,Organic,4.2,1029,530
2025-09-21,iOS,US,Organic,4.1,1277,0
2025-09-21,iOS,US,Paid Social,4.2,580,298
2025-09-21,iOS,US,Paid Social,4.1,719,0
2025-09-21,iOS,US,Push Notification,4.2,470,242
2025-09-21,iOS,US,Push Notification,4.1,584,0
2025-09-21,iOS,US,Referral,4.2,241,123
2025-09-21,iOS,US,Referral,4.1,299,0
2025-09-21,iOS,UK,Organic,4.2,447,230
2025-09-21,iOS,UK,Organic,4.1,554,0
2025-09-21,iOS,UK,Paid Social,4.2,260,133
2025-09-21,iOS,UK,Paid Social,4.1,323,0
2025-09-21,iOS,UK,Push Notification,4.2,195,99
2025-09-21,iOS,UK,Push Notification,4.1,242,0
2025-09-21,iOS,UK,Referral,4.2,110,56
2025-09-21,iOS,UK,Referral,4.1,136,0
2025-09-21,iOS,DE,Organic,4.2,356,183
2025-09-21,iOS,DE,Organic,4.1,441,0
2025-09-21,iOS,DE,Paid Social,4.2,198,102
2025-09-21,iOS,DE,Paid Social,4.1,246,0
2025-09-21,iOS,DE,Push Notification,4.2,148,75
2025-09-21,iOS,DE,Push Notification,4.1,184,0
2025-09-21,iOS,DE,Referral,4.2,81,41
2025-09-21,iOS,DE,Referral,4.1,101,0
2025-09-21,iOS,IN,Organic,4.2,680,349
2025-09-21,iOS,IN,Organic,4.1,842,0
2025-09-21,iOS,IN,Paid Social,4.2,362,185
2025-09-21,iOS,IN,Paid Social,4.1,448,0
2025-09-21,iOS,IN,Push Notification,4.2,311,160
2025-09-21,iOS,IN,Push Notification,4.1,387,0
2025-09-21,iOS,IN,Referral,4.2,146,75
2025-09-21,iOS,IN,Referral,4.1,182,0
2025-09-21,iOS,BR,Organic,4.2,443,227
2025-09-21,iOS,BR,Organic,4.1,549,0
2025-09-21,iOS,BR,Paid Social,4.2,249,127
2025-09-21,iOS,BR,Paid Social,4.1,309,0
2025-09-21,iOS,BR,Push Notification,4.2,205,105
2025-09-21,iOS,BR,Push Notification,4.1,254,0
2025-09-21,iOS,BR,Referral,4.2,110,56
2025-09-21,iOS,BR,Referral,4.1,136,0
2025-09-21,Android,US,Organic,N/A,2774,0
2025-09-21,Android,US,Paid Social,N/A,1521,0
2025-09-21,Android,US,Push Notification,N/A,1246,0
2025-09-21,Android,US,Referral,N/A,616,0
2025-09-21,Android,UK,Organic,N/A,1212,0
2025-09-21,Android,UK,Paid Social,N/A,671,0
2025-09-21,Android,UK,Push Notification,N/A,514,0
2025-09-21,Android,UK,Referral,N/A,251,0
2025-09-21,Android,DE,Organic,N/A,984,0
2025-09-21,Android,DE,Paid Social,N/A,534,0
2025-09-21,Android,DE,Push Notification,N/A,416,0
2025-09-21,Android,DE,Referral,N/A,216,0
2025-09-21,Android,IN,Organic,N/A,1908,0
2025-09-21,Android,IN,Paid Social,N/A,1025,0
2025-09-21,Android,IN,Push Notification,N/A,791,0
2025-09-21,Android,IN,Referral,N/A,357,0
2025-09-21,Android,BR,Organic,N/A,1158,0
2025-09-21,Android,BR,Paid Social,N/A,673,0
2025-09-21,Android,BR,Push Notification,N/A,530,0
2025-09-21,Android,BR,Referral,N/A,282,0
2025-09-21,Web,US,Organic,N/A,1365,0
2025-09-21,Web,US,Paid Social,N/A,746,0
2025-09-21,Web,US,Push Notification,N/A,564,0
2025-09-21,Web,US,Referral,N/A,300,0
2025-09-21,Web,UK,Organic,N/A,561,0
2025-09-21,Web,UK,Paid Social,N/A,347,0
2025-09-21,Web,UK,Push Notification,N/A,272,0
2025-09-21,Web,UK,Referral,N/A,121,0
2025-09-21,Web,DE,Organic,N/A,453,0
2025-09-21,Web,DE,Paid Social,N/A,269,0
2025-09-21,Web,DE,Push Notification,N/A,182,0
2025-09-21,Web,DE,Referral,N/A,105,0
2025-09-21,Web,IN,Organic,N/A,841,0
2025-09-21,Web,IN,Paid Social,N/A,512,0
2025-09-21,Web,IN,Push Notification,N/A,393,0
2025-09-21,Web,IN,Referral,N/A,196,0
2025-09-21,Web,BR,Organic,N/A,595,0
2025-09-21,Web,BR,Paid Social,N/A,338,0
2025-09-21,Web,BR,Push Notification,N/A,253,0
2025-09-21,Web,BR,Referral,N/A,126,0
2025-09-22,iOS,US,Organic,4.2,1196,615
2025-09-22,iOS,US,Organic,4.1,1482,0
2025-09-22,iOS,US,Paid Social,4.2,670,345
2025-09-22,iOS,US,Paid Social,4.1,831,0
2025-09-22,iOS,US,Push Notification,4.2,510,262
2025-09-22,iOS,US,Push Notification,4.1,633,0
2025-09-22,iOS,US,Referral,4.2,261,133
2025-09-22,iOS,US,Referral,4.1,323,0
2025-09-22,iOS,UK,Organic,4.2,504,259
2025-09-22,iOS,UK,Organic,4.1,626,0
2025-09-22,iOS,UK,Paid Social,4.2,270,138
2025-09-22,iOS,UK,Paid Social,4.1,334,0
2025-09-22,iOS,UK,Push Notification,4.2,220,112
2025-09-22,iOS,UK,Push Notification,4.1,272,0
2025-09-22,iOS,UK,Referral,4.2,123,62
2025-09-22,iOS,UK,Referral,4.1,152,0
2025-09-22,iOS,DE,Organic,4.2,383,197
2025-09-22,iOS,DE,Organic,4.1,475,0
2025-09-22,iOS,DE,Paid Social,4.2,219,112
2025-09-22,iOS,DE,Paid Social,4.1,272,0
2025-09-22,iOS,DE,Push Notification,4.2,171,88
2025-09-22,iOS,DE,Push Notification,4.1,212,0
2025-09-22,iOS,DE,Referral,4.2,90,46
2025-09-22,iOS,DE,Referral,4.1,112,0
2025-09-22,iOS,IN,Organic,4.2,747,384
2025-09-22,iOS,IN,Organic,4.1,926,0
2025-09-22,iOS,IN,Paid Social,4.2,439,225
2025-09-22,iOS,IN,Paid Social,4.1,545,0
2025-09-22,iOS,IN,Push Notification,4.2,336,173
2025-09-22,iOS,IN,Push Notification,4.1,418,0
2025-09-22,iOS,IN,Referral,4.2,150,77
2025-09-22,iOS,IN,Referral,4.1,187,0
2025-09-22,iOS,BR,Organic,4.2,482,248
2025-09-22,iOS,BR,Organic,4.1,598,0
2025-09-22,iOS,BR,Paid Social,4.2,276,142
2025-09-22,iOS,BR,Paid Social,4.1,342,0
2025-09-22,iOS,BR,Push Notification,4.2,219,112
2025-09-22,iOS,BR,Push Notification,4.1,271,0
2025-09-22,iOS,BR,Referral,4.2,101,52
2025-09-22,iOS,BR,Referral,4.1,126,0
2025-09-22,Android,US,Organic,N/A,2869,0
2025-09-22,Android,US,Paid Social,N/A,1675,0
2025-09-22,Android,US,Push Notification,N/A,1358,0
2025-09-22,Android,US,Referral,N/A,671,0
2025-09-22,Android,UK,Organic,N/A,1331,0
2025-09-22,Android,UK,Paid Social,N/A,708,0
2025-09-22,Android,UK,Push Notification,N/A,602,0
2025-09-22,Android,UK,Referral,N/A,273,0
2025-09-22,Android,DE,Organic,N/A,987,0
2025-09-22,Android,DE,Paid Social,N/A,642,0
2025-09-22,Android,DE,Push Notification,N/A,488,0
2025-09-22,Android,DE,Referral,N/A,225,0
2025-09-22,Android,IN,Organic,N/A,1980,0
2025-09-22,Android,IN,Paid Social,N/A,1086,0
2025-09-22,Android,IN,Push Notification,N/A,894,0
2025-09-22,Android,IN,Referral,N/A,432,0
2025-09-22,Android,BR,Organic,N/A,1280,0
2025-09-22,Android,BR,Paid Social,N/A,733,0
2025-09-22,Android,BR,Push Notification,N/A,584,0
2025-09-22,Android,BR,Referral,N/A,271,0
2025-09-22,Web,US,Organic,N/A,1538,0
2025-09-22,Web,US,Paid Social,N/A,820,0
2025-09-22,Web,US,Push Notification,N/A,711,0
2025-09-22,Web,US,Referral,N/A,373,0
2025-09-22,Web,UK,Organic,N/A,661,0
2025-09-22,Web,UK,Paid Social,N/A,357,0
2025-09-22,Web,UK,Push Notification,N/A,324,0
2025-09-22,Web,UK,Referral,N/A,129,0
2025-09-22,Web,DE,Organic,N/A,537,0
2025-09-22,Web,DE,Paid Social,N/A,306,0
2025-09-22,Web,DE,Push Notification,N/A,228,0
2025-09-22,Web,DE,Referral,N/A,111,0
2025-09-22,Web,IN,Organic,N/A,1064,0
2025-09-22,Web,IN,Paid Social,N/A,567,0
2025-09-22,Web,IN,Push Notification,N/A,449,0
2025-09-22,Web,IN,Referral,N/A,220,0
2025-09-22,Web,BR,Organic,N/A,611,0
2025-09-22,Web,BR,Paid Social,N/A,343,0
2025-09-22,Web,BR,Push Notification,N/A,289,0
2025-09-22,Web,BR,Referral,N/A,142,0
2025-09-23,iOS,US,Organic,4.2,1155,595
2025-09-23,iOS,US,Organic,4.1,1433,0
2025-09-23,iOS,US,Paid Social,4.2,682,351
2025-09-23,iOS,US,Paid Social,4.1,846,0
2025-09-23,iOS,US,Push Notification,4.2,528,271
2025-09-23,iOS,US,Push Notification,4.1,655,0
2025-09-23,iOS,US,Referral,4.2,264,136
2025-09-23,iOS,US,Referral,4.1,328,0
2025-09-23,iOS,UK,Organic,4.2,532,274
2025-09-23,iOS,UK,Organic,4.1,661,0
2025-09-23,iOS,UK,Paid Social,4.2,305,157
2025-09-23,iOS,UK,Paid Social,4.1,378,0
2025-09-23,iOS,UK,Push Notification,4.2,222,114
2025-09-23,iOS,UK,Push Notification,4.1,275,0
2025-09-23,iOS,UK,Referral,4.2,99,50
2025-09-23,iOS,UK,Referral,4.1,123,0
2025-09-23,iOS,DE,Organic,4.2,416,214
2025-09-23,iOS,DE,Organic,4.1,516,0
2025-09-23,iOS,DE,Paid Social,4.2,239,122
2025-09-23,iOS,DE,Paid Social,4.1,296,0
2025-09-23,iOS,DE,Push Notification,4.2,187,95
2025-09-23,iOS,DE,Push Notification,4.1,232,0
2025-09-23,iOS,DE,Referral,4.2,89,45
2025-09-23,iOS,DE,Referral,4.1,111,0
2025-09-23,iOS,IN,Organic,4.2,787,404
2025-09-23,iOS,IN,Organic,4.1,975,0
2025-09-23,iOS,IN,Paid Social,4.2,422,217
2025-09-23,iOS,IN,Paid Social,4.1,523,0
2025-09-23,iOS,IN,Push Notification,4.2,351,180
2025-09-23,iOS,IN,Push Notification,4.1,436,0
2025-09-23,iOS,IN,Referral,4.2,180,92
2025-09-23,iOS,IN,Referral,4.1,224,0
2025-09-23,iOS,BR,Organic,4.2,525,269
2025-09-23,iOS,BR,Organic,4.1,651,0
2025-09-23,iOS,BR,Paid Social,4.2,282,144
2025-09-23,iOS,BR,Paid Social,4.1,349,0
2025-09-23,iOS,BR,Push Notification,4.2,245,125
2025-09-23,iOS,BR,Push Notification,4.1,304,0
2025-09-23,iOS,BR,Referral,4.2,112,57
2025-09-23,iOS,BR,Referral,4.1,139,0
2025-09-23,Android,US,Organic,N/A,2973,0
2025-09-23,Android,US,Paid Social,N/A,1762,0
2025-09-23,Android,US,Push Notification,N/A,1369,0
2025-09-23,Android,US,Referral,N/A,690,0
2025-09-23,Android,UK,Organic,N/A,1263,0
2025-09-23,Android,UK,Paid Social,N/A,737,0
2025-09-23,Android,UK,Push Notification,N/A,557,0
2025-09-23,Android,UK,Referral,N/A,298,0
2025-09-23,Android,DE,Organic,N/A,1074,0
2025-09-23,Android,DE,Paid Social,N/A,598,0
2025-09-23,Android,DE,Push Notification,N/A,470,0
2025-09-23,Android,DE,Referral,N/A,261,0
2025-09-23,Android,IN,Organic,N/A,1955,0
2025-09-23,Android,IN,Paid Social,N/A,1102,0
2025-09-23,Android,IN,Push Notification,N/A,865,0
2025-09-23,Android,IN,Referral,N/A,473,0
2025-09-23,Android,BR,Organic,N/A,1277,0
2025-09-23,Android,BR,Paid Social,N/A,719,0
2025-09-23,Android,BR,Push Notification,N/A,589,0
2025-09-23,Android,BR,Referral,N/A,270,0
2025-09-23,Web,US,Organic,N/A,1566,0
2025-09-23,Web,US,Paid Social,N/A,872,0
2025-09-23,Web,US,Push Notification,N/A,729,0
2025-09-23,Web,US,Referral,N/A,382,0
2025-09-23,Web,UK,Organic,N/A,681,0
2025-09-23,Web,UK,Paid Social,N/A,336,0
2025-09-23,Web,UK,Push Notification,N/A,281,0
2025-09-23,Web,UK,Referral,N/A,147,0
2025-09-23,Web,DE,Organic,N/A,540,0
2025-09-23,Web,DE,Paid Social,N/A,288,0
2025-09-23,Web,DE,Push Notification,N/A,241,0
2025-09-23,Web,DE,Referral,N/A,125,0
2025-09-23,Web,IN,Organic,N/A,1045,0
2025-09-23,Web,IN,Paid Social,N/A,583,0
2025-09-23,Web,IN,Push Notification,N/A,431,0
2025-09-23,Web,IN,Referral,N/A,239,0
2025-09-23,Web,BR,Organic,N/A,700,0
2025-09-23,Web,BR,Paid Social,N/A,366,0
2025-09-23,Web,BR,Push Notification,N/A,287,0
2025-09-23,Web,BR,Referral,N/A,139,0
2025-09-24,iOS,US,Organic,4.2,1128,580
2025-09-24,iOS,US,Organic,4.1,1398,0
2025-09-24,iOS,US,Paid Social,4.2,616,317
2025-09-24,iOS,US,Paid Social,4.1,764,0
2025-09-24,iOS,US,Push Notification,4.2,504,259
2025-09-24,iOS,US,Push Notification,4.1,625,0
2025-09-24,iOS,US,Referral,4.2,245,126
2025-09-24,iOS,US,Referral,4.1,304,0
2025-09-24,iOS,UK,Organic,4.2,496,255
2025-09-24,iOS,UK,Organic,4.1,615,0
2025-09-24,iOS,UK,Paid Social,4.2,271,139
2025-09-24,iOS,UK,Paid Social,4.1,337,0
2025-09-24,iOS,UK,Push Notification,4.2,220,112
2025-09-24,iOS,UK,Push Notification,4.1,272,0
2025-09-24,iOS,UK,Referral,4.2,107,54
2025-09-24,iOS,UK,Referral,4.1,132,0
2025-09-24,iOS,DE,Organic,4.2,396,203
2025-09-24,iOS,DE,Organic,4.1,491,0
2025-09-24,iOS,DE,Paid Social,4.2,216,110
2025-09-24,iOS,DE,Paid Social,4.1,267,0
2025-09-24,iOS,DE,Push Notification,4.2,171,87
2025-09-24,iOS,DE,Push Notification,4.1,212,0
2025-09-24,iOS,DE,Referral,4.2,82,41
2025-09-24,iOS,DE,Referral,4.1,101,0
2025-09-24,iOS,IN,Organic,4.2,746,384
2025-09-24,iOS,IN,Organic,4.1,925,0
2025-09-24,iOS,IN,Paid Social,4.2,398,205
2025-09-24,iOS,IN,Paid Social,4.1,495,0
2025-09-24,iOS,IN,Push Notification,4.2,319,163
2025-09-24,iOS,IN,Push Notification,4.1,396,0
2025-09-24,iOS,IN,Referral,4.2,162,83
2025-09-24,iOS,IN,Referral,4.1,201,0
2025-09-24,iOS,BR,Organic,4.2,473,243
2025-09-24,iOS,BR,Organic,4.1,587,0
2025-09-24,iOS,BR,Paid Social,4.2,256,131
2025-09-24,iOS,BR,Paid Social,4.1,317,0
2025-09-24,iOS,BR,Push Notification,4.2,202,104
2025-09-24,iOS,BR,Push Notification,4.1,252,0
2025-09-24,iOS,BR,Referral,4.2,107,55
2025-09-24,iOS,BR,Referral,4.1,133,0
2025-09-24,Android,US,Organic,N/A,2667,0
2025-09-24,Android,US,Paid Social,N/A,1567,0
2025-09-24,Android,US,Push Notification,N/A,1187,0
2025-09-24,Android,US,Referral,N/A,598,0
2025-09-24,Android,UK,Organic,N/A,1162,0
2025-09-24,Android,UK,Paid Social,N/A,607,0
2025-09-24,Android,UK,Push Notification,N/A,481,0
2025-09-24,Android,UK,Referral,N/A,228,0
2025-09-24,Android,DE,Organic,N/A,931,0
2025-09-24,Android,DE,Paid Social,N/A,528,0
2025-09-24,Android,DE,Push Notification,N/A,434,0
2025-09-24,Android,DE,Referral,N/A,201,0
2025-09-24,Android,IN,Organic,N/A,1751,0
2025-09-24,Android,IN,Paid Social,N/A,935,0
2025-09-24,Android,IN,Push Notification,N/A,823,0
2025-09-24,Android,IN,Referral,N/A,376,0
2025-09-24,Android,BR,Organic,N/A,1128,0
2025-09-24,Android,BR,Paid Social,N/A,630,0
2025-09-24,Android,BR,Push Notification,N/A,482,0
2025-09-24,Android,BR,Referral,N/A,257,0
2025-09-24,Web,US,Organic,N/A,1495,0
2025-09-24,Web,US,Paid Social,N/A,867,0
2025-09-24,Web,US,Push Notification,N/A,700,0
2025-09-24,Web,US,Referral,N/A,343,0
2025-09-24,Web,UK,Organic,N/A,656,0
2025-09-24,Web,UK,Paid Social,N/A,344,0
2025-09-24,Web,UK,Push Notification,N/A,271,0
2025-09-24,Web,UK,Referral,N/A,138,0
2025-09-24,Web,DE,Organic,N/A,543,0
2025-09-24,Web,DE,Paid Social,N/A,292,0
2025-09-24,Web,DE,Push Notification,N/A,255,0
2025-09-24,Web,DE,Referral,N/A,116,0
2025-09-24,Web,IN,Organic,N/A,1041,0
2025-09-24,Web,IN,Paid Social,N/A,561,0
2025-09-24,Web,IN,Push Notification,N/A,448,0
2025-09-24,Web,IN,Referral,N/A,234,0
2025-09-24,Web,BR,Organic,N/A,645,0
2025-09-24,Web,BR,Paid Social,N/A,375,0
2025-09-24,Web,BR,Push Notification,N/A,277,0
2025-09-24,Web,BR,Referral,N/A,152,0
2025-09-25,iOS,US,Organic,4.2,1206,620
2025-09-25,iOS,US,Organic,4.1,1494,0
2025-09-25,iOS,US,Paid Social,4.2,696,358
2025-09-25,iOS,US,Paid Social,4.1,864,0
2025-09-25,iOS,US,Push Notification,4.2,539,277
2025-09-25,iOS,US,Push Notification,4.1,669,0
2025-09-25,iOS,US,Referral,4.2,260,133
2025-09-25,iOS,US,Referral,4.1,322,0
2025-09-25,iOS,UK,Organic,4.2,515,264
2025-09-25,iOS,UK,Organic,4.1,639,0
2025-09-25,iOS,UK,Paid Social,4.2,288,148
2025-09-25,iOS,UK,Paid Social,4.1,357,0
2025-09-25,iOS,UK,Push Notification,4.2,237,122
2025-09-25,iOS,UK,Push Notification,4.1,294,0
2025-09-25,iOS,UK,Referral,4.2,118,60
2025-09-25,iOS,UK,Referral,4.1,147,0
2025-09-25,iOS,DE,Organic,4.2,402,207
2025-09-25,iOS,DE,Organic,4.1,500,0
2025-09-25,iOS,DE,Paid Social,4.2,239,122
2025-09-25,iOS,DE,Paid Social,4.1,296,0
2025-09-25,iOS,DE,Push Notification,4.2,184,94
2025-09-25,iOS,DE,Push Notification,4.1,229,0
2025-09-25,iOS,DE,Referral,4.2,99,50
2025-09-25,iOS,DE,Referral,4.1,122,0
2025-09-25,iOS,IN,Organic,4.2,822,422
2025-09-25,iOS,IN,Organic,4.1,1019,0
2025-09-25,iOS,IN,Paid Social,4.2,444,228
2025-09-25,iOS,IN,Paid Social,4.1,551,0
2025-09-25,iOS,IN,Push Notification,4.2,348,178
2025-09-25,iOS,IN,Push Notification,4.1,431,0
2025-09-25,iOS,IN,Referral,4.2,178,91
2025-09-25,iOS,IN,Referral,4.1,221,0
2025-09-25,iOS,BR,Organic,4.2,521,268
2025-09-25,iOS,BR,Organic,4.1,647,0
2025-09-25,iOS,BR,Paid Social,4.2,285,146
2025-09-25,iOS,BR,Paid Social,4.1,353,0
2025-09-25,iOS,BR,Push Notification,4.2,239,122
2025-09-25,iOS,BR,Push Notification,4.1,296,0
2025-09-25,iOS,BR,Referral,4.2,113,58
2025-09-25,iOS,BR,Referral,4.1,141,0
2025-09-25,Android,US,Organic,N/A,2961,0
2025-09-25,Android,US,Paid Social,N/A,1641,0
2025-09-25,Android,US,Push Notification,N/A,1355,0
2025-09-25,Android,US,Referral,N/A,600,0
2025-09-25,Android,UK,Organic,N/A,1263,0
2025-09-25,Android,UK,Paid Social,N/A,650,0
2025-09-25,Android,UK,Push Notification,N/A,600,0
2025-09-25,Android,UK,Referral,N/A,318,0
2025-09-25,Android,DE,Organic,N/A,1034,0
2025-09-25,Android,DE,Paid Social,N/A,548,0
2025-09-25,Android,DE,Push Notification,N/A,455,0
2025-09-25,Android,DE,Referral,N/A,218,0
2025-09-25,Android,IN,Organic,N/A,1960,0
2025-09-25,Android,IN,Paid Social,N/A,1124,0
2025-09-25,Android,IN,Push Notification,N/A,830,0
2025-09-25,Android,IN,Referral,N/A,416,0
2025-09-25,Android,BR,Organic,N/A,1224,0
2025-09-25,Android,BR,Paid Social,N/A,654,0
2025-09-25,Android,BR,Push Notification,N/A,618,0
2025-09-25,Android,BR,Referral,N/A,264,0
2025-09-25,Web,US,Organic,N/A,1584,0
2025-09-25,Web,US,Paid Social,N/A,910,0
2025-09-25,Web,US,Push Notification,N/A,715,0
2025-09-25,Web,US,Referral,N/A,362,0
2025-09-25,Web,UK,Organic,N/A,687,0
2025-09-25,Web,UK,Paid Social,N/A,407,0
2025-09-25,Web,UK,Push Notification,N/A,315,0
2025-09-25,Web,UK,Referral,N/A,171,0
2025-09-25,Web,DE,Organic,N/A,519,0
2025-09-25,Web,DE,Paid Social,N/A,328,0
2025-09-25,Web,DE,Push Notification,N/A,239,0
2025-09-25,Web,DE,Referral,N/A,120,0
2025-09-25,Web,IN,Organic,N/A,1076,0
2025-09-25,Web,IN,Paid Social,N/A,592,0
2025-09-25,Web,IN,Push Notification,N/A,495,0
2025-09-25,Web,IN,Referral,N/A,250,0
2025-09-25,Web,BR,Organic,N/A,681,0
2025-09-25,Web,BR,Paid Social,N/A,373,0
2025-09-25,Web,BR,Push Notification,N/A,312,0
2025-09-25,Web,BR,Referral,N/A,150,0
2025-09-26,iOS,US,Organic,4.2,1153,593
2025-09-26,iOS,US,Organic,4.1,1429,0
2025-09-26,iOS,US,Paid Social,4.2,640,329
2025-09-26,iOS,US,Paid Social,4.1,793,0
2025-09-26,iOS,US,Push Notification,4.2,509,262
2025-09-26,iOS,US,Push Notification,4.1,632,0
2025-09-26,iOS,US,Referral,4.2,276,142
2025-09-26,iOS,US,Referral,4.1,343,0
2025-09-26,iOS,UK,Organic,4.2,511,263
2025-09-26,iOS,UK,Organic,4.1,635,0
2025-09-26,iOS,UK,Paid Social,4.2,286,147
2025-09-26,iOS,UK,Paid Social,4.1,355,0
2025-09-26,iOS,UK,Push Notification,4.2,234,120
2025-09-26,iOS,UK,Push Notification,4.1,290,0
2025-09-26,iOS,UK,Referral,4.2,119,60
2025-09-26,iOS,UK,Referral,4.1,148,0
2025-09-26,iOS,DE,Organic,4.2,424,218
2025-09-26,iOS,DE,Organic,4.1,526,0
2025-09-26,iOS,DE,Paid Social,4.2,218,112
2025-09-26,iOS,DE,Paid Social,4.1,270,0
2025-09-26,iOS,DE,Push Notification,4.2,173,89
2025-09-26,iOS,DE,Push Notification,4.1,216,0
2025-09-26,iOS,DE,Referral,4.2,97,49
2025-09-26,iOS,DE,Referral,4.1,121,0
2025-09-26,iOS,IN,Organic,4.2,767,394
2025-09-26,iOS,IN,Organic,4.1,950,0
2025-09-26,iOS,IN,Paid Social,4.2,433,223
2025-09-26,iOS,IN,Paid Social,4.1,537,0
2025-09-26,iOS,IN,Push Notification,4.2,344,177
2025-09-26,iOS,IN,Push Notification,4.1,428,0
2025-09-26,iOS,IN,Referral,4.2,177,90
2025-09-26,iOS,IN,Referral,4.1,219,0
2025-09-26,iOS,BR,Organic,4.2,499,257
2025-09-26,iOS,BR,Organic,4.1,620,0
2025-09-26,iOS,BR,Paid Social,4.2,271,139
2025-09-26,iOS,BR,Paid Social,4.1,336,0
2025-09-26,iOS,BR,Push Notification,4.2,222,113
2025-09-26,iOS,BR,Push Notification,4.1,275,0
2025-09-26,iOS,BR,Referral,4.2,107,55
2025-09-26,iOS,BR,Referral,4.1,134,0
2025-09-26,Android,US,Organic,N/A,2940,0
2025-09-26,Android,US,Paid Social,N/A,1591,0
2025-09-26,Android,US,Push Notification,N/A,1272,0
2025-09-26,Android,US,Referral,N/A,659,0
2025-09-26,Android,UK,Organic,N/A,1337,0
2025-09-26,Android,UK,Paid Social,N/A,675,0
2025-09-26,Android,UK,Push Notification,N/A,546,0
2025-09-26,Android,UK,Referral,N/A,266,0
2025-09-26,Android,DE,Organic,N/A,963,0
2025-09-26,Android,DE,Paid Social,N/A,537,0
2025-09-26,Android,DE,Push Notification,N/A,495,0
2025-09-26,Android,DE,Referral,N/A,227,0
2025-09-26,Android,IN,Organic,N/A,1955,0
2025-09-26,Android,IN,Paid Social,N/A,1063,0
2025-09-26,Android,IN,Push Notification,N/A,860,0
2025-09-26,Android,IN,Referral,N/A,404,0
2025-09-26,Android,BR,Organic,N/A,1224,0
2025-09-26,Android,BR,Paid Social,N/A,663,0
2025-09-26,Android,BR,Push Notification,N/A,528,0
2025-09-26,Android,BR,Referral,N/A,286,0
2025-09-26,Web,US,Organic,N/A,1474,0
2025-09-26,Web,US,Paid Social,N/A,834,0
2025-09-26,Web,US,Push Notification,N/A,679,0
2025-09-26,Web,US,Referral,N/A,311,0
2025-09-26,Web,UK,Organic,N/A,660,0
2025-09-26,Web,UK,Paid Social,N/A,366,0
2025-09-26,Web,UK,Push Notification,N/A,299,0
2025-09-26,Web,UK,Referral,N/A,146,0
2025-09-26,Web,DE,Organic,N/A,491,0
2025-09-26,Web,DE,Paid Social,N/A,317,0
2025-09-26,Web,DE,Push Notification,N/A,213,0
2025-09-26,Web,DE,Referral,N/A,119,0
2025-09-26,Web,IN,Organic,N/A,1017,0
2025-09-26,Web,IN,Paid Social,N/A,570,0
2025-09-26,Web,IN,Push Notification,N/A,419,0
2025-09-26,Web,IN,Referral,N/A,230,0
2025-09-26,Web,BR,Organic,N/A,709,0
2025-09-26,Web,BR,Paid Social,N/A,354,0
2025-09-26,Web,BR,Push Notification,N/A,309,0
2025-09-26,Web,BR,Referral,N/A,136,0
2025-09-27,iOS,US,Organic,4.2,1072,551
2025-09-27,iOS,US,Organic,4.1,1329,0
2025-09-27,iOS,US,Paid Social,4.2,575,296
2025-09-27,iOS,US,Paid Social,4.1,714,0
2025-09-27,iOS,US,Push Notification,4.2,455,234
2025-09-27,iOS,US,Push Notification,4.1,565,0
2025-09-27,iOS,US,Referral,4.2,227,116
2025-09-27,iOS,US,Referral,4.1,282,0
2025-09-27,iOS,UK,Organic,4.2,450,231
2025-09-27,iOS,UK,Organic,4.1,558,0
2025-09-27,iOS,UK,Paid Social,4.2,240,123
2025-09-27,iOS,UK,Paid Social,4.1,298,0
2025-09-27,iOS,UK,Push Notification,4.2,198,102
2025-09-27,iOS,UK,Push Notification,4.1,247,0
2025-09-27,iOS,UK,Referral,4.2,94,47
2025-09-27,iOS,UK,Referral,4.1,116,0
2025-09-27,iOS,DE,Organic,4.2,368,189
2025-09-27,iOS,DE,Organic,4.1,456,0
2025-09-27,iOS,DE,Paid Social,4.2,195,100
2025-09-27,iOS,DE,Paid Social,4.1,243,0
2025-09-27,iOS,DE,Push Notification,4.2,157,80
2025-09-27,iOS,DE,Push Notification,4.1,195,0
2025-09-27,iOS,DE,Referral,4.2,68,35
2025-09-27,iOS,DE,Referral,4.1,86,0
2025-09-27,iOS,IN,Organic,4.2,665,342
2025-09-27,iOS,IN,Organic,4.1,824,0
2025-09-27,iOS,IN,Paid Social,4.2,379,194
2025-09-27,iOS,IN,Paid Social,4.1,470,0
2025-09-27,iOS,IN,Push Notification,4.2,286,146
2025-09-27,iOS,IN,Push Notification,4.1,354,0
2025-09-27,iOS,IN,Referral,4.2,153,78
2025-09-27,iOS,IN,Referral,4.1,190,0
2025-09-27,iOS,BR,Organic,4.2,474,243
2025-09-27,iOS,BR,Organic,4.1,587,0
2025-09-27,iOS,BR,Paid Social,4.2,261,134
2025-09-27,iOS,BR,Paid Social,4.1,324,0
2025-09-27,iOS,BR,Push Notification,4.2,204,105
2025-09-27,iOS,BR,Push Notification,4.1,254,0
2025-09-27,iOS,BR,Referral,4.2,99,50
2025-09-27,iOS,BR,Referral,4.1,122,0
2025-09-27,Android,US,Organic,N/A,2677,0
2025-09-27,Android,US,Paid Social,N/A,1545,0
2025-09-27,Android,US,Push Notification,N/A,1277,0
2025-09-27,Android,US,Referral,N/A,611,0
2025-09-27,Android,UK,Organic,N/A,1178,0
2025-09-27,Android,UK,Paid Social,N/A,568,0
2025-09-27,Android,UK,Push Notification,N/A,541,0
2025-09-27,Android,UK,Referral,N/A,256,0
2025-09-27,Android,DE,Organic,N/A,948,0
2025-09-27,Android,DE,Paid Social,N/A,567,0
2025-09-27,Android,DE,Push Notification,N/A,408,0
2025-09-27,Android,DE,Referral,N/A,222,0
2025-09-27,Android,IN,Organic,N/A,1868,0
2025-09-27,Android,IN,Paid Social,N/A,995,0
2025-09-27,Android,IN,Push Notification,N/A,861,0
2025-09-27,Android,IN,Referral,N/A,417,0
2025-09-27,Android,BR,Organic,N/A,1168,0
2025-09-27,Android,BR,Paid Social,N/A,643,0
2025-09-27,Android,BR,Push Notification,N/A,541,0
2025-09-27,Android,BR,Referral,N/A,257,0
2025-09-27,Web,US,Organic,N/A,1457,0
2025-09-27,Web,US,Paid Social,N/A,807,0
2025-09-27,Web,US,Push Notification,N/A,598,0
2025-09-27,Web,US,Referral,N/A,338,0
2025-09-27,Web,UK,Organic,N/A,602,0
2025-09-27,Web,UK,Paid Social,N/A,316,0
2025-09-27,Web,UK,Push Notification,N/A,276,0
2025-09-27,Web,UK,Referral,N/A,111,0
2025-09-27,Web,DE,Organic,N/A,450,0
2025-09-27,Web,DE,Paid Social,N/A,256,0
2025-09-27,Web,DE,Push Notification,N/A,209,0
2025-09-27,Web,DE,Referral,N/A,117,0
2025-09-27,Web,IN,Organic,N/A,935,0
2025-09-27,Web,IN,Paid Social,N/A,505,0
2025-09-27,Web,IN,Push Notification,N/A,392,0
2025-09-27,Web,IN,Referral,N/A,203,0
2025-09-27,Web,BR,Organic,N/A,637,0
2025-09-27,Web,BR,Paid Social,N/A,359,0
2025-09-27,Web,BR,Push Notification,N/A,286,0
2025-09-27,Web,BR,Referral,N/A,119,0
2025-09-28,iOS,US,Organic,4.2,1039,534
2025-09-28,iOS,US,Organic,4.1,1287,0
2025-09-28,iOS,US,Paid Social,4.2,614,315
2025-09-28,iOS,US,Paid Social,4.1,761,0
2025-09-28,iOS,US,Push Notification,4.2,460,236
2025-09-28,iOS,US,Push Notification,4.1,571,0
2025-09-28,iOS,US,Referral,4.2,262,134
2025-09-28,iOS,US,Referral,4.1,325,0
2025-09-28,iOS,UK,Organic,4.2,457,234
2025-09-28,iOS,UK,Organic,4.1,566,0
2025-09-28,iOS,UK,Paid Social,4.2,253,129
2025-09-28,iOS,UK,Paid Social,4.1,314,0
2025-09-28,iOS,UK,Push Notification,4.2,211,108
2025-09-28,iOS,UK,Push Notification,4.1,262,0
2025-09-28,iOS,UK,Referral,4.2,107,55
2025-09-28,iOS,UK,Referral,4.1,133,0
2025-09-28,iOS,DE,Organic,4.2,363,186
2025-09-28,iOS,DE,Organic,4.1,450,0
2025-09-28,iOS,DE,Paid Social,4.2,205,105
2025-09-28,iOS,DE,Paid Social,4.1,254,0
2025-09-28,iOS,DE,Push Notification,4.2,154,78
2025-09-28,iOS,DE,Push Notification,4.1,191,0
2025-09-28,iOS,DE,Referral,4.2,84,42
2025-09-28,iOS,DE,Referral,4.1,104,0
2025-09-28,iOS,IN,Organic,4.2,684,351
2025-09-28,iOS,IN,Organic,4.1,848,0
2025-09-28,iOS,IN,Paid Social,4.2,392,201
2025-09-28,iOS,IN,Paid Social,4.1,486,0
2025-09-28,iOS,IN,Push Notification,4.2,303,155
2025-09-28,iOS,IN,Push Notification,4.1,375,0
2025-09-28,iOS,IN,Referral,4.2,151,77
2025-09-28,iOS,IN,Referral,4.1,187,0
2025-09-28,iOS,BR,Organic,4.2,468,241
2025-09-28,iOS,BR,Organic,4.1,581,0
2025-09-28,iOS,BR,Paid Social,4.2,270,139
2025-09-28,iOS,BR,Paid Social,4.1,336,0
2025-09-28,iOS,BR,Push Notification,4.2,211,108
2025-09-28,iOS,BR,Push Notification,4.1,261,0
2025-09-28,iOS,BR,Referral,4.2,93,47
2025-09-28,iOS,BR,Referral,4.1,116,0
2025-09-28,Android,US,Organic,N/A,2707,0
2025-09-28,Android,US,Paid Social,N/A,1471,0
2025-09-28,Android,US,Push Notification,N/A,1175,0
2025-09-28,Android,US,Referral,N/A,602,0
2025-09-28,Android,UK,Organic,N/A,1198,0
2025-09-28,Android,UK,Paid Social,N/A,660,0
2025-09-28,Android,UK,Push Notification,N/A,489,0
2025-09-28,Android,UK,Referral,N/A,272,0
2025-09-28,Android,DE,Organic,N/A,909,0
2025-09-28,Android,DE,Paid Social,N/A,472,0
2025-09-28,Android,DE,Push Notification,N/A,430,0
2025-09-28,Android,DE,Referral,N/A,205,0
2025-09-28,Android,IN,Organic,N/A,1824,0
2025-09-28,Android,IN,Paid Social,N/A,979,0
2025-09-28,Android,IN,Push Notification,N/A,753,0
2025-09-28,Android,IN,Referral,N/A,408,0
2025-09-28,Android,BR,Organic,N/A,1138,0
2025-09-28,Android,BR,Paid Social,N/A,637,0
2025-09-28,Android,BR,Push Notification,N/A,481,0
2025-09-28,Android,BR,Referral,N/A,266,0
2025-09-28,Web,US,Organic,N/A,1350,0
2025-09-28,Web,US,Paid Social,N/A,780,0
2025-09-28,Web,US,Push Notification,N/A,520,0
2025-09-28,Web,US,Referral,N/A,313,0
2025-09-28,Web,UK,Organic,N/A,548,0
2025-09-28,Web,UK,Paid Social,N/A,298,0
2025-09-28,Web,UK,Push Notification,N/A,272,0
2025-09-28,Web,UK,Referral,N/A,146,0
2025-09-28,Web,DE,Organic,N/A,420,0
2025-09-28,Web,DE,Paid Social,N/A,284,0
2025-09-28,Web,DE,Push Notification,N/A,193,0
2025-09-28,Web,DE,Referral,N/A,99,0
2025-09-28,Web,IN,Organic,N/A,907,0
2025-09-28,Web,IN,Paid Social,N/A,501,0
2025-09-28,Web,IN,Push Notification,N/A,417,0
2025-09-28,Web,IN,Referral,N/A,179,0
2025-09-28,Web,BR,Organic,N/A,589,0
2025-09-28,Web,BR,Paid Social,N/A,339,0
2025-09-28,Web,BR,Push Notification,N/A,246,0
2025-09-28,Web,BR,Referral,N/A,124,0
